#{"t_start": 1788663835.1952693, "env_id": "None"}
r,l,t
-1861.8691,250,18.545364
-1849.1545,250,18.546365
-970.19336,250,18.546365
-2000.443,250,18.546365
-1896.4465,250,18.547384
-4805.3374,250,18.547384
-1640.8942,250,18.547384
-4151.463,250,29.707775
-1762.4929,250,29.707775
-1854.9889,250,29.707775
-1671.2961,250,29.708779
-1380.0673,250,29.708779
-2328.051,250,29.708779
-3268.2878,250,29.708779
-1467.1824,76,33.188813
-2740.1772,250,41.257866
-3332.1643,250,41.257866
-3685.0906,250,41.257866
-2278.8196,250,41.257866
-2027.3751,250,41.257866
-2672.9092,250,41.257866
-4647.355,250,46.101322
-4424.93,250,54.470089
-2100.5913,250,54.470089
-3999.805,250,54.470089
-2285.8413,250,54.470089
-1612.6733,250,54.47109
-3714.3586,250,54.480703
-3287.4504,250,60.867911
-2416.853,250,70.546397
-1419.9302,250,70.547402
-2809.3855,250,70.547402
-3139.271,250,70.547402
-2839.1582,250,70.547402
-2890.18,250,70.547402
-1707.1892,250,78.32734
-1725.6108,250,89.009103
-3767.2056,250,89.009103
-1976.1067,250,89.009103
-2106.5396,250,89.009103
-2815.9526,250,89.009103
-1631.113,250,89.009103
-3535.0815,250,93.240541
-1062.5574,250,100.934803
-1797.6688,250,100.934803
-1206.5454,250,100.934803
-2715.601,250,100.934803
-2069.2712,250,100.934803
-2036.2505,250,100.934803
-2097.4321,250,103.894468
-1508.4854,250,110.556329
-2714.0137,250,110.556329
-2245.606,250,110.556329
-1431.7954,250,110.556329
-3006.3667,250,110.556329
-2353.4949,250,110.556329
-1968.9651,250,115.557822
-1768.8341,250,121.992047
-1810.8763,250,121.992047
-1746.57,250,121.992047
-1055.2716,250,121.992047
-2000.9293,250,121.992047
-1707.8918,250,121.992047
-2692.157,250,124.97876
-3299.4473,250,131.646173
-748.9594,250,131.646173
-1875.2416,250,131.646173
-2401.457,250,131.646173
-1309.5883,250,131.646173
-1551.4113,250,131.646173
-1786.7574,250,134.632744
-2517.4136,250,141.487495
-2023.5552,250,141.488497
-1206.3369,250,141.488497
-1565.6559,250,141.488497
-2730.259,250,141.488497
-1056.4266,250,141.488497
-877.4497,250,144.518788
-1602.3551,250,151.174057
-1770.72,250,151.175056
-1545.021,250,151.175056
-849.098,250,151.175056
-1291.4788,250,151.175056
-1261.3383,250,151.175056
-2507.306,250,156.221874
-1808.1544,250,162.436736
-1319.116,250,162.436736
-1819.2917,250,162.436736
-1558.7273,250,162.436736
-1614.118,250,162.436736
-1590.4353,250,162.436736
-1964.5464,250,165.573768
-956.6403,250,172.284056
-1077.5568,250,172.284056
-1230.6008,250,172.284056
-1148.4618,250,172.284056
-1021.9207,250,172.284056
-790.06146,250,172.284056
-809.4108,250,175.443399
-936.7216,250,182.430024
-940.2229,250,182.430024
-2431.2031,250,182.430024
-1400.0322,250,182.430024
-886.27954,250,182.430024
-1139.2295,250,182.430024
-1360.7115,250,185.699143
-1080.1294,250,192.73917
-1306.2269,250,192.73917
-1076.9835,250,192.73917
-833.2045,250,192.73917
-865.4593,250,192.73917
-2051.6475,250,192.73917
-1050.0999,250,195.729608
-1633.8125,250,204.100506
-2189.9485,250,204.100506
-1311.1508,250,204.100506
-1245.7651,250,204.100506
-606.2669,250,204.100506
-934.61804,250,204.100506
-747.815,250,207.037429
-1266.4133,250,213.640969
-711.50555,250,213.640969
-1350.0613,250,213.640969
-1028.6124,250,213.640969
-1659.7156,250,213.640969
-1602.0599,250,213.640969
-1227.4617,250,216.588064
-1430.6703,250,223.373631
-2207.4307,250,223.373631
-835.91034,250,223.373631
-1775.5901,250,223.373631
-2307.0862,250,223.374632
-672.65045,250,223.374632
-722.51544,250,226.307419
-1144.6792,250,233.891618
-896.7276,250,233.892643
-1239.3903,250,233.892643
-622.1935,250,233.892643
-1963.5032,250,233.892643
-1246.9231,250,233.892643
-775.8507,250,238.527495
-1170.9043,250,252.190416
-1135.2605,250,252.190416
-1193.5892,250,252.190416
-856.14276,250,252.190416
-1171.0703,250,252.190416
-1052.9216,250,252.190416
-616.7726,250,255.415782
-642.9262,250,263.026461
-881.43555,250,263.026461
-828.7688,250,263.026461
-1251.2361,250,263.026461
-1088.5995,250,263.026461
-1021.4739,250,263.026461
-1355.3628,250,266.214123
-1115.9551,250,274.790465
-846.0038,250,274.790465
-1238.2667,250,274.791467
-793.27356,250,274.791467
-1209.454,250,274.791467
-1028.7426,250,274.791467
-768.30566,250,278.638188
-636.29596,250,286.897778
-1009.6298,250,286.897778
-799.0662,250,286.897778
-847.1496,250,286.898823
-588.50775,250,286.898823
-695.0682,250,286.898823
-1089.0488,250,290.231633
-1375.412,250,299.699626
-766.5154,250,299.699626
-675.51776,250,299.699626
-1202.2804,250,299.699626
-539.0312,250,299.699626
-767.26447,250,299.699626
-881.57227,250,303.368333
-869.7619,250,312.208419
-707.18365,250,312.208419
-728.0531,250,312.208419
-1043.1289,250,312.208419
-1103.04,250,312.208419
-997.60913,250,312.208419
-715.405,250,315.898258
-446.26013,250,327.814317
-973.8385,250,327.814317
-1007.0258,250,327.814317
-1187.5497,250,327.815319
-776.19855,250,327.815319
-578.4717,250,327.815319
-801.6467,250,332.101731
-705.6567,250,340.539819
-751.8579,250,340.539819
-683.20935,250,340.539819
-753.8759,250,340.539819
-648.59015,250,340.539819
-782.45624,250,340.539819
-469.23703,250,343.980158
-1008.75146,250,355.612793
-620.7801,250,355.612793
-966.9263,250,355.612793
-582.4908,250,355.612793
-1096.109,250,355.612793
-922.45844,250,355.612793
-786.88794,250,358.67725
-897.948,250,365.484552
-698.8192,250,365.485551
-686.6575,250,365.485551
-526.6223,250,365.485551
-639.72064,250,365.485551
-860.0783,250,365.485551
-529.63513,250,368.506248
-657.9396,250,375.213163
-786.10016,250,375.213163
-531.8335,250,375.213163
-747.6139,250,375.213163
-683.97327,250,375.213163
-978.25604,250,375.213163
-423.41254,250,378.16702
-662.57074,250,384.773096
-802.02655,250,384.773096
-971.88385,250,384.773096
-854.4122,250,384.773096
-677.8019,250,384.773096
-727.97876,250,384.773096
-763.91016,250,387.549353
-630.1499,250,396.011261
-630.9909,250,396.011261
-731.817,250,396.011261
-679.2369,250,396.011261
-581.9539,250,396.011261
-510.4953,250,396.011261
-738.098,250,399.084562
-670.73615,250,405.887662
-684.60126,250,405.887662
-748.3041,250,405.887662
-536.8502,250,405.887662
-581.6825,250,405.887662
-585.38336,250,405.887662
-494.519,250,408.549976
-617.18134,250,415.02079
-787.8322,250,415.021794
-721.93964,250,415.021794
-618.9271,250,415.021794
-584.1676,250,415.021794
-611.6849,250,415.021794
-839.91364,250,418.023737
-531.05566,250,424.440865
-681.41003,250,424.440865
-633.97723,250,424.440865
-607.45013,250,424.440865
-664.0108,250,424.440865
-588.9201,250,424.440865
-536.0642,250,427.197571
-797.86597,250,436.167647
-636.346,250,436.167647
-685.1411,250,436.167647
-515.4708,250,436.167647
-531.56335,250,436.167647
-520.3838,250,436.167647
-541.53577,250,438.975713
-438.0431,250,445.695952
-747.7523,250,445.695952
-504.56787,250,445.695952
-500.00717,250,445.695952
-575.2484,250,445.695952
-304.9613,250,445.695952
-439.6094,250,448.52453
-683.6799,250,455.041426
-590.0935,250,455.041426
-487.5161,250,455.041426
-499.55664,250,455.041426
-547.36865,250,455.041426
-606.26495,250,455.041426
-686.076,250,457.978021
-695.6868,250,464.607245
-586.53156,250,464.607245
-599.7689,250,464.607245
-547.64294,250,464.607245
-447.74414,250,464.607245
-697.8496,250,464.607245
-571.1976,250,467.381541
-586.5078,250,475.711461
-446.9536,250,475.711461
-706.5695,250,475.711461
-567.7388,250,475.711461
-431.6554,250,475.711461
-511.4786,250,475.711461
-509.0243,250,478.056985
-510.1944,250,484.666316
-439.34885,250,484.666316
-598.85626,250,484.666316
-473.75293,250,484.666316
-524.6486,250,484.666316
-437.44128,250,484.666316
-454.2734,250,487.685511
-453.42728,250,494.885905
-491.02734,250,494.885905
-344.78336,250,494.885905
-472.98602,250,494.885905
-595.5676,250,494.885905
-508.38077,250,494.885905
-452.98126,250,497.928782
-611.10205,250,504.587806
-511.92166,250,504.587806
-469.8571,250,504.587806
-471.49472,250,504.587806
-485.31378,250,504.587806
-363.11166,250,504.587806
-634.4498,250,507.606368
-572.3529,250,514.412575
-448.36688,250,514.412575
-424.69012,250,514.412575
-480.8212,250,514.412575
-486.77896,250,514.412575
-490.2021,250,514.412575
-435.26285,250,518.847515
-486.43076,250,525.671096
-431.11536,250,525.672096
-565.07965,250,525.672096
-500.82462,250,525.672096
-368.72903,250,525.672096
-366.32883,250,525.672096
-424.33395,250,528.780915
-494.15796,250,535.470581
-383.30515,250,535.470581
-455.3619,250,535.470581
-586.1373,250,535.470581
-381.911,250,535.470581
-453.35706,250,535.470581
-582.55817,250,538.398029
-522.11346,250,544.930374
-402.7039,250,544.930374
-432.72675,250,544.930374
-521.72675,250,544.930374
-511.90207,250,544.930374
-571.6035,250,544.930374
-581.4841,250,547.883528
-550.73987,250,554.386461
-517.3514,250,554.386461
-425.60953,250,554.386461
-555.4872,250,554.387458
-509.05423,250,554.387458
-549.5485,250,554.387458
-456.2028,250,558.923498
-546.1619,250,565.353089
-415.00458,250,565.353089
-383.42496,250,565.353089
-412.41602,250,565.353089
-385.55606,250,565.353089
-497.0234,250,565.353089
-548.42535,250,568.240161
-261.15042,250,574.939582
-486.7318,250,574.939582
-334.1049,250,574.939582
-344.66516,250,574.939582
-335.29462,250,574.939582
-287.10025,250,574.939582
-378.85428,250,577.955831
-481.2857,250,584.573009
-439.51477,250,584.573009
-315.13263,250,584.573009
-446.81082,250,584.573009
-428.98456,250,584.573009
-339.28345,250,584.573009
-414.14243,250,587.306612
-434.5979,250,593.850087
-490.3871,250,593.850087
-447.12692,250,593.850087
-342.63657,250,593.850087
-361.2279,250,593.850087
-449.79938,250,593.850087
-478.0113,250,598.91798
-458.73846,250,605.378469
-347.11053,250,605.378469
-439.54968,250,605.378469
-381.39682,250,605.378469
-446.42178,250,605.378469
-310.25052,250,605.379472
-339.9853,250,608.801889
-329.22562,250,616.002823
-308.56332,250,616.002823
-321.29877,250,616.002823
-458.00558,250,616.002823
-482.0844,250,616.002823
-376.0108,250,616.002823
-366.3647,250,618.831144
-280.77966,250,625.359915
-363.65567,250,625.359915
-364.37183,250,625.359915
-419.3609,250,625.359915
-328.21194,250,625.359915
-346.26428,250,625.359915
-334.2062,250,628.221334
-309.6799,250,634.824252
-440.35965,250,634.824252
-482.15204,250,634.824252
-372.56165,250,634.824252
-393.30695,250,634.824252
-415.7226,250,634.824252
-352.9716,250,637.767654
-294.89694,250,646.350204
-437.52472,250,646.350204
-419.30322,250,646.350204
-264.3717,250,646.350204
-329.13416,250,646.350204
-359.448,250,646.350204
-420.22766,250,649.667025
-515.6503,250,656.217003
-361.74194,250,656.217003
-332.34747,250,656.217003
-299.4112,250,656.217003
-333.36862,250,656.217003
-355.34756,250,656.217003
-282.24127,250,659.233837
-444.39432,250,665.689284
-469.54233,250,665.689284
-460.19266,250,665.689284
-353.23148,250,665.689284
-406.52908,250,665.689284
-363.88403,250,665.689284
-370.15057,250,668.47955
-328.00388,250,675.961965
-356.06375,250,675.961965
-278.41687,250,675.961965
-355.11322,250,675.961965
-212.20616,250,675.961965
-373.99707,250,675.961965
-359.98108,250,679.399672
-464.8927,250,688.675708
-426.1711,250,688.675708
-347.01944,250,688.675708
-315.27567,250,688.675708
-388.30923,250,688.675708
-472.105,250,688.675708
-393.51257,250,691.925909
-274.78958,250,699.213635
-390.6873,250,699.213635
-326.6698,250,699.213635
-351.05753,250,699.213635
-331.11414,250,699.213635
-400.43454,250,699.213635
-285.70975,250,702.723968
-278.13022,250,711.750793
-456.90344,250,711.750793
-401.0362,250,711.750793
-384.1698,250,711.750793
-299.836,250,711.750793
-305.94366,250,711.750793
-366.53485,250,714.750544
-311.01736,250,722.2793
-303.84277,250,722.280304
-386.49002,250,722.280304
-416.7335,250,722.280304
-278.86926,250,722.280304
-252.26715,250,722.280304
-382.28326,250,725.513422
-289.72253,250,743.860333
-417.24005,250,743.860333
-348.55728,250,743.860333
-295.03265,250,743.860333
-285.09836,250,743.860333
-289.2872,250,743.860333
-386.9906,250,750.25995
-313.15436,250,760.899801
-297.21008,250,760.90037
-280.56412,250,760.90037
-358.02875,250,760.90037
-417.39734,250,760.90037
-439.14853,250,760.90037
-305.50253,250,765.530407
-243.59425,250,773.050406
-341.60217,250,773.050406
-271.04254,250,773.050406
-271.77887,250,773.050406
-340.35278,250,773.050406
-300.25333,250,773.050406
-315.36075,250,777.305748
-322.87912,250,785.557307
-280.3662,250,785.557307
-269.9587,250,785.557307
-263.80527,250,785.557307
-288.84637,250,785.557307
-347.03394,250,785.557307
-385.50775,250,793.936095
-335.11346,250,810.283964
-314.7035,250,810.283964
-271.7041,250,810.283964
-351.45212,250,810.283964
-341.63843,250,810.283964
-257.581,250,810.283964
-294.0188,250,813.648309
-193.91801,250,821.911592
-292.00012,250,821.911592
-408.59412,250,821.911592
-236.76021,250,821.911592
-277.97638,250,821.911592
-270.17953,250,821.911592
-472.61816,250,825.12905
-169.17574,250,832.172297
-248.85814,250,832.172297
-311.66486,250,832.172297
-222.22827,250,832.172297
-167.47232,250,832.172297
-354.91913,250,832.172297
-223.62961,250,837.084002
-369.05624,250,845.061514
-291.7195,250,845.061514
-245.41171,250,845.061514
-281.42557,250,845.061514
-203.7462,250,845.061514
-375.68427,250,845.061514
-286.70227,250,848.134346
-220.02963,250,857.910238
-398.2831,250,857.910238
-325.90634,250,857.910238
-397.3808,250,857.910238
-274.25848,250,857.910238
-339.7925,250,857.910238
-182.52075,250,861.601715
-268.26077,250,869.287453
-320.08493,250,869.287453
-326.2606,250,869.287453
-337.09717,250,869.287453
-335.75858,250,869.287453
-399.2928,250,869.287453
-286.5497,250,872.542125
-235.41661,250,880.825917
-374.9841,250,880.825917
-179.10776,250,880.825917
-295.17584,250,880.825917
-349.38287,250,880.825917
-244.83029,250,880.825917
-312.976,250,884.204468
-357.40897,250,892.271498
-288.33374,250,892.271498
-235.20113,250,892.271498
-241.58199,250,892.271498
-265.86145,250,892.271498
-299.60352,250,892.271498
-334.14432,250,895.470591
-192.70879,250,905.018045
-365.76828,250,905.018045
-276.68497,250,905.018045
-199.33955,250,905.018045
-320.14508,250,905.018045
-209.55031,250,905.018045
-322.63416,250,908.746851
-228.79012,250,917.007499
-373.1407,250,917.007499
-216.25981,250,917.008522
-253.377,250,917.008522
-264.98477,250,917.008522
-193.19254,250,917.008522
-300.205,250,920.43855
-221.52274,250,930.138021
-196.28137,250,930.138021
-340.3806,250,930.138021
-302.23288,250,930.138021
-212.39531,250,930.138021
-352.91702,250,930.138021
-296.10428,250,934.066358
-194.49771,250,942.077531
-245.3034,250,942.077531
-289.15967,250,942.077531
-280.5761,250,942.077531
-139.46407,250,942.077531
-265.22266,250,942.077531
-253.51088,250,945.364665
-197.01862,250,955.444533
-393.2936,250,955.444533
-256.0274,250,955.444533
-300.6072,250,955.444533
-200.14099,250,955.444533
-201.973,250,955.444533
-277.36765,250,958.657981
-234.6512,250,966.354569
-464.57837,250,966.354569
-204.7279,250,966.354569
-302.51483,250,966.354569
-275.33084,250,966.354569
-281.7234,250,966.354569
-238.59111,250,970.067828
-225.01617,250,977.935831
-333.43774,250,977.935831
-206.3855,250,977.935831
-277.12454,250,977.935831
-225.47298,250,977.935831
-198.08362,250,977.935831
-314.52423,250,981.337161
-262.5476,250,990.568451
-203.54668,250,990.56945
-203.44804,250,990.56945
-163.0583,250,990.56945
-238.54605,250,990.56945
-276.09338,250,990.56945
-331.54593,250,993.920613
-242.86905,250,1003.384519
-151.34755,250,1003.384519
-149.40102,250,1003.384519
-271.3514,250,1003.384519
-322.50595,250,1003.384519
-339.19196,250,1003.384519
-285.2705,250,1009.836641
-271.5593,250,1017.299836
-290.27286,250,1017.299836
-196.23528,250,1017.299836
-251.48923,250,1017.299836
-137.81314,250,1017.299836
-199.06552,250,1017.299836
-234.13007,250,1020.693136
-170.51611,250,1029.033441
-234.19374,250,1029.033441
-224.18677,250,1029.033441
-410.1631,250,1029.033441
-178.76155,250,1029.033441
-184.9315,250,1029.033441
-238.20297,250,1032.313634
-151.60335,250,1039.981812
-274.21002,250,1039.981812
-264.95517,250,1039.981812
-206.34685,250,1039.981812
-331.53665,250,1039.981812
-170.32565,250,1039.981812
-221.07146,250,1043.231461
-267.17346,250,1050.793399
-297.96277,250,1050.793399
-276.43997,250,1050.793399
-312.52597,250,1050.793399
-201.70624,250,1050.793399
-250.23416,250,1050.793399
-340.1174,250,1056.035009
-349.94052,250,1064.11104
-285.35764,250,1064.112047
-217.92824,250,1064.112047
-185.12384,250,1064.112047
-314.83624,250,1064.112047
-198.43326,250,1064.112047
-197.30011,250,1067.685836
-120.31672,250,1077.900078
-200.74355,250,1077.900078
-176.77725,250,1077.900685
-193.64513,250,1077.900685
-196.4557,250,1077.900685
-227.11534,250,1077.900685
-270.87897,250,1081.437509
-231.04472,250,1089.638723
-276.59396,250,1089.638723
-211.6644,250,1089.638723
-254.46954,250,1089.638723
-213.42548,250,1089.638723
-266.47684,250,1089.638723
-264.38632,250,1092.828372
-167.77715,250,1100.793789
-262.07858,250,1100.793789
-233.66377,250,1100.793789
-277.278,250,1100.793789
-176.94002,250,1100.793789
-224.7279,250,1100.793789
-227.15097,250,1106.60591
-197.18756,250,1113.838657
-168.92741,250,1113.838657
-261.50888,250,1113.838657
-276.88797,250,1113.838657
-267.58316,250,1113.839653
-314.5125,250,1113.839653
-265.56384,250,1117.286955
-256.72528,250,1125.083657
-193.94397,250,1125.083657
-199.36545,250,1125.083657
-318.26898,250,1125.083657
-213.00626,250,1125.083657
-237.52727,250,1125.083657
-290.1325,250,1128.339271
-283.34073,250,1135.887219
-215.77339,250,1135.887219
-302.90567,250,1135.887219
-210.55211,250,1135.887219
-139.23204,250,1135.887219
-178.72348,250,1135.887219
-211.00595,250,1139.060899
-141.52292,250,1146.850702
-251.25511,250,1146.850702
-362.95877,250,1146.850702
-253.03818,250,1146.850702
-365.51028,250,1146.850702
-135.42162,250,1146.850702
-166.75786,250,1150.03736
-159.74135,250,1160.179826
-242.20921,250,1160.179826
-214.34029,250,1160.179826
-212.61641,250,1160.179826
-227.96738,250,1160.179826
-204.00835,250,1160.179826
-325.32233,250,1163.536216
-191.6484,250,1172.040633
-285.58093,250,1172.040633
-179.7027,250,1172.040633
-243.94771,250,1172.040633
-200.85806,250,1172.040633
-225.50418,250,1172.040633
-271.9024,250,1175.345255
-242.44466,250,1182.984499
-203.73834,250,1182.984499
-187.87558,250,1182.984499
-134.86198,250,1182.984499
-111.34967,250,1182.984499
-254.37668,250,1182.984499
-128.79117,250,1186.265151
-323.90747,250,1193.375463
-181.7665,250,1193.376462
-356.6785,250,1193.376462
-168.3718,250,1193.376462
-186.0507,250,1193.376462
-194.75693,250,1193.376462
-217.47418,250,1196.571827
-227.80931,250,1205.948792
-352.58182,250,1205.948792
-158.88162,250,1205.948792
-234.4991,250,1205.948792
-188.50099,250,1205.948792
-202.66838,250,1205.948792
-163.6583,250,1209.238997
-305.61975,250,1216.710981
-210.8794,250,1216.711981
-311.1526,250,1216.711981
-216.42944,250,1216.711981
-329.18375,250,1216.711981
-246.47948,250,1216.711981
-169.81192,250,1219.987339
-277.71713,250,1228.771694
-160.60652,250,1228.771694
-222.59773,250,1228.771694
-162.61899,250,1228.771694
-200.51517,250,1228.771694
-270.49216,250,1228.771694
-171.33212,250,1233.289127
-180.10066,250,1240.76554
-182.84859,250,1240.76554
-224.1428,250,1240.76554
-193.36185,250,1240.76554
-131.502,250,1240.76554
-159.4586,250,1240.76554
-234.40628,250,1243.801898
-220.21564,250,1252.995274
-171.3615,250,1252.995274
-166.23843,250,1252.995274
-295.04706,250,1252.995274
-196.31094,250,1252.995274
-273.35294,250,1252.995274
-207.21748,250,1256.126538
-258.84854,250,1263.297306
-254.52435,250,1263.297306
-116.440544,250,1263.297306
-195.15263,250,1263.297306
-191.84322,250,1263.297306
-260.54355,250,1263.297306
-187.37802,250,1266.96208
-204.3621,250,1274.522566
-263.38818,250,1274.522566
-128.94994,250,1274.522566
-267.31058,250,1274.522566
-230.39902,250,1274.522566
-239.82648,250,1274.522566
-216.5812,250,1277.758971
-215.96794,250,1285.3581
-161.14285,250,1285.3581
-130.60228,250,1285.3581
-244.75893,250,1285.3581
-131.04105,250,1285.3581
-247.21149,250,1285.3581
-277.74887,250,1288.803014
-256.89847,250,1298.427129
-252.08688,250,1298.427129
-165.5075,250,1298.427129
-250.76274,250,1298.427129
-362.37457,250,1298.427129
-217.70662,250,1298.427129
-248.29964,250,1302.422262
-321.24005,250,1312.241014
-220.6819,250,1312.242028
-110.19009,250,1312.242028
-165.74057,250,1312.242028
-213.63676,250,1312.242028
-150.29626,250,1312.242028
-332.4817,250,1315.629513
-186.50085,250,1323.411658
-180.23506,250,1323.412669
-317.56656,250,1323.412669
-196.97229,250,1323.412669
-234.12598,250,1323.412669
-224.27933,250,1323.412669
-236.52481,250,1326.783531
-312.96442,250,1334.791733
-160.45561,250,1334.791733
-116.07278,250,1334.793141
-206.72075,250,1334.793141
-171.2605,250,1334.793141
-315.5381,250,1334.793141
-146.64664,250,1338.494203
-273.92566,250,1350.490995
-250.4608,250,1350.490995
-145.40147,250,1350.490995
-250.49408,250,1350.490995
-175.77786,250,1350.490995
-186.2795,250,1350.490995
-179.12553,250,1354.412483
-304.61737,250,1362.961997
-112.146454,250,1362.961997
-138.25024,250,1362.961997
-166.96727,250,1362.961997
-187.03505,250,1362.961997
-145.85405,250,1362.961997
-227.69914,250,1367.072808
-221.12616,250,1374.918679
-145.14119,250,1374.918679
-176.92944,250,1374.918679
-114.73836,250,1374.918679
-136.76686,250,1374.918679
-320.71237,250,1374.918679
-164.37086,250,1378.287352
-285.73468,250,1385.855229
-298.56958,250,1385.855229
-266.75134,250,1385.855229
-191.20123,250,1385.855229
-197.45395,250,1385.855229
-203.5887,250,1385.855229
-278.98804,250,1389.563635
-270.11136,250,1399.672248
-151.43364,250,1399.672248
-140.9969,250,1399.672248
-269.59256,250,1399.672248
-134.30722,250,1399.672248
-234.6552,250,1399.672248
-148.32971,250,1403.029074
-157.05016,250,1410.59387
-141.0128,250,1410.59387
-197.25786,250,1410.59387
-187.71916,250,1410.59387
-228.41057,250,1410.59387
-440.52444,250,1410.59387
-269.05508,250,1414.921793
-313.0384,250,1422.930454
-185.49654,250,1422.930454
-187.03271,250,1422.930454
-209.83063,250,1422.930454
-391.09506,250,1422.930454
-405.22287,250,1422.930454
-208.89632,250,1426.436312
-326.99655,250,1435.225332
-193.40926,250,1435.226339
-380.14124,250,1435.226339
-142.97342,250,1435.226339
-227.88043,250,1435.226339
-265.1817,250,1435.226339
-213.41278,250,1438.459094
-172.42053,250,1448.871866
-131.20302,250,1448.872864
-154.16655,250,1448.872864
-423.36407,250,1448.872864
-117.34533,250,1448.872864
-146.43874,250,1448.872864
-181.99088,250,1452.246435
-180.96062,250,1459.683721
-178.54254,250,1459.683721
-317.447,250,1459.683721
-302.83124,250,1459.683721
-158.57303,250,1459.683721
-178.95677,250,1459.683721
-226.24324,250,1463.297262
-185.89458,250,1471.515624
-166.14081,250,1471.515624
-199.90889,250,1471.515624
-211.70589,250,1471.515624
-226.77771,250,1471.515624
-249.71692,250,1471.515624
-318.4617,250,1474.804992
-271.4935,250,1482.425038
-216.13042,250,1482.425038
-137.74373,250,1482.425038
-189.05296,250,1482.425038
-120.00578,250,1482.425038
-163.59024,250,1482.425038
-228.75757,250,1486.080371
-189.17224,250,1496.336914
-218.40538,250,1496.338371
-266.56778,250,1496.338371
-199.07306,250,1496.338371
-252.59875,250,1496.338371
-205.00613,250,1496.338371
-105.40205,250,1499.607401
-170.34477,250,1507.755477
-120.97793,250,1507.755477
-130.0098,250,1507.755477
-151.16574,250,1507.755477
-273.17435,250,1507.755477
-197.37439,250,1507.755477
-222.7143,250,1511.177188
-172.7416,250,1518.853659
-383.27805,250,1518.853659
-287.12503,250,1518.853659
-142.84439,250,1518.853659
-209.0792,250,1518.853659
-222.00322,250,1518.853659
-187.15868,250,1521.879861
-254.68541,250,1529.664906
-205.6467,250,1529.664906
-168.298,250,1529.664906
-126.53278,250,1529.664906
-307.8527,250,1529.664906
-144.76695,250,1529.664906
-103.33949,250,1532.870148
-307.1476,250,1541.162141
-160.06142,250,1541.162141
-196.55127,250,1541.162141
-241.46841,250,1541.162141
-206.10063,250,1541.162141
-176.3374,250,1541.162141
-172.50052,250,1546.369038
-103.14847,250,1555.126855
-171.45349,250,1555.127855
-525.6895,250,1555.127855
-169.96852,250,1555.127855
-155.1139,250,1555.127855
-198.45593,250,1555.127855
-239.71454,250,1558.434282
-200.55925,250,1566.41838
-208.15129,250,1566.419374
-232.68462,250,1566.419374
-198.24475,250,1566.419374
-215.48012,250,1566.419374
-237.53992,250,1566.419374
-136.82864,250,1570.582464
-143.15483,250,1580.01316
-173.8859,250,1580.01316
-123.054794,250,1580.01316
-192.97633,250,1580.01316
-175.13988,250,1580.01316
-167.40158,250,1580.01316
-237.866,250,1583.945993
-208.83363,250,1591.58484
-178.26384,250,1591.58484
-249.0632,250,1591.58484
-188.6577,250,1591.58484
-164.23099,250,1591.58484
-302.9317,250,1591.58484
-119.24625,250,1597.227392
-416.4805,250,1604.898406
-291.41296,250,1604.898406
-219.17511,250,1604.898406
-126.99396,250,1604.898406
-254.91188,250,1604.8994
-345.17865,250,1604.8994
-194.20108,250,1608.109514
-180.05746,250,1616.008718
-115.32261,250,1616.008718
-425.08713,250,1616.008718
-116.306854,250,1616.008718
-237.95248,250,1616.008718
-271.7716,250,1616.008718
-174.01183,250,1619.311605
-212.6259,250,1626.540833
-199.25343,250,1626.540833
-145.56656,250,1626.540833
-87.1931,250,1626.540833
-178.12848,250,1626.540833
-265.99594,250,1626.540833
-263.08527,250,1629.916574
-172.1167,250,1637.597968
-315.03473,250,1637.59896
-272.0679,250,1637.59896
-180.22096,250,1637.59896
-140.49858,250,1637.59896
-278.7239,250,1637.59896
-123.50808,250,1643.326922
-120.894745,250,1650.417556
-206.87512,250,1650.417556
-155.9511,250,1650.417556
-189.40277,250,1650.417556
-203.26425,250,1650.417556
-116.23216,250,1650.417556
-143.32881,250,1653.635322
-198.55847,250,1660.913447
-242.61493,250,1660.914467
-82.42405,250,1660.914467
-367.6227,250,1660.914467
-200.67148,250,1660.914467
-238.01819,250,1660.914467
-126.86761,250,1664.059976
-196.83499,250,1671.641414
-208.47171,250,1671.641414
-156.06874,250,1671.641414
-111.71646,250,1671.641414
-240.30986,250,1671.641414
-204.10434,250,1671.641414
-196.20052,250,1675.12616
-243.65802,250,1682.684238
-177.07072,250,1682.684238
-241.63235,250,1682.684238
-135.67834,250,1682.684238
-209.4186,250,1682.685236
-201.02522,250,1682.685236
-141.88219,250,1686.075975
-207.44841,250,1695.740465
-238.91936,250,1695.740465
-149.56938,250,1695.740465
-162.98866,250,1695.740465
-147.3798,250,1695.740465
-127.420715,250,1695.740465
-92.55245,250,1699.173589
-201.4232,250,1707.174319
-179.15138,250,1707.174319
-215.009,250,1707.174319
-210.60165,250,1707.174319
-222.44176,250,1707.174319
-182.60631,250,1707.174319
-163.12184,250,1710.276797
-161.05214,250,1718.016431
-148.1746,250,1718.016431
-182.43173,250,1718.016431
-270.13242,250,1718.016431
-312.3829,250,1718.016431
-190.38799,250,1718.016431
-190.56123,250,1722.34083
-312.0018,250,1729.803583
-136.17677,250,1729.804579
-156.90775,250,1729.804579
-305.33508,250,1729.804579
-174.77902,250,1729.804579
-159.27068,250,1729.804579
-184.78764,250,1732.741229
-173.81105,250,1740.889723
-137.85443,250,1740.889723
-351.69107,250,1740.890743
-173.32231,250,1740.890743
-146.58562,250,1740.890743
-157.09506,250,1740.890743
-183.98433,250,1743.919695
-184.2693,250,1750.400598
-127.35417,250,1750.401811
-238.59209,250,1750.401811
-212.15294,250,1750.401811
-178.13718,250,1750.401811
-207.21838,250,1750.401811
-177.35817,250,1753.310477
-285.0478,250,1760.084317
-230.26431,250,1760.084317
-203.67041,250,1760.084317
-127.14443,250,1760.084317
-317.2823,250,1760.084317
-202.47984,250,1760.084317
-269.5903,250,1763.053825
-141.27258,250,1769.56822
-145.71176,250,1769.56822
-271.37262,250,1769.56822
-217.38072,250,1769.56822
-251.44093,250,1769.56822
-207.92441,250,1769.56822
-232.08994,250,1772.263901
-257.78958,250,1781.264919
-233.56844,250,1781.264919
-156.27888,250,1781.264919
-160.3693,250,1781.264919
-152.94264,250,1781.264919
-155.68872,250,1781.264919
-147.00128,250,1784.333163
-310.0066,250,1791.283726
-162.51718,250,1791.283726
-241.68213,250,1791.283726
-154.51346,250,1791.283726
-106.37188,250,1791.283726
-357.62732,250,1791.284726
-131.06041,250,1794.776475
-292.8846,250,1801.31949
-154.97801,250,1801.31949
-233.89758,250,1801.31949
-161.00885,250,1801.31949
-302.6172,250,1801.31949
-108.243835,250,1801.31949
-205.56044,250,1804.218665
-211.66786,250,1811.257958
-179.0473,250,1811.257958
-86.54572,250,1811.257958
-330.17136,250,1811.257958
-134.00601,250,1811.257958
-498.98453,250,1811.257958
-230.51753,250,1814.290285
-117.84411,250,1823.550818
-151.33,250,1823.550818
-270.35037,250,1823.550818
-213.30945,250,1823.550818
-243.70934,250,1823.550818
-189.20277,250,1823.550818
-204.17868,250,1826.639904
-284.7169,250,1833.511519
-228.96216,250,1833.511519
-183.75122,250,1833.511519
-191.09831,250,1833.511519
-164.66122,250,1833.511519
-286.2582,250,1833.511519
-339.08557,250,1836.473799
-341.79254,250,1843.282733
-219.00484,250,1843.282733
-350.95163,250,1843.282733
-175.07487,250,1843.282733
-159.8274,250,1843.282733
-134.63063,250,1843.282733
-257.91254,250,1846.069988
-218.22823,250,1852.613429
-253.44301,250,1852.614867
-184.3119,250,1852.614867
-237.27667,250,1852.614867
-238.29459,250,1852.614867
-194.51192,250,1852.614867
-219.93324,250,1855.864126
-234.60878,250,1864.255614
-142.29501,250,1864.255614
-303.117,250,1864.255614
-151.58496,250,1864.255614
-235.44308,250,1864.255614
-330.33728,250,1864.255614
-202.56631,250,1867.053924
-199.46056,250,1873.556443
-180.22722,250,1873.556443
-224.13689,250,1873.556443
-190.57828,250,1873.556443
-201.96294,250,1873.556443
-246.83295,250,1873.556443
-344.06732,250,1876.461985
-213.5619,250,1883.188984
-217.5512,250,1883.188984
-211.32974,250,1883.188984
-262.40704,250,1883.188984
-158.04599,250,1883.188984
-227.09941,250,1883.188984
-259.4279,250,1885.813209
-229.42282,250,1892.772512
-122.88419,250,1892.773525
-282.55087,250,1892.773525
-228.50049,250,1892.773525
-180.89052,250,1892.773525
-238.25621,250,1892.773525
-146.84317,250,1895.993266
-156.55672,250,1905.165156
-243.28722,250,1905.165156
-198.26604,250,1905.165156
-214.75978,250,1905.165156
-221.10918,250,1905.165156
-190.59956,250,1905.165156
-199.78625,250,1908.096274
-273.17087,250,1914.865883
-132.39183,250,1914.865883
-179.68748,250,1914.865883
-212.28325,250,1914.865883
-148.69675,250,1914.865883
-287.70303,250,1914.865883
-233.47768,250,1918.28934
-203.77614,250,1926.294064
-243.00867,250,1926.294064
-216.16913,250,1926.294064
-213.33592,250,1926.294064
-102.56559,250,1926.294064
-105.2278,250,1926.294064
-230.47285,250,1929.686815
-177.64536,250,1937.104194
-193.92906,250,1937.104194
-159.05989,250,1937.104194
-154.90259,250,1937.104194
-175.57228,250,1937.104194
-153.01721,250,1937.104194
-134.51869,250,1939.903144
-117.18509,250,1948.48754
-236.20164,250,1948.48754
-188.8799,250,1948.48754
-247.60034,250,1948.48754
-202.55907,250,1948.48754
-248.80083,250,1948.48754
-119.26259,250,1950.977185
-117.479866,250,1957.821903
-353.29947,250,1957.821903
-121.37838,250,1957.821903
-178.44017,250,1957.821903
-117.46055,250,1957.821903
-116.00968,250,1957.822919
-165.4138,250,1960.877133
-84.55795,250,1967.56712
-181.44043,250,1967.56712
-215.56795,250,1967.56712
-193.51105,250,1967.56712
-147.00597,250,1967.56712
-127.72396,250,1967.56712
-143.32344,250,1970.446455
-87.872185,250,1976.823631
-157.47287,250,1976.824283
-362.3951,250,1976.824283
-162.65315,250,1976.824283
-257.98843,250,1976.824283
-188.38567,250,1976.824283
-223.26712,250,1979.672026
-315.44873,250,1986.178933
-147.25395,250,1986.178933
-153.70341,250,1986.178933
-165.86224,250,1986.178933
-168.85262,250,1986.178933
-144.42995,250,1986.178933
-98.692505,250,1990.628311
-266.334,250,1997.22289
-132.97252,250,1997.22289
-169.91512,250,1997.223888
-127.76346,250,1997.223888
-86.91452,250,1997.223888
-123.18661,250,1997.223888
-188.74757,250,1999.983712
-305.98633,250,2006.541477
-151.94746,250,2006.541477
-119.30677,250,2006.541477
-104.59584,250,2006.541477
-200.84758,250,2006.541477
-341.46716,250,2006.541477
-297.06284,250,2009.462563
-136.75372,250,2016.006868
-251.79607,250,2016.006868
-168.00095,250,2016.006868
-125.83558,250,2016.006868
-156.9003,250,2016.006868
-269.89355,250,2016.006868
-114.07336,250,2018.958523
-206.19315,250,2025.774681
-249.10452,250,2025.774681
-117.73231,250,2025.775729
-233.28767,250,2025.775729
-102.33026,250,2025.775729
-126.03499,250,2025.775729
-136.262,250,2030.353005
-175.18935,250,2036.789351
-305.89224,250,2036.789351
-148.17162,250,2036.789351
-191.44926,250,2036.789351
-175.62009,250,2036.789351
-143.40816,250,2036.789351
-170.66031,250,2039.720893
-159.58438,250,2046.472601
-156.94516,250,2046.472601
-382.04816,250,2046.472601
-324.1547,250,2046.472601
-169.19785,250,2046.472601
-130.56276,250,2046.472601
-222.52322,250,2049.510488
-161.49556,250,2056.329915
-171.24112,250,2056.329915
-197.08136,250,2056.329915
-164.75012,250,2056.329915
-113.63212,250,2056.329915
-198.44995,250,2056.330914
-200.92139,250,2059.151485
-151.69359,250,2065.598826
-132.26167,250,2065.598826
-333.6355,250,2065.598826
-71.39958,250,2065.598826
-133.62526,250,2065.598826
-126.43988,250,2065.598826
-122.38837,250,2070.424442
-177.08833,250,2076.730945
-141.35585,250,2076.731947
-280.76535,250,2076.731947
-183.52637,250,2076.731947
-267.93973,250,2076.731947
-148.56241,250,2076.731947
-113.22965,250,2079.804546
-289.34323,250,2086.782268
-313.03104,250,2086.782268
-149.85376,250,2086.783269
-129.32607,250,2086.783269
-157.05232,250,2086.783269
-307.4566,250,2086.783269
-198.28139,250,2089.934333
-196.02411,250,2096.703718
-165.57202,250,2096.703718
-303.88382,250,2096.703718
-178.2359,250,2096.703718
-173.37733,250,2096.703718
-99.33575,250,2096.703718
-166.19087,250,2099.387757
-236.9729,250,2106.048311
-265.83597,250,2106.048311
-74.604744,250,2106.048311
-132.85548,250,2106.048311
-174.16714,250,2106.048311
-143.30241,250,2106.048311
-295.00433,250,2109.005717
-254.50089,250,2117.156312
-158.34312,250,2117.156312
-195.7383,250,2117.156312
-144.96487,250,2117.156312
-232.49753,250,2117.156312
-297.53143,250,2117.156312
-239.72157,250,2120.09279
-304.02783,250,2126.726636
-336.503,250,2126.726636
-226.63591,250,2126.726636
-251.94412,250,2126.726636
-184.72092,250,2126.726636
-173.16867,250,2126.727636
-117.997604,250,2129.576294
-294.76105,250,2136.063235
-152.01215,250,2136.063235
-134.65413,250,2136.063235
-200.62212,250,2136.063235
-139.66953,250,2136.063235
-137.08638,250,2136.063235
-120.68051,250,2139.085397
-129.14749,250,2145.693094
-198.48846,250,2145.693094
-145.1654,250,2145.693094
-347.2008,250,2145.693094
-194.94475,250,2145.693094
-195.53873,250,2145.693094
-192.44482,250,2148.474598
-171.92357,250,2157.102236
-163.25645,250,2157.102236
-133.43875,250,2157.102236
-356.2534,250,2157.102236
-272.74765,250,2157.103236
-305.39362,250,2157.103236
-184.40964,250,2159.809184
-163.68692,250,2166.581909
-263.8171,250,2166.581909
-218.6136,250,2166.581909
-124.02797,250,2166.581909
-182.14207,250,2166.581909
-151.72177,250,2166.581909
-136.04477,250,2169.582132
-121.04069,250,2176.150465
-208.03297,250,2176.150465
-124.285736,250,2176.150465
-101.56768,250,2176.150465
-285.07376,250,2176.150465
-119.22853,250,2176.150465
-96.86595,250,2179.107923
-222.33849,250,2185.5189
-198.4231,250,2185.5189
-184.15164,250,2185.5189
-175.65804,250,2185.5189
-180.17863,250,2185.5189
-269.2817,250,2185.519924
-200.10687,250,2188.364774
-253.23001,250,2196.448054
-127.11585,250,2196.448054
-87.071434,250,2196.448054
-170.57175,250,2196.448054
-312.54196,250,2196.448054
-140.50618,250,2196.448054
-227.52617,250,2199.517987
-157.36752,250,2206.013625
-140.85355,250,2206.013625
-229.53949,250,2206.013625
-208.01743,250,2206.013625
-116.62339,250,2206.013625
-162.38397,250,2206.013625
-150.41856,250,2208.838148
-254.2395,250,2215.301839
-141.54749,250,2215.301839
-272.53204,250,2215.301839
-207.1539,250,2215.301839
-137.84558,250,2215.301839
-168.56361,250,2215.301839
-133.22942,250,2218.269693
-120.04758,250,2226.25336
-112.92037,250,2226.25336
-143.91042,250,2226.25336
-137.37094,250,2226.25336
-133.1758,250,2226.25336
-132.30786,250,2226.25336
-269.48373,250,2229.696052
-162.51096,250,2237.851802
-160.00763,250,2237.851802
-191.29202,250,2237.851802
-96.73707,250,2237.851802
-248.46355,250,2237.851802
-223.0233,250,2237.851802
-236.91396,250,2240.601498
-172.61467,250,2247.220501
-193.28616,250,2247.220501
-133.48503,250,2247.220501
-128.16277,250,2247.220501
-258.94904,250,2247.220501
-129.18729,250,2247.220501
-187.52922,250,2250.119242
-139.28828,250,2256.686099
-104.883156,250,2256.686099
-202.13188,250,2256.686099
-166.33284,250,2256.686099
-187.84508,250,2256.686099
-318.2163,250,2256.686099
-215.81035,250,2259.597471
-181.69655,250,2266.152523
-201.88779,250,2266.153628
-247.34378,250,2266.153628
-266.99228,250,2266.153628
-139.31505,250,2266.153628
-110.92624,250,2266.153628
-190.59215,250,2268.902033
-121.178024,250,2277.08239
-126.185905,250,2277.08239
-198.20694,250,2277.08239
-184.74748,250,2277.08239
-206.28159,250,2277.08239
-194.28708,250,2277.08239
-220.05824,250,2280.064641
-139.59772,250,2286.7385
-235.16608,250,2286.7385
-151.97366,250,2286.7385
-140.98944,250,2286.7385
-95.5963,250,2286.7385
-115.66935,250,2286.7385
-159.19746,250,2289.806636
-96.24608,250,2296.688979
-139.14845,250,2296.688979
-200.57101,250,2296.689995
-152.49547,250,2296.689995
-269.52057,250,2296.689995
-188.62456,250,2296.689995
-94.1486,250,2299.407149
-232.91275,250,2306.027825
-302.89975,250,2306.027825
-227.8029,250,2306.027825
-134.91594,250,2306.027825
-230.67485,250,2306.027825
-224.33214,250,2306.027825
-127.897354,250,2308.921442
-86.485855,250,2317.167103
-165.31636,250,2317.167103
-124.51764,250,2317.167103
-123.65273,250,2317.167103
-261.62845,250,2317.167103
-196.24657,250,2317.167103
-164.26976,250,2320.094861
-314.1667,250,2326.780333
-180.03983,250,2326.780333
-149.91531,250,2326.780333
-208.19801,250,2326.780333
-120.94664,250,2326.780333
-168.69933,250,2326.780333
-215.35712,250,2329.576164
-211.32503,250,2336.193455
-156.1951,250,2336.193455
-229.68619,250,2336.193455
-277.5376,250,2336.193455
-129.72699,250,2336.193455
-132.23851,250,2336.193455
-76.45355,250,2339.116517
-276.10596,250,2345.740442
-200.56099,250,2345.740442
-180.24191,250,2345.740442
-246.57631,250,2345.740442
-120.65463,250,2345.740442
-118.285095,250,2345.740442
-156.96776,250,2348.340851
-118.01823,250,2357.187391
-189.47963,250,2357.187391
-124.846016,250,2357.187391
-168.03262,250,2357.187391
-119.85238,250,2357.187391
-243.37369,250,2357.187391
-178.30685,250,2359.859746
-298.0675,250,2366.303234
-225.76357,250,2366.303234
-127.15624,250,2366.303234
-77.33329,250,2366.303234
-112.10504,250,2366.303234
-149.17891,250,2366.303234
-214.71332,250,2369.227157
-151.8695,250,2375.805169
-174.54538,250,2375.805169
-174.36281,250,2375.806167
-317.44443,250,2375.806167
-295.88113,250,2375.806167
-195.2913,250,2375.806167
-154.89429,250,2378.511362
-160.61041,250,2385.159512
-179.61293,250,2385.159512
-174.97807,250,2385.159512
-79.487816,250,2385.159512
-106.79288,250,2385.159512
-73.75741,250,2385.159512
-185.87224,250,2388.077431
-115.142426,250,2396.850261
-169.60614,250,2396.850261
-174.93155,250,2396.850261
-137.77199,250,2396.850261
-169.82565,250,2396.850261
-163.18285,250,2396.850261
-163.99919,250,2399.198633
-171.9218,250,2405.815538
-182.61893,250,2405.815538
-142.09167,250,2405.815538
-156.1857,250,2405.815538
-138.67929,250,2405.815538
-104.25456,250,2405.815538
-166.09311,250,2408.641243
-254.12709,250,2415.292602
-147.0449,250,2415.292602
-170.27103,250,2415.292602
-199.095,250,2415.293225
-139.92319,250,2415.293225
-190.06755,250,2415.293225
-220.29793,250,2418.218132
-180.54126,250,2424.899428
-250.71849,250,2424.899428
-202.65266,250,2424.899428
-207.26463,250,2424.899428
-181.30275,250,2424.899428
-115.86417,250,2424.899428
-170.70428,250,2427.855075
-104.44211,250,2434.423505
-163.22083,250,2434.423505
-432.36557,250,2434.423505
-340.2209,250,2434.423505
-160.7786,250,2434.423505
-289.5317,250,2434.423505
-154.10652,250,2439.008727
-274.76462,250,2445.495173
-218.90681,250,2445.495173
-258.89786,250,2445.495173
-142.05861,250,2445.49618
-153.31758,250,2445.49618
-200.13231,250,2445.49618
-153.05862,250,2448.236292
-372.14957,250,2455.172063
-117.39998,250,2455.172063
-158.98935,250,2455.172063
-97.06758,250,2455.172063
-216.54973,250,2455.173058
-108.18406,250,2455.173058
-131.6758,250,2458.533306
-171.79295,250,2468.0387
-120.94648,250,2468.0387
-162.31314,250,2468.0387
-220.79662,250,2468.0387
-107.334595,250,2468.0387
-143.49069,250,2468.0387
-143.8509,250,2471.729977
-126.66455,250,2479.185714
-109.76644,250,2479.185714
-76.658615,250,2479.185714
-110.50598,250,2479.185714
-285.0137,250,2479.185714
-170.7679,250,2479.185714
-186.43729,250,2484.054042
-118.25972,250,2490.674881
-223.82005,250,2490.674881
-63.776405,250,2490.674881
-171.5703,250,2490.674881
-150.4739,250,2490.674881
-132.86761,250,2490.674881
-132.45049,250,2493.916543
-111.904564,250,2500.902844
-293.72964,250,2500.903846
-258.5388,250,2500.903846
-259.81876,250,2500.903846
-92.05618,250,2500.903846
-49.39576,250,2500.903846
-162.93451,250,2504.36708
-108.17729,250,2512.505194
-197.74277,250,2512.506722
-128.6577,250,2512.506722
-208.91629,250,2512.506722
-112.97058,250,2512.506722
-148.6209,250,2512.506722
-250.17409,250,2515.724055
-149.91481,250,2523.283783
-192.61124,250,2523.283783
-218.05566,250,2523.283783
-202.56483,250,2523.283783
-138.26566,250,2523.283783
-91.953255,250,2523.283783
-191.76534,250,2529.594775
-282.27097,250,2538.631815
-194.13786,250,2538.631815
-271.5136,250,2538.631815
-111.38486,250,2538.631815
-112.56828,250,2538.631815
-138.3136,250,2538.631815
-171.08582,250,2544.322848
-311.8166,250,2557.66293
-133.8056,250,2557.66293
-99.941055,250,2557.66293
-136.48438,250,2557.66293
-180.7334,250,2557.66293
-145.56665,250,2557.66293
-199.3347,250,2563.466315
-248.11743,250,2575.492624
-261.8189,250,2575.492624
-172.09978,250,2575.492624
-192.06992,250,2575.492624
-185.67372,250,2575.492624
-206.27245,250,2575.492624
-269.2552,250,2579.773411
-152.01611,250,2586.16551
-172.53009,250,2586.16551
-91.244225,250,2586.16551
-155.6902,250,2586.16551
-180.7205,250,2586.166528
-259.0819,250,2586.166528
-118.27909,250,2589.080574
-240.84532,250,2597.376023
-112.76212,250,2597.376023
-336.24445,250,2597.376023
-239.3276,250,2597.376023
-134.58496,250,2597.376023
-44.614525,250,2597.376023
-153.47202,250,2600.36208
-253.48892,250,2606.958322
-215.32347,250,2606.958322
-300.04147,250,2606.958322
-401.64813,250,2606.958322
-206.16176,250,2606.958322
-141.40858,250,2606.958322
-147.5336,250,2609.778037
-182.97717,250,2618.155518
-248.71457,250,2618.155518
-182.97762,250,2618.155518
-200.20078,250,2618.155518
-246.8915,250,2618.155518
-173.26471,250,2618.155518
-88.04703,250,2621.743037
-203.7285,250,2629.36817
-270.91272,250,2629.36817
-108.54341,250,2629.36817
-255.58197,250,2629.36817
-184.43806,250,2629.36917
-217.08131,250,2629.36917
-212.02443,250,2631.96226
-140.25394,250,2640.057721
-215.75352,250,2640.057721
-180.70668,250,2640.057721
-160.49522,250,2640.057721
-95.536316,250,2640.058735
-299.55017,250,2640.058735
-178.54395,250,2642.94612
-332.00266,250,2649.652314
-186.6649,250,2649.652314
-158.67566,250,2649.652314
-200.733,250,2649.652314
-220.78107,250,2649.652314
-239.698,250,2649.652314
-85.23915,250,2652.863797
-176.52332,250,2659.832299
-111.38164,250,2659.832299
-201.86087,250,2659.832299
-199.61006,250,2659.832299
-87.97807,250,2659.832299
-218.6871,250,2659.832299
-145.48763,250,2662.615528
-130.5889,250,2669.008657
-161.07655,250,2669.009648
-151.61285,250,2669.009648
-199.25827,250,2669.009648
-418.67426,250,2669.009648
-152.45256,250,2669.009648
-209.2263,250,2671.995487
-178.8829,250,2680.235607
-244.33987,250,2680.235607
-89.57405,250,2680.235607
-137.53441,250,2680.235607
-282.47498,250,2680.235607
-161.02194,250,2680.235607
-199.62494,250,2683.285968
-163.80998,250,2690.517792
-188.52367,250,2690.517792
-107.21699,250,2690.517792
-95.37208,250,2690.517792
-169.90613,250,2690.517792
-200.79617,250,2690.517792
-85.6562,250,2693.468591
-81.42237,250,2700.083997
-287.8556,250,2700.083997
-197.36092,250,2700.083997
-203.20406,250,2700.083997
-167.95415,250,2700.083997
-272.6081,250,2700.083997
-190.05559,250,2702.764709
-108.91644,250,2709.391275
-78.0687,250,2709.391275
-197.15355,250,2709.391275
-162.70091,250,2709.391275
-151.55037,250,2709.391275
-226.62796,250,2709.391275
-107.16482,250,2712.320318
-182.26251,250,2720.453053
-373.3042,250,2720.453053
-222.0007,250,2720.453053
-339.23203,250,2720.453053
-241.14407,250,2720.453053
-250.63922,250,2720.453053
-213.51845,250,2723.393934
-209.92279,250,2729.905277
-149.27446,250,2729.906289
-101.87325,250,2729.906289
-159.08028,250,2729.906289
-207.5168,250,2729.906289
-208.02315,250,2729.906289
-192.96869,250,2732.703191
-196.39471,250,2739.318653
-142.60701,250,2739.318653
-184.52864,250,2739.319658
-199.66853,250,2739.319658
-189.30342,250,2739.319658
-159.74591,250,2739.319658
-227.39603,250,2742.230013
-175.03622,250,2749.199792
-148.96204,250,2749.199792
-136.76537,250,2749.199792
-202.12604,250,2749.199792
-260.88675,250,2749.199792
-193.65489,250,2749.199792
-156.98907,250,2752.034429
-178.19286,250,2760.120196
-171.61513,250,2760.120196
-109.44215,250,2760.120196
-233.97752,250,2760.120196
-204.13074,250,2760.120196
-146.65573,250,2760.120196
-172.86952,250,2762.936548
-113.45037,250,2769.877305
-217.33829,250,2769.878313
-140.53026,250,2769.878313
-128.31561,250,2769.878313
-243.47902,250,2769.878313
-102.02075,250,2769.878313
-286.13507,250,2772.738936
-216.0325,250,2779.547224
-350.49344,250,2779.547224
-185.6214,250,2779.547224
-107.66745,250,2779.547224
-164.57481,250,2779.547224
-264.09518,250,2779.547224
-173.71964,250,2782.483205
-149.41196,250,2789.14034
-128.2463,250,2789.14034
-398.43045,250,2789.14034
-249.68462,250,2789.14034
-161.2535,250,2789.14034
-166.80257,250,2789.14034
-103.52524,250,2791.780318
-88.35091,250,2800.076378
-150.60664,250,2800.076378
-182.34421,250,2800.076378
-269.61145,250,2800.076378
-153.28616,250,2800.076378
-123.89227,250,2800.077376
-113.91432,250,2802.875281
-153.9815,250,2809.610621
-75.11668,250,2809.610621
-290.1559,250,2809.610621
-188.45473,250,2809.610621
-265.14014,250,2809.610621
-158.53824,250,2809.610621
-206.0796,250,2813.656385
-188.82451,250,2820.910926
-130.33907,250,2820.910926
-178.51479,250,2820.910926
-177.03058,250,2820.910926
-204.44315,250,2820.910926
-256.36795,250,2820.910926
-158.91812,250,2823.705211
-226.17612,250,2830.371901
-105.51115,250,2830.371901
-247.42957,250,2830.371901
-380.03098,250,2830.371901
-292.65472,250,2830.371901
-271.7493,250,2830.371901
-188.98228,250,2833.392173
-94.559906,250,2841.956729
-275.8081,250,2841.956729
-251.2964,250,2841.956729
-168.67401,250,2841.956729
-280.9,250,2841.956729
-321.33636,250,2841.956729
-118.0301,250,2844.582626
-148.48769,250,2851.102779
-204.78064,250,2851.102779
-244.3075,250,2851.102779
-179.36047,250,2851.102779
-75.60856,250,2851.102779
-147.85255,250,2851.102779
-132.96092,250,2854.332445
-172.22952,250,2860.908597
-142.3229,250,2860.908597
-218.41405,250,2860.908597
-245.61023,250,2860.908597
-219.91203,250,2860.908597
-573.9576,250,2860.908597
-262.2529,250,2863.81734
-184.51535,250,2870.601295
-166.0414,250,2870.601295
-115.101746,250,2870.601295
-265.7381,250,2870.601295
-146.91669,250,2870.601295
-209.91278,250,2870.601295
-170.60446,250,2873.549154
-132.84988,250,2880.583744
-163.4082,250,2880.583744
-225.84543,250,2880.583744
-216.58777,250,2880.583744
-227.30724,250,2880.583744
-173.40125,250,2880.583744
-174.83914,250,2885.048732
-136.72438,250,2891.872185
-127.802734,250,2891.872185
-404.5776,250,2891.872185
-171.27013,250,2891.872185
-359.23874,250,2891.872185
-141.9571,250,2891.872185
-229.89987,250,2894.511752
-179.33025,250,2901.42492
-132.28903,250,2901.42492
-185.97678,250,2901.42492
-163.72917,250,2901.42492
-291.30502,250,2901.42492
-328.4398,250,2901.42492
-184.49388,250,2904.339814
-129.98418,250,2910.923343
-214.14496,250,2910.924334
-355.52487,250,2910.924334
-145.24501,250,2910.924334
-232.81409,250,2910.924334
-239.21175,250,2910.924334
-100.89834,250,2913.901423
-248.07443,250,2920.369041
-449.86618,250,2920.369041
-193.1352,250,2920.369041
-96.55166,250,2920.369041
-252.099,250,2920.369041
-111.61486,250,2920.369041
-140.26038,250,2924.784312
-159.60928,250,2931.407128
-188.19142,250,2931.407128
-126.39532,250,2931.407128
-238.947,250,2931.407128
-121.59565,250,2931.407128
-183.96243,250,2931.407128
-168.17987,250,2934.288537
-328.4603,250,2940.960297
-90.39232,250,2940.960297
-171.47125,250,2940.960297
-194.04057,250,2940.960297
-141.21552,250,2940.960297
-157.476,250,2940.960297
-107.00665,250,2943.957962
-402.79373,250,2950.57058
-222.1139,250,2950.57058
-161.54596,250,2950.57058
-146.49158,250,2950.57058
-284.5096,250,2950.571567
-148.12483,250,2950.571567
-185.63338,250,2953.483023
-203.04411,250,2960.375663
-197.53871,250,2960.375663
-167.06712,250,2960.375663
-327.07584,250,2960.375663
-108.563065,250,2960.375663
-121.13525,250,2960.375663
-299.64523,250,2965.023131
-150.33711,250,2971.36178
-394.30093,250,2971.36178
-141.15266,250,2971.36178
-164.58835,250,2971.36178
-182.02936,250,2971.36178
-280.8724,250,2971.36178
-147.75835,250,2974.119198
-139.2125,250,2980.677783
-212.17215,250,2980.677783
-180.39854,250,2980.677783
-211.6202,250,2980.677783
-179.34343,250,2980.677783
-124.16317,250,2980.677783
-200.3797,250,2983.500745
-163.13509,250,2990.320632
-128.0854,250,2990.320632
-293.4605,250,2990.320632
-180.57906,250,2990.320632
-201.28279,250,2990.320632
-176.09964,250,2990.320632
-269.62476,250,2993.247669
-248.87984,250,2999.909485
-128.99593,250,2999.909485
-425.2025,250,2999.909485
-253.29562,250,2999.909485
-183.04886,250,2999.909485
-312.8053,250,2999.910465
-217.74214,250,3002.631638
-209.3435,250,3011.210931
-198.83272,250,3011.210931
-127.518326,250,3011.210931
-178.9431,250,3011.210931
-165.66937,250,3011.210931
-273.6537,250,3011.210931
-133.73337,250,3014.050331
-187.89835,250,3020.712976
-174.30475,250,3020.712976
-105.28044,250,3020.712976
-204.37376,250,3020.712976
-125.176636,250,3020.712976
-233.55019,250,3020.712976
-374.60464,250,3023.623992
-245.7191,250,3030.116192
-105.58972,250,3030.116192
-167.25768,250,3030.116192
-432.55252,250,3030.116192
-141.82718,250,3030.116192
-389.32666,250,3030.116192
-242.45187,250,3032.846454
-220.50024,250,3039.413797
-229.2634,250,3039.413797
-154.42305,250,3039.413797
-216.59914,250,3039.413797
-327.7076,250,3039.413797
-158.65775,250,3039.413797
-237.55457,250,3042.361517
-330.51276,250,3050.511853
-148.76308,250,3050.511853
-217.39284,250,3050.511853
-176.55768,250,3050.511853
-144.2117,250,3050.511853
-318.6747,250,3050.511853
-170.72807,250,3053.456971
-303.20844,250,3060.058771
-190.82735,250,3060.059786
-290.1129,250,3060.059786
-135.55502,250,3060.059786
-131.93042,250,3060.059786
-120.862885,250,3060.059786
-200.9453,250,3062.765326
-388.5994,250,3069.453171
-263.39725,250,3069.453171
-229.67902,250,3069.454161
-261.46506,250,3069.454161
-144.07765,250,3069.454161
-197.8826,250,3069.454161
-132.6083,250,3072.361884
-183.20819,250,3079.172377
-178.34596,250,3079.172377
-241.50128,250,3079.172377
-151.70851,250,3079.172377
-495.92136,250,3079.172377
-209.43347,250,3079.172377
-152.27654,250,3082.148221
-158.65892,250,3090.164886
-162.26733,250,3090.164886
-243.81374,250,3090.165912
-197.43285,250,3090.165912
-191.2727,250,3090.165912
-198.02983,250,3090.165912
-542.3505,250,3092.917452
-292.43744,250,3099.524517
-239.21254,250,3099.52551
-263.37527,250,3099.52551
-192.17815,250,3099.52551
-297.1901,250,3099.52551
-126.04399,250,3099.52551
-203.54926,250,3102.538354
-268.00958,250,3109.204059
-212.0134,250,3109.204059
-271.84363,250,3109.204059
-297.9836,250,3109.204059
-441.71732,250,3109.204059
-132.08267,250,3109.204059
-206.98672,250,3112.07969
-203.96239,250,3118.62302
-296.3706,250,3118.62302
-260.53818,250,3118.62302
-151.32877,250,3118.62302
-210.46866,250,3118.62302
-285.8192,250,3118.62302
-327.22992,250,3121.457886
-217.86328,250,3129.752327
-180.45935,250,3129.752327
-107.67014,250,3129.752327
-140.14433,250,3129.752327
-266.31754,250,3129.752327
-340.0823,250,3129.752327
-339.5667,250,3132.69994
-170.55602,250,3139.362307
-177.1689,250,3139.362307
-146.32727,250,3139.362307
-298.864,250,3139.362307
-149.22942,250,3139.362307
-170.8037,250,3139.362307
-251.84093,250,3142.642746
-158.12885,250,3149.218532
-218.98698,250,3149.218532
-158.01717,250,3149.218532
-167.87675,250,3149.218532
-189.08359,250,3149.218532
-117.5247,250,3149.218532
-303.07666,250,3151.930806
-198.87177,250,3158.588327
-374.455,250,3158.588327
-149.31665,250,3158.588327
-481.40845,250,3158.588327
-165.02548,250,3158.588327
-136.41022,250,3158.588327
-205.78867,250,3161.567714
-142.52582,250,3169.747874
-188.69472,250,3169.747874
-189.37532,250,3169.747874
-126.80458,250,3169.747874
-206.30261,250,3169.747874
-133.4157,250,3169.747874
-595.5113,250,3172.704512
-150.06798,250,3179.249148
-124.372154,250,3179.249148
-179.97374,250,3179.249148
-162.9563,250,3179.249148
-160.25041,250,3179.249148
-169.02582,250,3179.249148
-197.05376,250,3181.992902
-239.97205,250,3188.690199
-179.83487,250,3188.690199
-93.28958,250,3188.690199
-281.64194,250,3188.690199
-155.60022,250,3188.690199
-243.66039,250,3188.690199
-139.11385,250,3191.864861
-189.58229,250,3199.178086
-211.1139,250,3199.178086
-142.98764,250,3199.178086
-108.4446,250,3199.178086
-230.22557,250,3199.178086
-264.3651,250,3199.178086
-202.6507,250,3202.245744
-209.03198,250,3210.575422
-171.12373,250,3210.575422
-298.04407,250,3210.575422
-233.25923,250,3210.575422
-218.75401,250,3210.575422
-129.89491,250,3210.575422
-287.9904,250,3213.57376
-179.21503,250,3220.216165
-174.26895,250,3220.216165
-298.58115,250,3220.216165
-170.5694,250,3220.216165
-208.84033,250,3220.216165
-134.62013,250,3220.216165
-200.12376,250,3223.049883
-123.91836,250,3229.578002
-232.62994,250,3229.579313
-261.81052,250,3229.579313
-219.55211,250,3229.579313
-204.37941,250,3229.579313
-447.68726,250,3229.579313
-118.75808,250,3233.147955
-194.28598,250,3241.1435
-226.38084,250,3241.1435
-155.20477,250,3241.1435
-180.00229,250,3241.1435
-160.62202,250,3241.1435
-217.714,250,3241.1435
-235.54228,250,3244.489394
-277.64395,250,3254.289886
-167.53336,250,3254.289886
-228.16394,250,3254.289886
-105.7454,250,3254.289886
-163.43068,250,3254.289886
-174.7814,250,3254.289886
-251.0557,250,3256.997393
-298.52036,250,3263.387165
-181.03867,250,3263.387165
-84.074135,250,3263.387165
-288.74466,250,3263.387165
-191.93307,250,3263.387165
-140.45369,250,3263.387165
-310.2299,250,3266.365539
-98.58643,250,3273.186603
-213.69916,250,3273.186603
-281.10617,250,3273.186603
-283.32333,250,3273.186603
-119.48437,250,3273.186603
-289.16428,250,3273.187602
-153.85829,250,3276.303385
-199.51826,250,3282.740268
-272.1615,250,3282.740268
-148.81398,250,3282.740268
-86.20937,250,3282.740268
-343.98102,250,3282.740268
-231.75562,250,3282.740268
-156.3303,250,3285.440935
-363.69156,250,3292.275789
-356.91684,250,3292.275789
-195.56276,250,3292.275789
-156.76743,250,3292.275789
-205.77426,250,3292.275789
-439.75546,250,3292.275789
-222.81097,250,3296.761616
-183.05179,250,3303.299493
-192.22131,250,3303.299493
-206.54199,250,3303.299493
-133.8455,250,3303.299493
-176.43495,250,3303.299493
-120.88904,250,3303.299493
-225.89636,250,3306.417957
-202.9812,250,3312.938209
-193.52905,250,3312.939228
-167.90558,250,3312.939228
-174.51466,250,3312.939228
-131.75337,250,3312.939228
-245.71707,250,3312.939228
-291.32004,250,3315.617145
-240.0913,250,3322.190228
-190.6349,250,3322.190228
-292.23807,250,3322.191238
-274.498,250,3322.191238
-415.84253,250,3322.191238
-136.38777,250,3322.191238
-137.70404,250,3325.23365
-305.36633,250,3331.783086
-132.14464,250,3331.783086
-123.052956,250,3331.783086
-187.3902,250,3331.783086
-316.43198,250,3331.783086
-77.79354,250,3331.783086
-111.82294,250,3336.190815
-141.20972,250,3343.081487
-102.516716,250,3343.081487
-105.14471,250,3343.081487
-189.08252,250,3343.081487
-301.25754,250,3343.081487
-226.74118,250,3343.081487
-174.64943,250,3345.88139
-161.74998,250,3352.511646
-264.68347,250,3352.512647
-134.63025,250,3352.512647
-202.10341,250,3352.512647
-121.14012,250,3352.512647
-224.75578,250,3352.512647
-171.61392,250,3355.7838
-176.5719,250,3362.407433
-266.74057,250,3362.407433
-175.86212,250,3362.407433
-138.5263,250,3362.407433
-131.93759,250,3362.407433
-166.98921,250,3362.407433
-328.45203,250,3365.27406
-178.6374,250,3371.963324
-141.95056,250,3371.963324
-276.46625,250,3371.963324
-186.01445,250,3371.963324
-175.16162,250,3371.963324
-389.8832,250,3371.963324
-117.40328,250,3376.365217
-136.2028,250,3382.940801
-359.87762,250,3382.940801
-195.26828,250,3382.941807
-181.3798,250,3382.941807
-162.79547,250,3382.941807
-243.3194,250,3382.941807
-264.27893,250,3385.871582
-104.46744,250,3392.484039
-165.0842,250,3392.484039
-129.94487,250,3392.484039
-157.3925,250,3392.484039
-320.39767,250,3392.484039
-191.15321,250,3392.484039
-228.95619,250,3395.464628
-184.43486,250,3401.939395
-178.04503,250,3401.939395
-194.00832,250,3401.939395
-375.9428,250,3401.939395
-148.66685,250,3401.939395
-256.98856,250,3401.939395
-138.68976,250,3405.063451
-254.56148,250,3411.732991
-206.5505,250,3411.732991
-224.90897,250,3411.732991
-195.83893,250,3411.732991
-170.71216,250,3411.732991
-218.6256,250,3411.732991
-194.23164,250,3416.465758
-138.27283,250,3422.927669
-163.81972,250,3422.927669
-145.78458,250,3422.927669
-235.69789,250,3422.927669
-165.34534,250,3422.927669
-181.10089,250,3422.927669
-163.64601,250,3426.00029
-357.35196,250,3433.139035
-171.8673,250,3433.139035
-191.53247,250,3433.139035
-188.56497,250,3433.139035
-141.9916,250,3433.139035
-273.81543,250,3433.139035
-145.16628,250,3436.807205
-254.71588,250,3443.736779
-103.093765,250,3443.736779
-347.15887,250,3443.736779
-138.81548,250,3443.736779
-178.26646,250,3443.736779
-168.3735,250,3443.736779
-317.52533,250,3447.349179
-112.80136,250,3456.17531
-426.92804,250,3456.1763
-204.78885,250,3456.1763
-172.20735,250,3456.1763
-220.68962,250,3456.1763
-111.17934,250,3456.1763
-157.81334,250,3459.717025
-266.28143,250,3467.928594
-134.85536,250,3467.928594
-196.27676,250,3467.928594
-313.0749,250,3467.928594
-111.20501,250,3467.928594
-237.1408,250,3467.928594
-223.64479,250,3471.171702
-174.65427,250,3477.929732
-210.79968,250,3477.929732
-212.60509,250,3477.929732
-245.01688,250,3477.929732
-165.20491,250,3477.929732
-135.63687,250,3477.929732
-154.60214,250,3480.927226
-144.29546,250,3487.87972
-122.39119,250,3487.87972
-214.62094,250,3487.87972
-180.91054,250,3487.87972
-203.03157,250,3487.87972
-251.76381,250,3487.87972
-175.99928,250,3490.693266
-190.49773,250,3497.350547
-180.1042,250,3497.350547
-110.835945,250,3497.350547
-192.99765,250,3497.350547
-175.27116,250,3497.350547
-350.71826,250,3497.350547
-146.01637,250,3500.316216
-151.33383,250,3508.329846
-128.47113,250,3508.329846
-234.11806,250,3508.329846
-203.71347,250,3508.329846
-243.74734,250,3508.329846
-311.94525,250,3508.329846
-160.24263,250,3511.292077
-322.36658,250,3518.14442
-223.64856,250,3518.14442
-164.72783,250,3518.14442
-158.66832,250,3518.14442
-178.34058,250,3518.14442
-213.51317,250,3518.14442
-259.49075,250,3521.112195
-218.67291,250,3527.612207
-383.6625,250,3527.612207
-234.33897,250,3527.612207
-262.32938,250,3527.612207
-163.94846,250,3527.612207
-193.56413,250,3527.612207
-274.0527,250,3530.582421
-169.92963,250,3537.457124
-120.14691,250,3537.457124
-248.66136,250,3537.457124
-182.70802,250,3537.457124
-176.16876,250,3537.457124
-186.36784,250,3537.457124
-271.28778,250,3540.435552
-233.36292,250,3548.626206
-249.4893,250,3548.627217
-241.68787,250,3548.627217
-235.88548,250,3548.627217
-208.77373,250,3548.627217
-192.67184,250,3548.627217
-153.73001,250,3551.434116
-372.70038,250,3558.013299
-359.15353,250,3558.013299
-363.39075,250,3558.013299
-294.5685,250,3558.013299
-151.18414,250,3558.013299
-211.99838,250,3558.013299
-357.76822,250,3560.894308
-158.35863,250,3567.559309
-301.43433,250,3567.560333
-174.00266,250,3567.560333
-277.64597,250,3567.560333
-153.84276,250,3567.560333
-176.27925,250,3567.560333
-140.11554,250,3570.526873
-173.74454,250,3577.113412
-233.83406,250,3577.113412
-287.15167,250,3577.113412
-104.02251,250,3577.113412
-351.14246,250,3577.113412
-288.0927,250,3577.113412
-132.10385,250,3579.855103
-196.4438,250,3588.054532
-255.72359,250,3588.054532
-183.15515,250,3588.054532
-262.0596,250,3588.054532
-268.60492,250,3588.054532
-149.88377,250,3588.054532
-401.7885,250,3591.142778
-361.24298,250,3597.874461
-239.86678,250,3597.874461
-150.04915,250,3597.874461
-199.37462,250,3597.874461
-171.219,250,3597.874461
-166.54611,250,3597.874461
-223.20422,250,3600.870921
-295.75958,250,3613.329044
-113.10892,250,3613.329044
-173.58359,250,3613.330024
-191.99638,250,3613.330024
-173.72484,250,3613.330024
-145.68857,250,3613.330024
-164.2635,250,3618.138838
-175.33101,250,3629.317402
-205.667,250,3629.318395
-183.43776,250,3629.318395
-161.69307,250,3629.318395
-154.47165,250,3629.318395
-161.89789,250,3629.318395
-188.69919,250,3634.205878
-160.70673,250,3648.669012
-120.46838,250,3648.670015
-139.79663,250,3648.670015
-336.32883,250,3648.670015
-145.32356,250,3648.670015
-196.75897,250,3648.670015
-174.96964,250,3653.438164
-183.00656,250,3664.393747
-130.44836,250,3664.393747
-249.59122,250,3664.394744
-117.16005,250,3664.394744
-159.90279,250,3664.394744
-238.83176,250,3664.394744
-259.38718,250,3669.373141
-191.18869,250,3681.309993
-327.59604,250,3681.310993
-315.37,250,3681.310993
-169.37582,250,3681.310993
-191.684,250,3681.310993
-136.32433,250,3681.310993
-190.58736,250,3686.426371
-308.58444,250,3697.573777
-143.5681,250,3697.573777
-230.7352,250,3697.573777
-176.45354,250,3697.573777
-214.33769,250,3697.573777
-145.54526,250,3697.573777
-106.91727,250,3702.349689
-202.37273,250,3717.030061
-190.82135,250,3717.030061
-286.16757,250,3717.030061
-184.43121,250,3717.030061
-325.25803,250,3717.030061
-223.20935,250,3717.030061
-262.36823,250,3721.736024
-179.89348,250,3733.154737
-298.92892,250,3733.155747
-181.28195,250,3733.155747
-267.696,250,3733.155747
-162.91022,250,3733.155747
-274.3881,250,3733.155747
-191.20682,250,3738.190117
-295.74307,250,3749.472719
-220.47223,250,3749.472719
-131.0142,250,3749.472719
-214.84499,250,3749.472719
-214.73126,250,3749.472719
-383.0651,250,3749.472719
-199.15947,250,3754.26581
-132.64812,250,3765.42633
-177.21164,250,3765.42633
-154.28252,250,3765.42633
-122.62421,250,3765.42633
-284.46765,250,3765.42633
-135.26775,250,3765.42633
-199.36748,250,3770.305336
-295.75592,250,3785.077621
-166.18793,250,3785.078621
-247.05394,250,3785.078621
-321.4287,250,3785.078621
-299.03687,250,3785.078621
-181.57735,250,3785.078621
-257.07407,250,3789.919122
-158.18553,250,3801.267701
-191.69388,250,3801.267701
-206.44489,250,3801.267701
-120.39863,250,3801.267701
-280.25095,250,3801.267701
-122.37548,250,3801.267701
-120.21575,250,3806.159322
-206.6932,250,3819.492983
-116.9977,250,3819.492983
-141.85405,250,3819.493979
-89.59853,250,3819.493979
-205.03368,250,3819.494979
-336.5268,250,3819.494979
-120.75473,250,3837.490846
-378.41718,250,3880.418927
-132.14896,250,3880.418927
-277.79578,250,3880.418927
-223.83093,250,3880.419913
-389.70993,250,3880.419913
-172.01773,250,3880.419913
-195.9863,250,3899.098671
-170.10045,250,3933.397995
-234.15756,250,3933.398988
-159.90076,250,3933.398988
-195.75955,250,3933.398988
-247.2135,250,3933.398988
-204.88718,250,3933.398988
-132.86154,250,3949.465749
-160.62996,250,3977.611187
-126.12245,250,3977.611187
-264.23395,250,3977.611187
-142.03781,250,3977.611187
-335.8525,250,3977.611187
-385.87125,250,3977.611187
-143.12975,250,3989.905625
-212.43752,250,4007.057557
-140.58794,250,4007.058543
-132.32365,250,4007.058543
-361.675,250,4007.058543
-215.85744,250,4007.058543
-275.1641,250,4007.058543
-297.037,250,4014.217191
-126.52178,250,4030.439476
-275.71548,250,4030.439476
-194.28824,250,4030.439476
-211.3692,250,4030.439476
-119.0384,250,4030.439476
-165.13885,250,4030.439476
-202.06047,250,4039.001801
-180.1291,250,4057.351163
-140.8092,250,4057.367793
-153.95282,250,4057.378793
-181.85019,250,4057.378793
-171.59982,250,4057.379789
-151.42834,250,4057.379789
-166.52472,250,4068.582485
-153.69177,250,4082.84805
-225.67833,250,4082.84805
-228.90607,250,4082.84805
-244.83336,250,4082.84805
-201.54985,250,4082.84805
-140.89613,250,4082.84805
-127.43247,250,4088.175943
-300.79474,250,4101.642274
-165.71689,250,4101.642274
-125.676254,250,4101.642274
-91.31202,250,4101.642274
-208.17004,250,4101.642274
-237.54367,250,4101.642274
-314.89957,250,4106.937829
-384.66623,250,4119.109368
-170.97508,250,4119.109368
-224.44145,250,4119.109368
-140.36165,250,4119.109368
-273.74185,250,4119.109368
-133.32619,250,4119.109368
-140.16525,250,4124.421438
-176.38387,250,4148.953658
-280.8092,250,4148.953658
-294.8095,250,4148.953658
-384.2151,250,4148.953658
-212.74834,250,4148.953658
-323.0756,250,4148.953658
-209.27676,250,4158.017193
-313.58423,250,4169.748547
-420.46286,250,4169.748547
-266.5941,250,4169.748547
-376.828,250,4169.748547
-240.4142,250,4169.748547
-187.80296,250,4169.748547
-151.16359,250,4174.78515
-289.75522,250,4186.594849
-151.65353,250,4186.594849
-150.51408,250,4186.594849
-176.71616,250,4186.594849
-173.45607,250,4186.594849
-314.59518,250,4186.594849
-106.088776,250,4191.65973
-225.57114,250,4204.031064
-190.57626,250,4204.031064
-219.2493,250,4204.031064
-167.74727,250,4204.031064
-434.64426,250,4204.031064
-192.00452,250,4204.031064
-204.80081,250,4208.936438
-331.4475,250,4220.542696
-188.94508,250,4220.542696
-201.20538,250,4220.542696
-195.6791,250,4220.542696
-256.44492,250,4220.542696
-107.4928,250,4220.542696
-238.06345,250,4225.722395
-137.70691,250,4240.507216
-208.04755,250,4240.508199
-159.32635,250,4240.508199
-220.17465,250,4240.508199
-253.99573,250,4240.508199
-209.85268,250,4240.508199
-244.9047,250,4245.534897
-144.90489,250,4257.560846
-182.11299,250,4257.560846
-203.36176,250,4257.560846
-260.07962,250,4257.561852
-224.41785,250,4257.561852
-262.74594,250,4257.561852
-270.73526,250,4262.77191
-263.4145,250,4274.215103
-209.58878,250,4274.216113
-291.35654,250,4274.216113
-112.69569,250,4274.216113
-187.80588,250,4274.216113
-184.38591,250,4274.216113
-370.7891,250,4279.383217
-183.3599,250,4290.816347
-126.073,250,4290.816347
-171.30469,250,4290.816347
-215.40872,250,4290.816347
-141.40378,250,4290.816347
-229.67545,250,4290.816347
-212.69916,250,4295.810494
-236.28741,250,4310.899346
-149.10736,250,4310.900328
-210.56355,250,4310.900328
-272.36438,250,4310.900328
-188.69623,250,4310.900328
-180.84036,250,4310.900328
-214.54166,250,4316.096076
-170.4912,250,4328.185323
-164.87439,250,4328.185323
-170.00923,250,4328.185323
-249.55272,250,4328.185323
-222.79681,250,4328.185323
-145.41855,250,4328.185323
-183.22705,250,4333.258435
-329.79257,250,4345.587453
-230.77676,250,4345.587453
-211.97105,250,4345.587453
-149.18124,250,4345.587453
-206.62665,250,4345.587453
-181.23851,250,4345.588454
-378.75256,250,4350.848265
-237.14601,250,4362.552745
-198.53995,250,4362.552745
-166.28062,250,4362.552745
-267.5292,250,4362.552745
-157.8661,250,4362.552745
-242.69359,250,4362.552745
-222.47285,250,4367.746751
-248.1423,250,4383.193154
-128.27065,250,4383.193154
-200.77478,250,4383.193154
-164.37051,250,4383.193154
-148.427,250,4383.193154
-137.20415,250,4383.194154
-189.37546,250,4388.337691
-128.27005,250,4400.386269
-138.8952,250,4400.386269
-169.41621,250,4400.386269
-322.41287,250,4400.386269
-106.892044,250,4400.386269
-192.06091,250,4400.386269
-157.36728,250,4405.256667
-333.96906,250,4416.884638
-132.61266,250,4416.884638
-184.51134,250,4416.884638
-310.82504,250,4416.884638
-155.45348,250,4416.884638
-167.30162,250,4416.884638
-162.21124,250,4422.001693
-112.72762,250,4433.543984
-214.3711,250,4433.54499
-165.22849,250,4433.54499
-138.5152,250,4433.54499
-177.61348,250,4433.54499
-205.42093,250,4433.54499
-173.7571,250,4438.394864
-350.12604,250,4454.457982
-314.08206,250,4454.457982
-219.50299,250,4454.457982
-198.8579,250,4454.457982
-162.49606,250,4454.457982
-173.37888,250,4454.457982
-115.050354,250,4459.72631
-167.54083,250,4471.320208
-155.60226,250,4471.320208
-184.81758,250,4471.320208
-217.78722,250,4471.320208
-289.82462,250,4471.320208
-185.05377,250,4471.320208
-202.47798,250,4476.506701
-145.85524,250,4488.044747
-242.4439,250,4488.044747
-430.95013,250,4488.044747
-173.11717,250,4488.044747
-207.4882,250,4488.044747
-160.60449,250,4488.044747
-161.41367,250,4492.965942
-217.36298,250,4504.828661
-127.865746,250,4504.829663
-218.09554,250,4504.829663
-298.23615,250,4504.829663
-197.76184,250,4504.829663
-251.03522,250,4504.829663
-169.89578,250,4510.004939
-305.25516,250,4525.623028
-172.97467,250,4525.623028
-177.69084,250,4525.623028
-230.12308,250,4525.623028
-187.23799,250,4525.623028
-251.11743,250,4525.623028
-228.06396,250,4530.867112
-329.43408,250,4542.462718
-471.93158,250,4542.4633
-209.81328,250,4542.4633
-142.99507,250,4542.4633
-155.62987,250,4542.4633
-207.9849,250,4542.4633
-103.548454,250,4547.54396
-342.84006,250,4558.979494
-211.68742,250,4558.979494
-374.9074,250,4558.979494
-162.15446,250,4558.979494
-166.54286,250,4558.979494
-191.7874,250,4558.979494
-148.15775,250,4564.156734
-231.68466,250,4575.862793
-266.82724,250,4575.862793
-175.95337,250,4575.863789
-232.31898,250,4575.863789
-174.99295,250,4575.863789
-152.8954,250,4575.863789
-399.05365,250,4580.953223
-409.29718,250,4596.421942
-286.9547,250,4596.422933
-317.29697,250,4596.422933
-237.13174,250,4596.422933
-174.8161,250,4596.422933
-314.50684,250,4596.422933
-208.0161,250,4601.549958
-218.27911,250,4613.092479
-255.35072,250,4613.092479
-225.0163,250,4613.092479
-214.40846,250,4613.092479
-170.06621,250,4613.092479
-134.59503,250,4613.092479
-194.35637,250,4618.033862
-183.72113,250,4629.832294
-224.38776,250,4629.832294
-267.001,250,4629.832294
-226.8866,250,4629.832294
-256.59802,250,4629.832294
-191.85321,250,4629.832294
-384.74313,250,4635.045158
-164.13449,250,4646.812907
-175.66629,250,4646.812907
-208.09659,250,4646.812907
-262.28445,250,4646.812907
-363.88293,250,4646.812907
-184.21877,250,4646.812907
-312.91208,250,4652.416832
-219.29552,250,4668.871816
-282.70383,250,4668.871816
-269.03348,250,4668.871816
-146.34671,250,4668.871816
-208.97375,250,4668.871816
-159.03238,250,4668.871816
-254.48169,250,4674.151755
-277.8438,250,4685.557123
-110.70083,250,4685.557123
-254.08046,250,4685.557123
-229.98016,250,4685.557123
-205.86565,250,4685.557123
-144.06343,250,4685.557123
-220.41685,250,4690.68935
-184.02051,250,4701.482883
-232.53462,250,4701.482883
-152.26102,250,4701.482883
-228.37737,250,4701.482883
-260.60736,250,4701.482883
-172.9987,250,4701.482883
-293.1067,250,4706.209123
-243.53114,250,4716.950844
-209.2082,250,4716.950844
-253.95363,250,4716.950844
-286.81717,250,4716.950844
-228.64444,250,4716.950844
-185.90627,250,4716.950844
-152.2813,250,4721.939859
-192.26236,250,4732.584338
-218.69118,250,4732.585352
-219.84564,250,4732.585352
-144.90704,250,4732.585352
-206.43314,250,4732.585352
-170.93971,250,4732.585352
-128.84122,250,4740.915926
-198.58238,250,4751.667838
-206.27916,250,4751.668838
-304.72134,250,4751.668838
-249.17769,250,4751.668838
-148.24629,250,4751.668838
-167.04169,250,4751.668838
-169.13055,250,4756.360373
-223.86801,250,4767.145021
-216.30585,250,4767.145021
-270.55368,250,4767.145021
-173.60645,250,4767.145021
-293.61987,250,4767.145021
-291.78098,250,4767.145021
-344.4205,250,4771.743221
-334.3393,250,4782.640644
-175.05255,250,4782.641656
-314.943,250,4782.641656
-280.8338,250,4782.641656
-231.6602,250,4782.641656
-249.31987,250,4782.641656
-160.9438,250,4787.433672
-222.98254,250,4798.544911
-159.77971,250,4798.544911
-189.64273,250,4798.544911
-183.12212,250,4798.544911
-208.62451,250,4798.544911
-178.46358,250,4798.544911
-200.85513,250,4807.118725
-363.21533,250,4817.768504
-218.74667,250,4817.769519
-175.22852,250,4817.769519
-170.77977,250,4817.769519
-286.67435,250,4817.769519
-161.02444,250,4817.769519
-270.5228,250,4822.550086
-435.44635,250,4833.462231
-251.36075,250,4833.462231
-133.08165,250,4833.462231
-303.4827,250,4833.462231
-246.77756,250,4833.462231
-152.40675,250,4833.462231
-140.75357,250,4838.121218
-214.77856,250,4848.941163
-188.52106,250,4848.941163
-161.24294,250,4848.941163
-215.11346,250,4848.941163
-213.7589,250,4848.941163
-216.97246,250,4848.941163
-235.47203,250,4853.815561
-385.64355,250,4864.647438
-214.51392,250,4864.648441
-270.84372,250,4864.648441
-246.58249,250,4864.648441
-183.91241,250,4864.648441
-211.09167,250,4864.648441
-226.15024,250,4873.088482
-262.09778,250,4883.813366
-213.0822,250,4883.813366
-182.29948,250,4883.813366
-323.15308,250,4883.813366
-362.90076,250,4883.814364
-339.3639,250,4883.814364
-350.61893,250,4888.637638
-226.24652,250,4899.269784
-144.42168,250,4899.269784
-234.4418,250,4899.269784
-311.32874,250,4899.269784
-159.5481,250,4899.269784
-113.25614,250,4899.269784
-254.34358,250,4904.092993
-358.34277,250,4914.767349
-195.93419,250,4914.767349
-245.09132,250,4914.767349
-268.60788,250,4914.767349
-144.60478,250,4914.767349
-317.26956,250,4914.767349
-353.60974,250,4919.76123
-234.85533,250,4930.669503
-137.8882,250,4930.669503
-258.687,250,4930.670498
-156.03989,250,4930.670498
-342.7332,250,4930.670498
-262.39642,250,4930.670498
-231.44409,250,4935.252203
-220.0858,250,4949.621443
-271.37027,250,4949.621443
-196.05513,250,4949.621443
-176.28548,250,4949.621443
-276.76605,250,4949.621443
-351.41333,250,4949.621443
-201.3249,250,4954.345013
-243.46284,250,4965.216515
-229.08365,250,4965.216515
-145.28928,250,4965.217517
-358.45584,250,4965.217517
-193.3035,250,4965.217517
-194.62169,250,4965.217517
-270.52158,250,4969.879197
-261.90366,250,4980.684257
-179.92232,250,4980.684257
-163.75409,250,4980.684257
-179.82312,250,4980.684257
-189.71016,250,4980.684257
-321.1315,250,4980.684257
-193.47856,250,4985.723352
-149.76898,250,4996.940861
-258.4541,250,4996.941868
-262.89835,250,4996.941868
-140.06738,250,4996.941868
-409.25778,250,4996.941868
-208.833,250,4996.941868
-212.83408,250,5001.595071
-180.09778,250,5015.892777
-280.62537,250,5015.892777
-229.5496,250,5015.892777
-172.69785,250,5015.892777
-264.0484,250,5015.892777
-281.35867,250,5015.893777
-159.72055,250,5020.512391
-305.6068,250,5031.377437
-160.81439,250,5031.377437
-193.55275,250,5031.377437
-276.6055,250,5031.377437
-323.7102,250,5031.377437
-170.19945,250,5031.377437
-243.0847,250,5036.136351
-194.58362,250,5047.281546
-297.75177,250,5047.281546
-195.77498,250,5047.281546
-178.96057,250,5047.282568
-221.90149,250,5047.282568
-247.13293,250,5047.282568
-180.96352,250,5052.414918
-162.04936,250,5063.0409
-191.31789,250,5063.0409
-280.57373,250,5063.041892
-245.24464,250,5063.041892
-278.72293,250,5063.041892
-258.66626,250,5063.041892
-213.97275,250,5067.76546
-204.57666,250,5081.929818
-215.76445,250,5081.929818
-447.93353,250,5081.929818
-174.76181,250,5081.929818
-168.9632,250,5081.929818
-294.01938,250,5081.929818
-171.80534,250,5086.631215
-219.84795,250,5097.513338
-158.45525,250,5097.513338
-158.99763,250,5097.513338
-202.32573,250,5097.513338
-266.93985,250,5097.513338
-208.17479,250,5097.513338
-329.59442,250,5102.266122
-225.90501,250,5113.227384
-163.92116,250,5113.227384
-156.22304,250,5113.227384
-227.14276,250,5113.227384
-230.69875,250,5113.227384
-135.32642,250,5113.227384
-171.22342,250,5117.936716
-226.86359,250,5128.60792
-249.78711,250,5128.60792
-207.3397,250,5128.60792
-522.7669,250,5128.60792
-241.34242,250,5128.60792
-212.48091,250,5128.60792
-348.90768,250,5133.234937
-106.19234,250,5147.613666
-153.02528,250,5147.613666
-173.73967,250,5147.613666
-306.59262,250,5147.613666
-197.66357,250,5147.613666
-188.54825,250,5147.613666
-141.8077,250,5152.255984
-163.37553,250,5163.105397
-154.7972,250,5163.105397
-138.81837,250,5163.106389
-160.53816,250,5163.106389
-155.13802,250,5163.106389
-195.25461,250,5163.106389
-211.8981,250,5167.898673
-297.45676,250,5178.660241
-300.73782,250,5178.660241
-258.18747,250,5178.660241
-135.94025,250,5178.660241
-184.36523,250,5178.660241
-210.39294,250,5178.660241
-173.0412,250,5183.753213
-164.03087,250,5194.357182
-183.98988,250,5194.358178
-244.8559,250,5194.358178
-160.50813,250,5194.358178
-175.75462,250,5194.358178
-187.9831,250,5194.358178
-190.98999,250,5199.226435
-188.90372,250,5214.042647
-243.84229,250,5214.042647
-250.21407,250,5214.042647
-318.62732,250,5214.042647
-427.75833,250,5214.042647
-188.68146,250,5214.042647
-151.26044,250,5219.086708
-206.28278,250,5230.006876
-155.9951,250,5230.006876
-380.39984,250,5230.006876
-217.77954,250,5230.006876
-212.69133,250,5230.006876
-288.36624,250,5230.006876
-153.8557,250,5234.720427
-226.14908,250,5245.812685
-164.46593,250,5245.812685
-240.51831,250,5245.812685
-108.06255,250,5245.812685
-204.64888,250,5245.812685
-344.2549,250,5245.812685
-169.24461,250,5250.90004
-336.53207,250,5261.926461
-273.07318,250,5261.927465
-345.13962,250,5261.927465
-205.76517,250,5261.927465
-138.90434,250,5261.927465
-221.22168,250,5261.927465
-244.44875,250,5266.822841
-331.2505,250,5281.576016
-220.40416,250,5281.57702
-184.90749,250,5281.57702
-181.48639,250,5281.57702
-306.56705,250,5281.57702
-185.50574,250,5281.57702
-267.5095,250,5286.324825
-113.55363,250,5297.222217
-149.97641,250,5297.223212
-278.03635,250,5297.223212
-231.08415,250,5297.223212
-198.97357,250,5297.223212
-204.41483,250,5297.223212
-196.03615,250,5301.954375
-187.50061,250,5312.985975
-176.25877,250,5312.985975
-187.80116,250,5312.985975
-292.88214,250,5312.985975
-120.96566,250,5312.985975
-414.7676,250,5312.985975
-148.9748,250,5317.864715
-219.15059,250,5328.671709
-156.45122,250,5328.671709
-251.52682,250,5328.671709
-195.38393,250,5328.671709
-174.29347,250,5328.671709
-202.23994,250,5328.671709
-250.34111,250,5333.298427
-184.15895,250,5347.669314
-379.29446,250,5347.669314
-227.53902,250,5347.669314
-248.50914,250,5347.669314
-193.97348,250,5347.669314
-246.43231,250,5347.669314
-622.2548,250,5352.424494
-272.47437,250,5363.318479
-264.33472,250,5363.318479
-228.66107,250,5363.318479
-208.98473,250,5363.318479
-194.40685,250,5363.318479
-142.28574,250,5363.318479
-172.46994,250,5368.156134
-385.9371,250,5378.942851
-281.16364,250,5378.942851
-207.55177,250,5378.942851
-189.71292,250,5378.942851
-158.52072,250,5378.942851
-197.54565,250,5378.942851
-156.69934,250,5383.84574
-198.3568,250,5394.5199
-201.96582,250,5394.5199
-428.33276,250,5394.5199
-251.07594,250,5394.5199
-243.55234,250,5394.5199
-258.79266,250,5394.5199
-154.5471,250,5399.461714
-237.09949,250,5413.966959
-106.99844,250,5413.967557
-228.35786,250,5413.967557
-263.91965,250,5413.967557
-158.23088,250,5413.967557
-211.35637,250,5413.967557
-292.43475,250,5418.791371
-106.13179,250,5429.941863
-274.11456,250,5429.941863
-278.82172,250,5429.941863
-161.41632,250,5429.941863
-188.89145,250,5429.941863
-279.98193,250,5429.941863
-203.32758,250,5434.602528
-289.37433,250,5445.902787
-158.05032,250,5445.902787
-197.02943,250,5445.902787
-203.61818,250,5445.902787
-180.77309,250,5445.902787
-323.6974,250,5445.902787
-276.8867,250,5450.655585
-514.16705,250,5461.470422
-207.26288,250,5461.470422
-161.64519,250,5461.470422
-287.6662,250,5461.470422
-179.58073,250,5461.470422
-330.94006,250,5461.470422
-175.19641,250,5466.122957
-108.13065,250,5477.163944
-202.01053,250,5477.163944
-260.4994,250,5477.163944
-295.31644,250,5477.163944
-171.9153,250,5477.163944
-150.95053,250,5477.163944
-158.15547,250,5485.585793
-161.51862,250,5496.351923
-178.87701,250,5496.351923
-164.6515,250,5496.351923
-227.16113,250,5496.351923
-210.99539,250,5496.351923
-152.70645,250,5496.351923
-230.74184,250,5501.153219
-249.82918,250,5512.262212
-427.65045,250,5512.263203
-234.42079,250,5512.263203
-303.69492,250,5512.263203
-393.34528,250,5512.263203
-278.63818,250,5512.263203
-219.58432,250,5516.966438
-110.695076,250,5527.746564
-268.26215,250,5527.746564
-161.1737,250,5527.747561
-90.25921,250,5527.747561
-212.48795,250,5527.747561
-280.56497,250,5527.747561
-291.10675,250,5532.481329
-215.57666,250,5543.485651
-111.63499,250,5543.485651
-281.4595,250,5543.485651
-231.37857,250,5543.485651
-169.13339,250,5543.485651
-227.6186,250,5543.485651
-146.47966,250,5551.80869
-218.94281,250,5562.92198
-218.7765,250,5562.92198
-231.52235,250,5562.92198
-220.17574,250,5562.92198
-234.35046,250,5562.92198
-184.36935,250,5562.92198
-152.41872,250,5567.574583
-420.4394,250,5578.833596
-245.10535,250,5578.833596
-267.6888,250,5578.834597
-228.82323,250,5578.834597
-180.1907,250,5578.834597
-282.8605,250,5578.834597
-241.82254,250,5583.575312
-245.59212,250,5594.453594
-160.62794,250,5594.454592
-280.70544,250,5594.454592
-337.161,250,5594.454592
-243.11743,250,5594.454592
-168.83731,250,5594.454592
-160.70801,250,5599.399416
-167.50812,250,5610.113745
-282.6425,250,5610.113745
-291.24506,250,5610.113745
-265.21243,250,5610.113745
-472.24252,250,5610.113745
-208.4494,250,5610.114745
-474.16858,250,5618.575569
-216.64352,250,5630.069489
-187.12407,250,5630.069489
-306.49048,250,5630.069489
-156.5791,250,5630.069489
-179.04057,250,5630.069489
-236.16727,250,5630.069489
-305.7069,250,5633.418369
-221.19669,250,5639.229122
-156.50496,250,5639.229122
-285.39166,250,5639.229122
-176.1711,250,5639.229122
-195.9557,250,5639.229122
-182.79295,250,5639.229122
-322.2719,250,5641.630904
-158.32635,250,5646.973826
-139.73824,250,5646.973826
-190.92844,250,5646.973826
-128.66927,250,5646.973826
-169.07932,250,5646.973826
-318.14954,250,5646.973826
-172.05223,250,5650.737626
-329.82407,250,5660.15949
-124.64264,250,5660.15949
-180.91434,250,5660.15949
-250.05103,250,5660.15949
-143.52678,250,5660.15949
-278.4845,250,5660.15949
-355.02142,250,5663.651219
-183.31213,250,5673.120591
-364.755,250,5673.120591
-290.21988,250,5673.121609
-197.88358,250,5673.121609
-198.49774,250,5673.121609
-243.14488,250,5673.121609
-274.1925,250,5675.820416
-311.74875,250,5682.268903
-170.78131,250,5682.268903
-245.59232,250,5682.268903
-204.64114,250,5682.268903
-163.01758,250,5682.269886
-329.888,250,5682.269886
-284.10175,250,5685.002955
-221.0152,250,5691.201946
-187.3984,250,5691.202941
-251.05171,250,5691.202941
-202.4408,250,5691.202941
-269.6921,250,5691.202941
-177.19263,250,5691.202941
-241.17514,250,5693.781169
-224.68251,250,5699.924015
-225.43115,250,5699.924015
-223.9211,250,5699.924015
-194.43169,250,5699.924015
-387.9127,250,5699.924015
-268.8107,250,5699.924015
-266.18375,250,5702.484586
-128.2145,250,5710.284061
-348.41104,250,5710.284061
-351.4518,250,5710.284061
-252.09647,250,5710.284061
-214.95398,250,5710.284061
-168.17868,250,5710.284061
-152.86159,250,5712.860122
-270.02014,250,5719.020605
-209.13,250,5719.020605
-184.09065,250,5719.020605
-170.51962,250,5719.020605
-179.35245,250,5719.020605
-235.07077,250,5719.020605
-128.7736,250,5721.74129
-202.71156,250,5727.884575
-196.1621,250,5727.884575
-230.61282,250,5727.885565
-176.73195,250,5727.885565
-186.63402,250,5727.885565
-203.07051,250,5727.885565
-181.5927,250,5730.497935
-267.5737,250,5736.65045
-293.37793,250,5736.65045
-305.3078,250,5736.65045
-231.49602,250,5736.65045
-118.75773,250,5736.65045
-166.0298,250,5736.65045
-205.10016,250,5739.458187
-174.32297,250,5746.90762
-206.84544,250,5746.90762
-151.38298,250,5746.90762
-199.33032,250,5746.90762
-130.1201,250,5746.90762
-235.8142,250,5746.90762
-319.52313,250,5749.611654
-204.95926,250,5755.679887
-239.41809,250,5755.679887
-202.80655,250,5755.679887
-172.93282,250,5755.679887
-196.16414,250,5755.680535
-104.07668,250,5755.680535
-131.19777,250,5758.278289
-140.14911,250,5764.371475
-291.00125,250,5764.372501
-162.39246,250,5764.372501
-298.78204,250,5764.372501
-137.71942,250,5764.372501
-210.62149,250,5764.372501
-204.26653,250,5767.123182
-412.78055,250,5773.434525
-297.31342,250,5773.434525
-167.35742,250,5773.434525
-172.61789,250,5773.434525
-132.2698,250,5773.434525
-259.06183,250,5773.434525
-301.45886,250,5776.217337
-204.79256,250,5783.384831
-126.99551,250,5783.384831
-146.57669,250,5783.384831
-326.00418,250,5783.384831
-234.9456,250,5783.384831
-226.64128,250,5783.384831
-227.0331,250,5786.132397
-320.3396,250,5792.336895
-215.54538,250,5792.337881
-205.39612,250,5792.337881
-213.59166,250,5792.337881
-267.2702,250,5792.337881
-170.10681,250,5792.337881
-176.9043,250,5794.977683
-234.67365,250,5801.188725
-199.14311,250,5801.188725
-330.57,250,5801.188725
-220.79517,250,5801.188725
-296.39542,250,5801.188725
-234.16942,250,5801.188725
-202.79355,250,5804.32497
-226.4331,250,5811.66644
-206.64525,250,5811.66644
-416.3588,250,5811.66644
-232.3654,250,5811.66644
-333.12195,250,5811.66644
-192.2975,250,5811.66644
-180.11974,250,5814.625622
-348.40445,250,5822.205563
-202.48447,250,5822.205563
-167.0089,250,5822.205563
-451.05502,250,5822.205563
-227.92361,250,5822.205563
-300.4436,250,5822.205563
-301.60925,250,5824.792767
-325.0088,250,5830.95662
-173.96817,250,5830.95662
-199.6825,250,5830.95662
-148.90808,250,5830.95662
-345.50674,250,5830.95662
-192.32481,250,5830.95662
-150.82706,250,5833.672283
-232.75182,250,5839.85939
-206.7211,250,5839.85939
-187.6295,250,5839.85939
-250.9941,250,5839.85939
-149.46117,250,5839.85939
-150.09592,250,5839.85939
-185.13187,250,5842.720954
-266.41858,250,5848.862642
-250.2205,250,5848.862642
-195.2515,250,5848.862642
-232.32042,250,5848.862642
-181.05753,250,5848.862642
-288.34903,250,5848.862642
-175.04454,250,5851.426916
-429.6077,250,5858.785953
-233.13759,250,5858.785953
-170.61137,250,5858.785953
-208.50827,250,5858.785953
-194.909,250,5858.785953
-373.1455,250,5858.785953
-225.7893,250,5861.549257
-141.3817,250,5867.61222
-213.89334,250,5867.61222
-243.31662,250,5867.61222
-248.2786,250,5867.61222
-148.41505,250,5867.61222
-146.90912,250,5867.61222
-339.22366,250,5870.236986
-136.62769,250,5876.375266
-218.54143,250,5876.375266
-168.42052,250,5876.375266
-176.66138,250,5876.375266
-201.09639,250,5876.375266
-394.9083,250,5876.375266
-155.46576,250,5879.104169
-274.17578,250,5885.230351
-291.0379,250,5885.230351
-211.56197,250,5885.230351
-244.54025,250,5885.230351
-159.25821,250,5885.230351
-214.07301,250,5885.230351
-298.43735,250,5887.890007
-344.51898,250,5895.742168
-235.97351,250,5895.742168
-297.99133,250,5895.742168
-301.0094,250,5895.742168
-126.24295,250,5895.742168
-191.59677,250,5895.742168
-209.80505,250,5898.532586
-231.03647,250,5905.561304
-206.31049,250,5905.561304
-191.42738,250,5905.561304
-205.8445,250,5905.561304
-344.80923,250,5905.56231
-180.9748,250,5905.56231
-199.52849,250,5908.459024
-163.52512,250,5914.535037
-221.45549,250,5914.535037
-319.80994,250,5914.535037
-224.52776,250,5914.535037
-208.35391,250,5914.535037
-438.7441,250,5914.535037
-295.9128,250,5917.316413
-143.12082,250,5923.526879
-292.6529,250,5923.526879
-191.46794,250,5923.526879
-253.26816,250,5923.526879
-258.78226,250,5923.526879
-282.3496,250,5923.526879
-141.00769,250,5926.153932
-322.49228,250,5932.393541
-184.54437,250,5932.393541
-228.68684,250,5932.393541
-203.67834,250,5932.393541
-387.2795,250,5932.393541
-175.61823,250,5932.394539
-188.10808,250,5936.492245
-224.07726,250,5942.720433
-184.51146,250,5942.720433
-309.69858,250,5942.720433
-182.4122,250,5942.720433
-195.69383,250,5942.720433
-175.49825,250,5942.720433
-403.03925,250,5945.407419
-191.87257,250,5952.054585
-138.1592,250,5952.054585
-376.37906,250,5952.054585
-120.28134,250,5952.054585
-160.8226,250,5952.054585
-159.9502,250,5952.054585
-143.1912,250,5954.919631
-202.66154,250,5961.318266
-191.64247,250,5961.318266
-237.34349,250,5961.318266
-252.49213,250,5961.318266
-311.86105,250,5961.318266
-231.60495,250,5961.318266
-162.09468,250,5964.088681
-258.56897,250,5970.361915
-247.8041,250,5970.361915
-233.4631,250,5970.361915
-178.08768,250,5970.361915
-214.95462,250,5970.361915
-194.41779,250,5970.361915
-166.69855,250,5974.340216
-240.70963,250,5980.582547
-166.09712,250,5980.582547
-233.56544,250,5980.582547
-140.40402,250,5980.582547
-297.8658,250,5980.582547
-217.74054,250,5980.583558
-196.738,250,5983.32163
-306.06168,250,5989.413149
-212.40454,250,5989.413149
-191.96278,250,5989.413149
-163.85922,250,5989.413149
-180.26895,250,5989.413149
-366.31372,250,5989.413149
-170.44273,250,5992.08581
-294.44077,250,5998.448961
-184.80688,250,5998.448961
-267.77417,250,5998.448961
-293.99686,250,5998.448961
-164.56563,250,5998.448961
-282.6601,250,5998.448961
-235.55774,250,6001.073565
-297.14722,250,6007.165585
-218.21693,250,6007.165585
-195.56859,250,6007.165585
-142.26036,250,6007.165585
-271.89545,250,6007.166577
-342.83737,250,6007.166577
-275.67905,250,6011.022051
-178.43436,250,6017.175537
-275.7467,250,6017.175537
-242.53064,250,6017.175537
-161.06822,250,6017.175537
-251.72437,250,6017.175537
-236.60852,250,6017.175537
-224.8466,250,6019.823602
-159.07771,250,6025.930905
-187.42506,250,6025.930905
-167.29855,250,6025.930905
-200.11563,250,6025.930905
-179.69876,250,6025.930905
-193.99799,250,6025.930905
-226.01266,250,6028.63437
-185.85869,250,6034.820349
-275.24176,250,6034.820349
-267.05316,250,6034.820349
-210.01176,250,6034.820349
-134.53809,250,6034.820349
-204.00996,250,6034.820349
-171.78821,250,6037.721237
-216.6938,250,6043.841167
-200.59712,250,6043.841167
-177.54794,250,6043.841167
-333.37393,250,6043.841167
-340.6586,250,6043.841167
-213.6294,250,6043.841167
-372.88553,250,6046.512113
-219.44205,250,6053.676225
-253.43385,250,6053.676225
-350.024,250,6053.676225
-255.2255,250,6053.676225
-115.96727,250,6053.676225
-282.68073,250,6053.676225
-270.8095,250,6056.425237
-131.4835,250,6063.056828
-212.33893,250,6063.056828
-187.45198,250,6063.056828
-230.49178,250,6063.056828
-360.0691,250,6063.056828
-387.34167,250,6063.056828
-189.90327,250,6065.928887
-178.69203,250,6072.519805
-245.4461,250,6072.519805
-181.92722,250,6072.519805
-251.18242,250,6072.519805
-218.19948,250,6072.519805
-251.59375,250,6072.519805
-390.6202,250,6075.475149
-235.27682,250,6081.806206
-160.45099,250,6081.806206
-165.95047,250,6081.806206
-283.1529,250,6081.806206
-225.86238,250,6081.806206
-196.66579,250,6081.806206
-365.5492,250,6084.565022
-249.5186,250,6091.951721
-316.55246,250,6091.951721
-320.4201,250,6091.951721
-187.94498,250,6091.951721
-178.80666,250,6091.951721
-221.418,250,6091.951721
-227.5178,250,6094.58324
-241.59929,250,6101.022311
-231.32246,250,6101.022311
-326.06262,250,6101.022311
-196.08636,250,6101.022311
-210.28973,250,6101.022311
-240.09158,250,6101.022311
-158.76593,250,6103.758113
-242.32593,250,6109.899173
-107.53043,250,6109.899173
-203.22073,250,6109.899173
-240.96422,250,6109.899173
-195.74763,250,6109.899173
-217.70882,250,6109.899173
-122.27305,250,6112.591924
-162.4619,250,6118.731945
-204.5347,250,6118.731945
-293.39566,250,6118.731945
-198.84479,250,6118.731945
-178.68999,250,6118.731945
-213.09097,250,6118.731945
-194.32173,250,6121.3482
-167.40019,250,6128.742723
-232.36748,250,6128.742723
-145.18283,250,6128.742723
-224.77379,250,6128.742723
-157.06981,250,6128.742723
-187.16339,250,6128.742723
-203.20271,250,6131.434843
-239.6342,250,6137.589134
-169.15887,250,6137.590148
-204.07239,250,6137.590148
-248.63823,250,6137.590148
-263.9075,250,6137.590148
-259.70145,250,6137.590148
-153.87485,250,6140.257275
-381.10376,250,6146.449097
-362.2775,250,6146.449097
-240.6315,250,6146.449097
-126.4439,250,6146.449097
-223.77998,250,6146.449097
-242.13762,250,6146.449097
-228.56863,250,6149.091333
-262.46436,250,6155.395158
-205.29253,250,6155.395158
-430.8359,250,6155.395158
-192.87509,250,6155.395158
-220.92819,250,6155.395158
-416.48273,250,6155.395158
-143.86118,250,6158.258631
-188.59065,250,6165.683162
-214.3036,250,6165.683162
-333.47888,250,6165.683162
-225.48314,250,6165.683162
-156.78137,250,6165.683162
-187.58347,250,6165.683162
-188.85582,250,6168.61041
-303.53354,250,6175.026196
-253.15038,250,6175.026196
-352.87802,250,6175.026196
-260.14255,250,6175.026196
-260.43665,250,6175.026196
-165.78975,250,6175.026196
-362.0689,250,6177.911535
-212.97786,250,6184.039524
-278.49707,250,6184.039524
-140.56323,250,6184.039524
-149.78423,250,6184.039524
-170.32428,250,6184.039524
-268.71658,250,6184.039524
-224.85594,250,6186.897233
-274.1441,250,6193.061324
-203.60622,250,6193.061324
-126.137726,250,6193.061324
-173.73311,250,6193.061324
-185.5591,250,6193.061324
-317.3963,250,6193.061324
-175.37354,250,6195.706713
-229.49474,250,6203.044411
-332.94327,250,6203.044411
-295.06598,250,6203.044411
-211.92596,250,6203.044411
-214.95007,250,6203.044411
-208.12558,250,6203.044411
-276.9043,250,6205.754153
-250.64006,250,6211.790768
-465.77283,250,6211.790768
-328.71347,250,6211.790768
-184.64468,250,6211.791758
-230.53854,250,6211.791758
-360.07053,250,6211.791758
-302.1004,250,6214.34831
-171.85075,250,6220.548074
-317.6917,250,6220.548074
-279.86945,250,6220.548074
-175.5599,250,6220.548074
-237.88286,250,6220.548074
-231.03984,250,6220.548074
-238.18835,250,6223.110851
-185.22725,250,6229.248896
-250.33063,250,6229.248896
-249.86044,250,6229.248896
-522.8576,250,6229.248896
-218.14503,250,6229.248896
-224.33382,250,6229.248896
-156.03624,250,6232.080976
-265.33923,250,6239.763159
-119.20113,250,6239.763159
-295.39178,250,6239.763159
-165.59882,250,6239.763159
-287.65616,250,6239.763159
-209.27466,250,6239.763159
-400.11417,250,6242.4744
-266.7597,250,6248.616051
-190.7475,250,6248.616051
-244.23947,250,6248.616051
-179.59483,250,6248.616051
-179.19246,250,6248.616051
-181.6651,250,6248.616051
-180.14476,250,6251.285072
-265.05246,250,6257.468293
-567.73755,250,6257.468293
-209.0135,250,6257.468293
-256.30838,250,6257.468293
-254.34581,250,6257.468293
-246.01988,250,6257.468293
-332.50162,250,6260.058752
-222.17236,250,6266.232316
-158.19032,250,6266.232316
-187.22166,250,6266.232316
-220.54442,250,6266.232316
-314.98865,250,6266.232316
-235.38191,250,6266.232316
-155.83113,250,6268.808253
-284.87497,250,6276.124015
-194.74234,250,6276.124015
-271.80212,250,6276.124015
-133.19104,250,6276.124015
-255.35628,250,6276.125017
-184.53496,250,6276.125017
-274.32022,250,6278.84448
-227.13538,250,6284.845192
-203.88606,250,6284.845192
-279.72632,250,6284.845192
-309.49747,250,6284.845192
-211.32802,250,6284.845192
-272.2767,250,6284.845192
-263.55304,250,6287.517146
-215.79228,250,6293.574373
-167.53613,250,6293.575384
-260.80917,250,6293.575384
-107.398346,250,6293.575384
-567.89264,250,6293.575384
-300.3522,250,6293.575384
-398.09982,250,6296.371485
-248.64377,250,6302.596023
-216.16368,250,6302.596023
-418.852,250,6302.596023
-386.0562,250,6302.596023
-195.34326,250,6302.596023
-170.7257,250,6302.596023
-229.27217,250,6305.368251
-227.88528,250,6311.429907
-290.5258,250,6311.429907
-172.30936,250,6311.429907
-243.23286,250,6311.429907
-181.99973,250,6311.429907
-230.90913,250,6311.429907
-233.43144,250,6315.332312
-307.50052,250,6321.409512
-171.81287,250,6321.409512
-240.42667,250,6321.409512
-237.73935,250,6321.409512
-222.2992,250,6321.409512
-262.70346,250,6321.409512
-375.2355,250,6324.047762
-306.03198,250,6330.194556
-194.03577,250,6330.194556
-268.98947,250,6330.194556
-194.19849,250,6330.194556
-278.4717,250,6330.194556
-138.80708,250,6330.194556
-227.4212,250,6332.821718
-297.1682,250,6339.073811
-182.54008,250,6339.073811
-188.69678,250,6339.073811
-192.69055,250,6339.073811
-183.88475,250,6339.073811
-268.1316,250,6339.073811
-182.8817,250,6341.85177
-197.8491,250,6347.942816
-269.52423,250,6347.942816
-290.05023,250,6347.942816
-282.5005,250,6347.942816
-187.752,250,6347.942816
-296.41553,250,6347.942816
-206.36945,250,6351.767145
-232.8171,250,6357.822276
-220.27893,250,6357.822276
-185.32251,250,6357.822276
-249.49336,250,6357.822276
-189.3364,250,6357.822276
-360.40433,250,6357.822276
-151.39565,250,6360.42881
-209.3039,250,6366.858783
-271.55957,250,6366.858783
-212.43259,250,6366.858783
-153.3336,250,6366.858783
-283.32336,250,6366.858783
-227.86002,250,6366.858783
-260.9634,250,6369.610436
-225.23105,250,6375.672024
-141.28207,250,6375.672024
-285.1736,250,6375.672024
-253.23814,250,6375.672024
-161.97935,250,6375.672024
-275.35925,250,6375.672024
-233.29431,250,6378.418382
-235.23363,250,6384.986241
-240.1522,250,6384.986241
-253.61642,250,6384.986241
-275.82187,250,6384.986241
-267.5867,250,6384.986241
-184.90068,250,6384.986241
-323.44794,250,6388.751493
-256.00836,250,6394.939439
-156.61507,250,6394.939439
-327.9382,250,6394.939439
-347.05627,250,6394.939439
-237.33365,250,6394.939439
-213.99419,250,6394.939439
-244.15842,250,6397.999743
-98.171074,250,6404.334135
-213.40904,250,6404.334135
-229.48013,250,6404.335136
-205.8982,250,6404.335136
-176.33463,250,6404.335136
-259.82913,250,6404.335136
-229.90706,250,6406.998269
-274.94104,250,6413.188987
-390.50284,250,6413.188987
-233.19627,250,6413.188987
-310.21826,250,6413.188987
-368.6033,250,6413.188987
-339.65356,250,6413.188987
-239.7284,250,6415.821592
-230.28151,250,6422.087086
-265.36597,250,6422.087086
-193.67877,250,6422.087086
-207.43729,250,6422.087086
-240.4083,250,6422.087086
-234.12444,250,6422.087086
-174.67049,250,6426.248269
-209.38828,250,6432.317208
-207.73254,250,6432.317208
-262.30444,250,6432.317208
-255.41438,250,6432.317208
-188.12091,250,6432.317208
-241.57632,250,6432.317208
-197.90698,250,6434.912383
-207.36646,250,6440.977974
-216.07355,250,6440.977974
-159.53944,250,6440.977974
-357.1807,250,6440.977974
-179.55424,250,6440.977974
-349.57303,250,6440.977974
-223.61783,250,6443.640217
-254.95903,250,6449.74471
-286.11896,250,6449.74471
-312.05148,250,6449.74471
-267.5412,250,6449.74471
-329.27664,250,6449.74471
-179.99318,250,6449.74471
-225.01732,250,6452.401332
-197.69821,250,6458.577338
-249.92761,250,6458.577338
-213.07504,250,6458.577338
-190.46318,250,6458.577338
-235.57536,250,6458.577338
-274.56482,250,6458.577338
-188.2268,250,6461.287006
-201.86285,250,6468.610636
-281.66315,250,6468.610636
-345.93692,250,6468.610636
-220.36787,250,6468.610636
-248.92928,250,6468.610636
-214.73454,250,6468.610636
-212.63663,250,6471.236718
-199.5187,250,6477.435647
-228.21088,250,6477.435647
-257.97128,250,6477.435647
-145.19345,250,6477.435647
-400.23453,250,6477.435647
-260.11288,250,6477.435647
-254.07144,250,6480.022758
-179.77457,250,6486.070333
-188.99594,250,6486.070333
-216.9915,250,6486.070333
-304.43353,250,6486.070333
-323.99753,250,6486.070333
-118.38281,250,6486.070333
-189.71075,250,6488.830114
-360.15997,250,6495.0644
-167.93175,250,6495.0644
-325.07666,250,6495.0644
-207.6154,250,6495.0644
-279.79117,250,6495.0644
-193.00793,250,6495.0644
-148.22658,250,6497.86533
-206.54085,250,6505.279945
-219.0698,250,6505.279945
-166.62389,250,6505.279945
-265.04126,250,6505.279945
-349.08502,250,6505.279945
-207.59651,250,6505.279945
-195.83788,250,6507.936464
-329.15887,250,6514.101952
-165.82695,250,6514.101952
-160.64879,250,6514.101952
-200.8251,250,6514.101952
-193.73428,250,6514.101952
-265.23306,250,6514.101952
-227.81587,250,6516.812701
-334.7823,250,6522.920473
-210.9844,250,6522.920473
-172.00839,250,6522.920473
-274.47812,250,6522.921482
-320.60483,250,6522.921482
-372.19598,250,6522.921482
-280.3073,250,6525.640942
-218.86577,250,6531.839072
-197.327,250,6531.839072
-200.35419,250,6531.839988
-267.14658,250,6531.839988
-233.45624,250,6531.839988
-204.9552,250,6531.839988
-156.32697,250,6534.481932
-177.08127,250,6541.978421
-151.93451,250,6541.978421
-328.9664,250,6541.978421
-317.56964,250,6541.978421
-160.35358,250,6541.978421
-215.11429,250,6541.978421
-216.21075,250,6544.669096
-245.31607,250,6551.021391
-230.34001,250,6551.022388
-202.72519,250,6551.022388
-376.323,250,6551.022388
-418.52744,250,6551.022388
-182.62508,250,6551.022388
-238.1968,250,6553.658535
-259.32758,250,6559.874763
-334.25433,250,6559.875756
-174.40436,250,6559.875756
-353.27853,250,6559.875756
-235.06935,250,6559.875756
-310.5033,250,6559.875756
-156.13985,250,6562.585513
-186.47041,250,6568.981327
-180.01195,250,6568.981327
-314.48444,250,6568.981327
-163.68884,250,6568.981327
-298.63596,250,6568.981327
-358.3163,250,6568.981327
-240.21951,250,6571.620139
-178.44841,250,6579.166871
-175.13287,250,6579.167851
-193.88441,250,6579.167851
-233.58142,250,6579.167851
-226.30112,250,6579.167851
-346.9043,250,6579.167851
-118.61427,250,6581.876647
-153.63527,250,6587.796377
-131.46709,250,6587.796377
-349.17288,250,6587.796377
-164.78015,250,6587.796377
-153.47487,250,6587.796377
-328.04736,250,6587.796377
-300.5423,250,6590.568731
-303.54285,250,6596.77422
-219.5939,250,6596.77422
-316.63684,250,6596.77422
-344.78854,250,6596.77422
-228.00708,250,6596.77422
-257.39648,250,6596.77422
-223.62837,250,6599.405549
-278.90182,250,6605.599432
-240.87854,250,6605.600423
-135.4776,250,6605.600423
-206.51064,250,6605.600423
-170.12296,250,6605.600423
-224.2027,250,6605.600423
-238.03867,250,6608.165785
-312.31964,250,6615.525721
-309.79123,250,6615.525721
-252.78954,250,6615.526724
-185.52426,250,6615.526724
-160.04372,250,6615.526724
-420.755,250,6615.526724
-317.53937,250,6618.148842
-197.7229,250,6624.286363
-182.52391,250,6624.286363
-235.06561,250,6624.286363
-183.2159,250,6624.286363
-262.77777,250,6624.286363
-332.81827,250,6624.286363
-330.0172,250,6627.017912
-175.07182,250,6633.231858
-211.92326,250,6633.231858
-227.22417,250,6633.231858
-397.30515,250,6633.231858
-133.86299,250,6633.231858
-192.78954,250,6633.231858
-178.38322,250,6635.92294
-213.94838,250,6642.015482
-190.60799,250,6642.015482
-249.13159,250,6642.015482
-394.87128,250,6642.015482
-272.09384,250,6642.015482
-123.82513,250,6642.015482
-193.61703,250,6644.705307
-189.07991,250,6652.120315
-348.0856,250,6652.120315
-354.15063,250,6652.120315
-259.84805,250,6652.120315
-142.59677,250,6652.120315
-238.33868,250,6652.120315
-250.05225,250,6654.744209
-218.68263,250,6660.881749
-224.66994,250,6660.881749
-137.79765,250,6660.881749
-156.39217,250,6660.881749
-315.79712,250,6660.881749
-172.10593,250,6660.881749
-211.25491,250,6663.518509
-217.52248,250,6669.738706
-190.83714,250,6669.738706
-232.5016,250,6669.738706
-435.59424,250,6669.738706
-263.44492,250,6669.738706
-298.44196,250,6669.738706
-260.5256,250,6672.701109
-195.83955,250,6679.269805
-183.52051,250,6679.269805
-193.72849,250,6679.269805
-270.51566,250,6679.269805
-152.07747,250,6679.269805
-240.531,250,6679.269805
-406.83148,250,6681.921325
-304.53555,250,6689.393214
-153.69023,250,6689.393214
-254.77423,250,6689.393214
-267.76166,250,6689.393214
-193.87556,250,6689.393214
-234.01358,250,6689.393214
-260.2224,250,6692.05456
-219.99437,250,6698.331813
-207.16722,250,6698.331813
-149.3275,250,6698.331813
-222.03445,250,6698.331813
-422.65356,250,6698.331813
-449.52438,250,6698.331813
-285.84967,250,6701.051548
-253.62463,250,6707.029969
-245.3521,250,6707.030978
-195.00334,250,6707.030978
-158.24028,250,6707.030978
-174.02246,250,6707.030978
-191.96307,250,6707.030978
-187.51685,250,6709.771086
-185.18652,250,6715.804589
-133.42067,250,6715.804589
-239.4905,250,6715.805592
-240.35527,250,6715.805592
-295.9064,250,6715.805592
-352.25812,250,6715.805592
-220.75038,250,6718.42284
-291.60797,250,6724.583708
-217.51459,250,6724.584708
-339.1228,250,6724.584708
-260.145,250,6724.584708
-246.31165,250,6724.584708
-272.20407,250,6724.584708
-315.77393,250,6728.661567
-168.30988,250,6734.621876
-310.5486,250,6734.622892
-327.39996,250,6734.622892
-211.26617,250,6734.622892
-228.0839,250,6734.622892
-211.29042,250,6734.622892
-246.68921,250,6737.352603
-223.38957,250,6743.371279
-211.71358,250,6743.372312
-219.57845,250,6743.372312
-286.75125,250,6743.372312
-270.8578,250,6743.372312
-289.99243,250,6743.372312
-204.36627,250,6745.99145
-210.77687,250,6752.050293
-229.81628,250,6752.050293
-270.92133,250,6752.050293
-217.80965,250,6752.050293
-208.13356,250,6752.050293
-355.48547,250,6752.050293
-165.82469,250,6754.759215
-207.48537,250,6761.074883
-210.65147,250,6761.074883
-188.46413,250,6761.074883
-248.57912,250,6761.074883
-304.7848,250,6761.074883
-197.75502,250,6761.074883
-149.05789,250,6765.039122
-208.38686,250,6771.109256
-237.13776,250,6771.109256
-231.01369,250,6771.109256
-180.77171,250,6771.109256
-267.90298,250,6771.109256
-158.64104,250,6771.109256
-180.58916,250,6773.773265
-221.34766,250,6779.880093
-203.96461,250,6779.880093
-267.30527,250,6779.880093
-246.46822,250,6779.880093
-235.53468,250,6779.880093
-222.23698,250,6779.880093
-361.1122,250,6782.490176
-179.06252,250,6788.650916
-308.92426,250,6788.650916
-216.81236,250,6788.650916
-153.87045,250,6788.651917
-233.104,250,6788.651917
-206.94379,250,6788.651917
-190.56354,250,6791.437421
-200.28172,250,6798.109362
-215.95454,250,6798.109362
-285.60135,250,6798.109362
-348.76703,250,6798.109362
-312.2284,250,6798.109362
-366.49698,250,6798.109362
-229.61514,250,6802.089665
-192.78758,250,6808.248931
-192.2311,250,6808.248931
-361.80106,250,6808.248931
-313.6738,250,6808.248931
-325.50732,250,6808.248931
-264.48035,250,6808.248931
-232.62547,250,6810.84316
-228.43558,250,6816.929372
-255.49658,250,6816.929372
-218.48308,250,6816.929372
-257.34705,250,6816.929372
-525.3689,250,6816.929372
-193.6706,250,6816.929372
-224.10294,250,6819.566144
-310.44812,250,6825.825758
-289.20142,250,6825.825758
-340.35806,250,6825.825758
-209.33176,250,6825.825758
-252.62735,250,6825.825758
-401.14352,250,6825.825758
-309.64212,250,6828.48314
-186.20001,250,6834.523525
-170.17921,250,6834.523525
-202.15173,250,6834.523525
-219.27046,250,6834.523525
-276.69363,250,6834.523525
-186.25569,250,6834.523525
-241.11092,250,6837.300729
-193.71922,250,6845.007689
-191.10193,250,6845.007689
-227.8992,250,6845.007689
-152.81116,250,6845.007689
-260.0915,250,6845.007689
-223.52132,250,6845.007689
-195.91374,250,6847.733643
-178.37958,250,6853.790863
-195.52896,250,6853.790863
-253.93732,250,6853.790863
-183.3172,250,6853.790863
-227.08101,250,6853.790863
-279.06622,250,6853.790863
-357.70737,250,6856.521346
-221.98459,250,6862.475411
-232.8967,250,6862.475411
-161.39944,250,6862.475411
-203.3525,250,6862.475411
-190.8921,250,6862.475411
-233.59158,250,6862.475411
-216.79005,250,6865.185611
-201.62535,250,6871.272819
-189.18843,250,6871.272819
-243.92876,250,6871.272819
-206.1974,250,6871.272819
-142.48282,250,6871.272819
-228.7515,250,6871.272819
-278.34042,250,6873.882748
-300.82245,250,6881.358728
-220.40356,250,6881.358728
-266.6114,250,6881.358728
-196.5067,250,6881.358728
-332.2783,250,6881.358728
-227.85205,250,6881.358728
-170.9509,250,6883.992315
-217.8163,250,6890.102881
-212.24513,250,6890.102881
-268.7199,250,6890.102881
-314.17947,250,6890.102881
-295.5711,250,6890.102881
-226.34302,250,6890.102881
-193.59378,250,6892.798786
-297.38187,250,6898.822803
-413.4642,250,6898.822803
-343.29648,250,6898.822803
-389.65253,250,6898.823794
-193.91399,250,6898.823794
-229.80885,250,6898.823794
-209.15266,250,6901.43017
-176.05855,250,6907.558233
-168.2308,250,6907.558233
-337.1674,250,6907.558233
-206.77937,250,6907.558233
-332.46585,250,6907.558233
-251.02179,250,6907.558233
-211.70415,250,6910.190734
-204.5684,250,6917.56709
-250.18848,250,6917.56709
-307.74902,250,6917.56709
-127.49969,250,6917.56709
-357.29904,250,6917.56709
-316.74722,250,6917.56709
-246.69075,250,6920.320529
-193.33826,250,6926.344842
-177.05626,250,6926.344842
-203.33022,250,6926.344842
-258.65976,250,6926.344842
-288.44373,250,6926.344842
-150.63548,250,6926.344842
-421.85538,250,6929.092726
-249.02522,250,6935.159258
-390.84207,250,6935.159258
-459.48334,250,6935.159258
-272.84213,250,6935.159258
-305.3824,250,6935.159258
-315.98538,250,6935.159258
-242.20392,250,6937.966233
-195.05547,250,6944.134717
-185.3857,250,6944.134717
-210.37057,250,6944.134717
-221.38126,250,6944.134717
-257.97784,250,6944.134717
-184.33311,250,6944.134717
-239.971,250,6946.785194
-350.24597,250,6954.092194
-211.10362,250,6954.092194
-262.08658,250,6954.092194
-195.56793,250,6954.092194
-237.60313,250,6954.092194
-261.63977,250,6954.092194
-289.21497,250,6956.865101
-302.96945,250,6963.182565
-302.5444,250,6963.182565
-274.1215,250,6963.182565
-448.57776,250,6963.182565
-310.76257,250,6963.182565
-207.62115,250,6963.182565
-228.50354,250,6966.070179
-353.56204,250,6972.248692
-238.46707,250,6972.248692
-179.36429,250,6972.248692
-212.3635,250,6972.248692
-171.60973,250,6972.248692
-375.5644,250,6972.248692
-180.25267,250,6974.93365
-352.86798,250,6981.049946
-211.86325,250,6981.049946
-338.79498,250,6981.049946
-339.703,250,6981.049946
-197.68378,250,6981.049946
-365.6559,250,6981.049946
-230.46707,250,6983.690064
-174.53358,250,6991.065949
-305.60733,250,6991.065949
-327.7449,250,6991.065949
-258.1043,250,6991.065949
-326.97235,250,6991.065949
-200.93274,250,6991.065949
-226.85426,250,6993.769346
-166.90376,250,6999.803657
-232.45216,250,6999.803657
-213.04521,250,6999.803657
-206.37839,250,6999.803657
-198.38739,250,6999.803657
-227.58951,250,6999.803657
-225.1924,250,7002.535156
-240.46333,250,7008.5744
-306.87613,250,7008.5744
-221.98341,250,7008.5744
-200.41127,250,7008.5744
-276.63913,250,7008.5744
-273.3553,250,7008.5744
-337.73505,250,7011.299955
-256.6176,250,7017.447225
-196.96332,250,7017.447225
-310.27063,250,7017.447225
-372.50842,250,7017.447225
-244.68658,250,7017.447225
-191.29417,250,7017.447225
-238.57503,250,7020.192078
-272.54675,250,7027.699678
-246.84143,250,7027.699678
-140.37831,250,7027.699678
-208.93231,250,7027.699678
-260.1329,250,7027.699678
-178.14275,250,7027.699678
-199.00142,250,7030.329481
-297.6281,250,7036.374155
-318.08594,250,7036.374155
-288.18314,250,7036.374155
-318.21106,250,7036.374155
-322.4594,250,7036.374155
-305.41638,250,7036.374155
-184.36078,250,7039.022804
-327.9235,250,7045.16994
-269.1458,250,7045.16994
-310.70984,250,7045.16994
-344.83896,250,7045.16994
-156.52455,250,7045.16994
-262.83807,250,7045.16994
-317.58157,250,7047.804404
-157.25806,250,7053.886252
-166.00143,250,7053.886252
-232.45714,250,7053.886252
-242.3235,250,7053.886252
-429.88022,250,7053.887757
-159.9347,250,7053.887757
-337.81848,250,7056.59728
-200.26773,250,7065.688653
-342.0818,250,7065.688653
-284.5316,250,7065.688653
-248.31004,250,7065.688653
-180.55666,250,7065.688653
-227.09091,250,7065.688653
-328.92822,250,7068.724993
-378.93576,250,7075.181064
-306.00024,250,7075.182063
-256.9276,250,7075.182063
-347.6178,250,7075.182063
-304.6372,250,7075.182063
-213.1587,250,7075.182063
-248.63332,250,7077.916791
-281.73508,250,7084.390379
-234.25655,250,7084.390379
-194.45755,250,7084.390379
-225.96921,250,7084.390379
-377.47858,250,7084.390379
-334.59937,250,7084.390379
-269.01782,250,7087.250485
-246.39151,250,7093.416648
-222.7041,250,7093.416648
-210.20013,250,7093.416648
-207.16385,250,7093.416648
-237.52808,250,7093.416648
-335.49832,250,7093.416648
-330.48663,250,7096.143935
-138.8595,250,7102.213235
-260.24857,250,7102.213235
-163.48448,250,7102.213235
-403.72543,250,7102.213235
-288.32098,250,7102.213235
-243.1028,250,7102.213235
-250.7677,250,7106.088403
-288.1645,250,7112.240186
-215.75975,250,7112.241168
-310.77914,250,7112.241168
-207.14035,250,7112.241168
-251.44681,250,7112.241168
-259.44403,250,7112.241168
-220.88774,250,7115.032794
-381.47302,250,7121.151609
-362.4815,250,7121.151609
-199.67989,250,7121.151609
-222.41742,250,7121.151609
-167.25433,250,7121.151609
-217.91356,250,7121.151609
-218.1019,250,7123.777107
-360.35147,250,7129.946614
-156.1494,250,7129.946614
-422.93735,250,7129.946614
-264.4889,250,7129.946614
-224.4403,250,7129.946614
-291.9252,250,7129.946614
-225.0063,250,7132.979916
-188.96515,250,7138.918338
-205.2598,250,7138.918338
-192.20683,250,7138.918338
-259.0847,250,7138.918338
-165.57805,250,7138.918338
-346.6985,250,7138.918338
-214.34494,250,7142.941091
-199.38237,250,7149.140227
-282.5893,250,7149.140227
-256.43414,250,7149.140227
-276.74753,250,7149.140227
-212.52568,250,7149.140227
-314.46442,250,7149.140227
-201.31593,250,7151.887351
-384.45337,250,7158.221198
-303.12537,250,7158.221198
-333.01492,250,7158.221198
-243.19165,250,7158.221198
-321.52768,250,7158.221198
-183.18759,250,7158.221198
-217.5847,250,7160.879434
-241.89944,250,7167.072256
-229.49724,250,7167.072256
-338.36127,250,7167.072256
-201.59418,250,7167.072256
-328.84387,250,7167.072256
-268.1167,250,7167.072256
-189.84476,250,7169.673402
-220.50322,250,7175.746913
-184.12764,250,7175.747935
-154.70952,250,7175.747935
-278.87552,250,7175.747935
-254.05296,250,7175.747935
-304.46658,250,7175.747935
-288.39767,250,7179.738806
-162.84782,250,7185.80976
-235.20457,250,7185.80976
-301.72684,250,7185.80976
-295.15408,250,7185.80976
-400.17114,250,7185.80976
-224.25581,250,7185.80976
-204.55177,250,7188.438354
-131.93422,250,7194.577307
-219.70024,250,7194.577307
-263.06607,250,7194.577307
-218.35,250,7194.577307
-371.22226,250,7194.577307
-220.00862,250,7194.577307
-313.78635,250,7197.24102
-219.90474,250,7203.445732
-200.25322,250,7203.445732
-249.76013,250,7203.445732
-336.71994,250,7203.445732
-367.02774,250,7203.445732
-325.82147,250,7203.445732
-256.68237,250,7206.215799
-236.8289,250,7212.256175
-437.55258,250,7212.256175
-344.96106,250,7212.256175
-267.285,250,7212.256175
-316.039,250,7212.256175
-212.50856,250,7212.256175
-224.79457,250,7215.01282
-246.22066,250,7222.705225
-295.93866,250,7222.705225
-307.02985,250,7222.705225
-170.32738,250,7222.705225
-205.33316,250,7222.705225
-299.41647,250,7222.705225
-286.22736,250,7225.378409
-266.47656,250,7231.492394
-207.42209,250,7231.492394
-184.4362,250,7231.492394
-287.86435,250,7231.492394
-220.7178,250,7231.492394
-250.80508,250,7231.492394
-328.40567,250,7234.131254
-304.27875,250,7240.229447
-166.46236,250,7240.229447
-394.9156,250,7240.229447
-308.44434,250,7240.229447
-233.36024,250,7240.229447
-392.7076,250,7240.229447
-350.48148,250,7242.812999
-183.52502,250,7248.865238
-297.9659,250,7248.865238
-148.51773,250,7248.865238
-217.85902,250,7248.865238
-264.21878,250,7248.865238
-182.8691,250,7248.865238
-345.06046,250,7251.540553
-313.69736,250,7258.713792
-214.19014,250,7258.713792
-244.62306,250,7258.713792
-250.90526,250,7258.713792
-254.36037,250,7258.713792
-241.27715,250,7258.713792
-210.98207,250,7261.331609
-147.8354,250,7267.433575
-208.26262,250,7267.433575
-319.95148,250,7267.433575
-248.963,250,7267.433575
-254.32846,250,7267.433575
-220.84718,250,7267.433575
-135.72348,250,7270.09538
-267.84317,250,7276.106473
-239.27194,250,7276.106473
-282.82187,250,7276.106473
-272.4034,250,7276.106473
-181.3326,250,7276.106473
-339.36322,250,7276.106473
-200.01065,250,7278.846861
-207.40343,250,7285.059091
-226.28635,250,7285.059091
-286.30142,250,7285.059091
-196.96558,250,7285.059091
-231.7724,250,7285.059091
-212.5129,250,7285.059091
-287.6253,250,7287.73321
-302.6665,250,7295.095655
-215.09735,250,7295.095655
-336.77512,250,7295.095655
-220.42767,250,7295.095655
-354.77417,250,7295.095655
-200.75092,250,7295.095655
-350.9683,250,7297.928278
-296.52615,250,7303.976375
-308.41678,250,7303.976375
-220.0153,250,7303.976375
-325.613,250,7303.976375
-195.92789,250,7303.976375
-190.45264,250,7303.976375
-260.3179,250,7306.642934
-229.3849,250,7312.761807
-275.2688,250,7312.761807
-284.48117,250,7312.761807
-190.2288,250,7312.761807
-295.3513,250,7312.761807
-264.05182,250,7312.761807
-193.73749,250,7315.360818
-251.19069,250,7321.510458
-287.1351,250,7321.510458
-225.16426,250,7321.510458
-215.99521,250,7321.510458
-260.78998,250,7321.510458
-206.12685,250,7321.510458
-394.19757,250,7324.143764
-408.6249,250,7331.969028
-303.35217,250,7331.969028
-237.22113,250,7331.969028
-220.6637,250,7331.969028
-210.04544,250,7331.969028
-178.32239,250,7331.969028
-176.57672,250,7334.968005
-204.23787,250,7341.261526
-154.5205,250,7341.261526
-216.38316,250,7341.261526
-178.06532,250,7341.261526
-332.1305,250,7341.261526
-190.12808,250,7341.261526
-207.93071,250,7344.114189
-205.10876,250,7350.440777
-269.82053,250,7350.440777
-336.76624,250,7350.440777
-211.07196,250,7350.440777
-449.82324,250,7350.440777
-163.56789,250,7350.440777
-229.38249,250,7353.159288
-225.27061,250,7359.391192
-191.6854,250,7359.391192
-452.70908,250,7359.391192
-327.13303,250,7359.391192
-259.94955,250,7359.392189
-210.32645,250,7359.392189
-191.48558,250,7362.057486
-309.58737,250,7369.402668
-183.74734,250,7369.402668
-199.42436,250,7369.402668
-197.24248,250,7369.402668
-244.39986,250,7369.402668
-221.83046,250,7369.402668
-468.97058,250,7372.01819
-328.65976,250,7378.105367
-308.2195,250,7378.105367
-277.5577,250,7378.105367
-158.60388,250,7378.105367
-236.3078,250,7378.105367
-232.28784,250,7378.105367
-401.7832,250,7380.722281
-214.42923,250,7387.077833
-200.67183,250,7387.077833
-180.11823,250,7387.077833
-116.75403,250,7387.077833
-358.4615,250,7387.077833
-210.25854,250,7387.077833
-312.65778,250,7389.898119
-453.45874,250,7395.955186
-210.10973,250,7395.955186
-238.4329,250,7395.955186
-178.56592,250,7395.955186
-317.64374,250,7395.955186
-234.66162,250,7395.955186
-289.5923,250,7398.681008
-262.70862,250,7406.061666
-254.1148,250,7406.061666
-334.06015,250,7406.061666
-290.1076,250,7406.061666
-343.7094,250,7406.061666
-216.22888,250,7406.061666
-286.512,250,7408.691394
-204.58286,250,7414.933733
-206.9795,250,7414.933733
-236.27066,250,7414.933733
-236.7835,250,7414.933733
-210.38364,250,7414.933733
-164.276,250,7414.933733
-366.01453,250,7417.726043
-178.9052,250,7423.940479
-238.51408,250,7423.941525
-358.81262,250,7423.941525
-188.47835,250,7423.941525
-358.54422,250,7423.941525
-220.17836,250,7423.941525
-324.7831,250,7426.658878
-253.437,250,7432.661451
-224.20303,250,7432.661451
-221.3505,250,7432.661451
-233.29889,250,7432.661451
-197.37119,250,7432.661451
-240.78784,250,7432.661451
-220.88765,250,7435.262895
-182.45184,250,7442.543541
-212.81546,250,7442.543541
-235.63391,250,7442.543541
-268.96133,250,7442.543541
-402.2525,250,7442.543541
-225.06837,250,7442.543541
-253.46701,250,7445.325818
-220.46484,250,7451.542082
-215.47786,250,7451.542082
-276.89395,250,7451.542082
-200.29169,250,7451.542082
-303.5601,250,7451.542082
-281.49875,250,7451.542082
-238.24495,250,7454.307434
-311.9547,250,7460.581284
-231.81554,250,7460.581284
-215.80832,250,7460.581284
-241.56824,250,7460.581284
-343.75125,250,7460.581284
-380.48004,250,7460.581284
-326.58038,250,7463.274991
-130.4648,250,7469.923206
-297.22778,250,7469.923206
-287.80197,250,7469.923206
-336.55298,250,7469.923206
-218.97754,250,7469.923206
-326.3536,250,7469.924206
-288.31464,250,7472.551307
-199.41098,250,7480.207588
-432.48715,250,7480.207588
-198.44177,250,7480.207588
-221.33461,250,7480.207588
-331.3582,250,7480.207588
-352.79678,250,7480.207588
-232.79408,250,7482.886362
-177.19334,250,7489.015051
-312.50693,250,7489.015051
-196.41025,250,7489.015051
-273.22366,250,7489.015051
-281.63257,250,7489.015051
-145.40121,250,7489.015051
-229.50085,250,7491.697051
-196.9624,250,7497.582968
-173.86649,250,7497.582968
-228.4713,250,7497.582968
-197.49104,250,7497.582968
-250.17928,250,7497.582968
-260.85825,250,7497.582968
-359.0684,250,7500.314557
-217.35521,250,7506.46764
-226.28838,250,7506.46764
-164.7047,250,7506.46764
-270.20605,250,7506.46764
-242.90572,250,7506.46764
-156.9103,250,7506.46764
-215.21483,250,7509.299205
-135.18349,250,7515.387701
-239.83022,250,7515.388691
-161.82211,250,7515.388691
-327.70398,250,7515.388691
-327.3566,250,7515.388691
-304.1944,250,7515.388691
-309.39578,250,7519.375192
-307.29498,250,7525.489572
-212.43736,250,7525.489572
-198.35162,250,7525.489572
-268.8788,250,7525.489572
-218.11581,250,7525.489572
-249.52226,250,7525.489572
-177.21436,250,7528.275489
-250.17027,250,7534.459425
-287.9445,250,7534.459425
-180.19131,250,7534.459425
-460.3726,250,7534.459425
-180.6602,250,7534.459425
-201.59251,250,7534.459425
-208.56024,250,7537.08604
-152.65034,250,7543.311174
-217.96715,250,7543.311174
-287.95685,250,7543.311174
-189.36824,250,7543.311174
-152.96027,250,7543.311174
-251.90874,250,7543.311174
-276.59543,250,7546.040085
-293.1569,250,7552.255397
-200.38034,250,7552.255397
-255.62808,250,7552.255397
-293.1101,250,7552.255397
-242.81064,250,7552.255397
-195.61304,250,7552.255397
-315.46573,250,7556.240945
-308.7326,250,7562.459385
-260.08463,250,7562.459385
-313.26926,250,7562.459385
-178.3035,250,7562.459385
-230.30846,250,7562.459385
-232.21684,250,7562.459385
-180.85252,250,7565.118656
-237.79393,250,7571.321412
-171.4432,250,7571.321412
-165.938,250,7571.321412
-293.8717,250,7571.321412
-272.9406,250,7571.321412
-188.48198,250,7571.321412
-263.42313,250,7573.950565
-180.11053,250,7580.051408
-217.90872,250,7580.051408
-211.65085,250,7580.051408
-177.32167,250,7580.051408
-303.15518,250,7580.051408
-199.12405,250,7580.051408
-347.4701,250,7582.72664
-216.72263,250,7588.873856
-503.5234,250,7588.873856
-314.78915,250,7588.873856
-215.91505,250,7588.873856
-183.71619,250,7588.873856
-289.84003,250,7588.873856
-203.36371,250,7592.87956
-273.85623,250,7599.011644
-267.83075,250,7599.011644
-374.85617,250,7599.011644
-430.95895,250,7599.011644
-207.7784,250,7599.011644
-223.34622,250,7599.011644
-287.37326,250,7601.567198
-194.0458,250,7607.622065
-304.6165,250,7607.622065
-220.79477,250,7607.622065
-226.79477,250,7607.622065
-218.25098,250,7607.622065
-213.57372,250,7607.622065
-164.7432,250,7610.235806
-334.61966,250,7616.524555
-255.79497,250,7616.524555
-171.66605,250,7616.524555
-377.6659,250,7616.524555
-304.04938,250,7616.524555
-192.61534,250,7616.524555
-340.79276,250,7619.24584
-324.28867,250,7625.280862
-220.0869,250,7625.280862
-187.05635,250,7625.280862
-267.372,250,7625.280862
-168.11711,250,7625.280862
-273.0285,250,7625.280862
-346.95367,250,7628.065165
-369.78476,250,7635.432832
-246.30536,250,7635.433833
-328.48572,250,7635.433833
-176.07402,250,7635.433833
-215.2935,250,7635.433833
-293.05225,250,7635.433833
-179.19067,250,7638.082731
-256.43817,250,7644.243382
-177.75252,250,7644.243382
-448.06442,250,7644.243382
-228.80139,250,7644.243382
-176.66782,250,7644.243382
-108.72524,250,7644.243382
-165.80412,250,7646.877756
-310.47708,250,7652.99754
-219.38852,250,7652.99754
-142.55386,250,7652.99754
-287.26883,250,7652.99754
-284.25726,250,7652.99754
-163.49782,250,7652.99754
-306.06268,250,7655.61984
-208.86986,250,7661.765955
-290.17758,250,7661.765955
-206.69846,250,7661.765955
-171.76671,250,7661.765955
-271.43735,250,7661.76699
-201.25854,250,7661.76699
-291.53757,250,7664.41931
-220.64816,250,7671.632248
-210.61551,250,7671.633247
-264.50253,250,7671.633247
-219.72244,250,7671.633247
-275.48633,250,7671.633247
-312.2294,250,7671.633247
-404.25458,250,7674.312622
-264.22055,250,7680.543184
-309.69766,250,7680.543184
-484.8631,250,7680.543184
-341.90555,250,7680.543184
-227.92682,250,7680.543184
-241.65877,250,7680.543184
-268.63492,250,7683.1745
-262.23312,250,7689.413347
-205.98683,250,7689.414344
-210.47191,250,7689.414344
-356.98306,250,7689.414344
-220.907,250,7689.414344
-223.18077,250,7689.414344
-226.44942,250,7692.168528
-280.90897,250,7698.414213
-266.73608,250,7698.414213
-244.51393,250,7698.414213
-252.4161,250,7698.414213
-343.07666,250,7698.414213
-335.8318,250,7698.414213
-256.77466,250,7701.158597
-250.054,250,7708.597844
-205.34883,250,7708.597844
-169.91461,250,7708.597844
-256.89362,250,7708.597844
-475.51877,250,7708.597844
-254.96362,250,7708.597844
-172.81834,250,7711.206464
-268.08197,250,7717.371888
-280.43515,250,7717.371888
-339.7063,250,7717.371888
-302.36984,250,7717.371888
-189.73985,250,7717.371888
-251.65883,250,7717.371888
-247.40869,250,7720.056113
-164.41139,250,7726.206469
-276.42166,250,7726.207749
-260.2704,250,7726.211763
-262.84555,250,7726.211763
-292.5606,250,7726.211763
-182.20209,250,7726.211763
-284.59778,250,7728.843633
-327.49103,250,7734.967797
-189.5117,250,7734.967797
-333.4325,250,7734.967797
-214.15071,250,7734.967797
-241.98763,250,7734.967797
-314.11557,250,7734.968807
-166.00703,250,7737.840098
-190.10979,250,7745.500075
-235.88733,250,7745.500075
-368.18323,250,7745.500075
-156.13127,250,7745.500075
-275.32977,250,7745.500075
-296.39542,250,7745.500075
-183.60863,250,7748.303486
-238.05608,250,7754.436417
-194.54187,250,7754.436417
-200.11705,250,7754.436417
-294.91983,250,7754.436417
-325.46765,250,7754.436417
-396.06335,250,7754.436417
-262.51605,250,7757.077524
-273.60834,250,7763.20188
-324.63947,250,7763.205917
-233.7945,250,7763.205917
-175.1297,250,7763.205917
-249.68289,250,7763.205917
-216.74725,250,7763.205917
-349.8003,250,7765.934192
-301.43314,250,7771.978568
-256.4807,250,7771.978568
-266.28104,250,7771.978568
-210.34436,250,7771.978568
-181.93765,250,7771.978568
-233.85666,250,7771.978568
-357.18164,250,7774.674009
-159.40797,250,7781.997232
-291.96423,250,7781.997232
-258.01312,250,7781.997232
-315.9045,250,7781.997232
-167.998,250,7781.997232
-263.53214,250,7781.997232
-257.12708,250,7784.668679
-161.90845,250,7790.757372
-172.34222,250,7790.757372
-176.8758,250,7790.757372
-229.88208,250,7790.757372
-269.77875,250,7790.757372
-253.34436,250,7790.757372
-249.8252,250,7793.42504
-293.85898,250,7799.610056
-248.47716,250,7799.610056
-246.58711,250,7799.610056
-273.83963,250,7799.610056
-289.02466,250,7799.610056
-323.02936,250,7799.610056
-336.2237,250,7802.325197
-180.68994,250,7808.391367
-187.6466,250,7808.391367
-299.15866,250,7808.391367
-236.66708,250,7808.391367
-275.84116,250,7808.391367
-541.8496,250,7808.391367
-232.03175,250,7811.065675
-261.82956,250,7818.508615
-244.49127,250,7818.508615
-202.34721,250,7818.508615
-184.46208,250,7818.508615
-420.41867,250,7818.508615
-217.53325,250,7818.508615
-350.5045,250,7821.237355
-281.44373,250,7827.233398
-197.68832,250,7827.233398
-278.58707,250,7827.233398
-225.14398,250,7827.233398
-223.05133,250,7827.233398
-221.08241,250,7827.233398
-170.82309,250,7829.950529
-273.88745,250,7836.098109
-189.87709,250,7836.098109
-219.79381,250,7836.098109
-234.21063,250,7836.098109
-260.51364,250,7836.098109
-280.78265,250,7836.098109
-214.82845,250,7838.729366
-167.54994,250,7844.840274
-248.15556,250,7844.840274
-299.837,250,7844.840274
-239.04692,250,7844.840274
-222.76125,250,7844.840274
-202.72148,250,7844.840274
-337.2437,250,7847.45208
-234.95518,250,7854.714744
-347.2633,250,7854.714744
-249.89056,250,7854.714744
-299.0286,250,7854.714744
-244.00453,250,7854.71576
-199.04071,250,7854.71576
-289.38504,250,7857.446515
-173.38174,250,7863.497457
-174.40962,250,7863.497457
-204.34993,250,7863.497457
-232.3758,250,7863.497457
-253.51656,250,7863.497457
-217.453,250,7863.497457
-210.92622,250,7866.384298
-242.56148,250,7872.60936
-215.99611,250,7872.60936
-291.2546,250,7872.60936
-290.3698,250,7872.60936
-129.0151,250,7872.60936
-208.64493,250,7872.60936
-226.55664,250,7875.309951
-293.0752,250,7881.59203
-276.04016,250,7881.59203
-339.2706,250,7881.59203
-448.36447,250,7881.59203
-249.25304,250,7881.59203
-395.19586,250,7881.59203
-202.6169,250,7884.202424
-248.53972,250,7890.343512
-344.63812,250,7890.343512
-214.44054,250,7890.343512
-251.43184,250,7890.343512
-373.8893,250,7890.343512
-377.2278,250,7890.343512
-220.33589,250,7894.179885
-344.68256,250,7900.346291
-335.12354,250,7900.346291
-201.32013,250,7900.346291
-233.96594,250,7900.346291
-227.22838,250,7900.346291
-215.98244,250,7900.346291
-226.33322,250,7902.927043
-261.4423,250,7909.126333
-256.08826,250,7909.126333
-377.4079,250,7909.126333
-296.60983,250,7909.126333
-236.75142,250,7909.126333
-236.55356,250,7909.126333
-325.51468,250,7911.762702
-259.3511,250,7917.910752
-230.75124,250,7917.910752
-231.48119,250,7917.910752
-192.91272,250,7917.910752
-269.66907,250,7917.910752
-380.60373,250,7917.910752
-179.81323,250,7920.749039
-239.6542,250,7926.801998
-265.38986,250,7926.801998
-300.3398,250,7926.801998
-257.57556,250,7926.801998
-253.07257,250,7926.801998
-345.11295,250,7926.801998
-207.32538,250,7930.884451
-200.14929,250,7937.069445
-440.58194,250,7937.069445
-232.143,250,7937.069445
-233.6879,250,7937.069445
-204.87451,250,7937.069445
-253.43634,250,7937.069445
-127.56819,250,7939.779448
-370.6407,250,7946.34349
-198.61533,250,7946.34349
-248.83946,250,7946.34349
-263.82507,250,7946.344492
-354.94437,250,7946.344492
-296.97476,250,7946.344492
-389.22778,250,7948.941462
-179.57275,250,7955.08424
-220.87796,250,7955.08424
-355.41092,250,7955.08424
-227.69603,250,7955.08424
-282.22104,250,7955.08424
-141.76248,250,7955.08424
-304.82745,250,7957.778905
-262.7252,250,7963.792544
-311.48962,250,7963.792544
-305.71277,250,7963.792544
-464.05597,250,7963.792544
-312.71213,250,7963.792544
-281.8679,250,7963.792544
-284.68472,250,7967.778522
-225.21812,250,7973.947083
-298.0093,250,7973.947083
-223.94019,250,7973.947083
-264.7814,250,7973.947083
-217.98662,250,7973.947083
-309.45743,250,7973.947083
-320.74774,250,7976.593268
-193.20653,250,7982.618754
-384.2296,250,7982.618754
-246.5812,250,7982.618754
-278.2722,250,7982.618754
-138.65028,250,7982.618754
-229.43985,250,7982.618754
-318.57712,250,7985.329757
-373.71326,250,7992.10792
-351.20044,250,7992.10792
-225.086,250,7992.10792
-215.44395,250,7992.10792
-168.03781,250,7992.10792
-286.51346,250,7992.10792
-239.9204,250,7995.018955
-162.89725,250,8001.186089
-428.4462,250,8001.186089
-216.30394,250,8001.186089
-269.41272,250,8001.186089
-421.03894,250,8001.186089
-351.41174,250,8001.186089
-361.19684,250,8003.907871
-247.18425,250,8011.672849
-298.423,250,8011.672849
-208.03758,250,8011.672849
-269.93066,250,8011.672849
-274.1758,250,8011.672849
-225.44101,250,8011.672849
-610.9818,250,8014.3039
-185.12581,250,8020.53042
-309.44815,250,8020.53042
-427.38904,250,8020.53042
-259.44482,250,8020.53042
-195.59123,250,8020.53042
-339.29352,250,8020.53042
-236.0229,250,8023.263348
-313.56046,250,8029.334202
-269.03577,250,8029.334202
-275.47418,250,8029.334202
-218.19455,250,8029.334202
-245.62878,250,8029.334202
-273.05838,250,8029.334202
-282.47305,250,8032.129785
-188.53268,250,8038.332148
-259.8902,250,8038.332148
-289.65732,250,8038.332148
-283.74872,250,8038.332148
-323.3654,250,8038.332148
-269.93674,250,8038.332148
-285.9089,250,8041.023747
-213.02667,250,8048.566256
-192.5097,250,8048.566256
-330.95633,250,8048.566256
-195.85622,250,8048.566256
-304.7413,250,8048.566256
-274.25626,250,8048.566256
-269.61432,250,8051.321371
-301.8894,250,8057.453374
-302.93362,250,8057.453374
-341.59024,250,8057.453374
-545.7423,250,8057.453374
-382.74222,250,8057.453374
-181.0842,250,8057.453374
-302.17133,250,8060.053729
-387.2263,250,8066.205364
-204.03227,250,8066.205364
-221.10257,250,8066.205364
-272.97287,250,8066.205364
-267.87723,250,8066.205364
-425.2259,250,8066.205364
-219.1979,250,8068.828951
-271.85645,250,8075.083509
-193.15567,250,8075.083509
-238.47153,250,8075.08478
-359.28644,250,8075.08478
-290.60226,250,8075.08478
-179.97015,250,8075.08478
-191.91022,250,8077.826473
-236.28575,250,8085.675065
-266.14066,250,8085.675065
-206.2422,250,8085.675065
-338.47385,250,8085.675065
-179.06589,250,8085.675065
-362.13824,250,8085.675065
-242.45706,250,8088.574225
-261.77362,250,8094.898216
-250.0557,250,8094.899203
-247.18408,250,8094.899203
-204.66875,250,8094.899203
-265.79358,250,8094.899203
-240.34962,250,8094.899203
-243.9014,250,8097.713594
-213.1577,250,8103.865397
-410.34723,250,8103.866422
-345.54694,250,8103.866422
-244.4514,250,8103.866422
-225.48093,250,8103.866422
-297.35608,250,8103.866422
-278.00912,250,8107.120439
-213.73459,250,8114.443321
-212.27611,250,8114.443321
-246.53043,250,8114.443321
-282.22012,250,8114.443321
-173.60077,250,8114.443321
-170.30081,250,8114.443321
-209.17627,250,8117.227208
-337.42746,250,8124.865771
-237.52974,250,8124.865771
-228.88571,250,8124.865771
-283.2824,250,8124.866774
-207.2622,250,8124.866774
-201.46872,250,8124.866774
-212.55281,250,8127.77852
-232.39122,250,8133.829774
-171.05528,250,8133.829774
-288.21484,250,8133.829774
-365.71194,250,8133.829774
-195.43623,250,8133.829774
-295.05142,250,8133.829774
-401.2283,250,8136.443157
-227.54091,250,8142.867601
-201.94168,250,8142.867601
-247.39334,250,8142.867601
-224.78593,250,8142.867601
-243.07692,250,8142.8686
-238.10147,250,8142.8686
-205.90167,250,8145.446432
-277.94986,250,8151.539639
-223.64363,250,8151.539639
-221.62697,250,8151.539639
-318.38477,250,8151.539639
-233.9891,250,8151.539639
-229.7029,250,8151.539639
-399.1711,250,8154.239831
-423.78348,250,8161.577718
-249.11893,250,8161.577718
-432.94516,250,8161.578743
-221.25916,250,8161.578743
-198.14236,250,8161.578743
-297.2968,250,8161.578743
-428.0905,250,8164.166059
-409.7163,250,8170.44956
-209.1151,250,8170.44956
-527.84314,250,8170.44956
-213.85757,250,8170.44956
-213.68515,250,8170.44956
-380.72052,250,8170.44956
-317.92746,250,8173.10145
-369.71277,250,8179.295161
-298.95782,250,8179.295161
-226.36569,250,8179.295161
-383.76273,250,8179.295161
-227.51361,250,8179.295161
-331.67667,250,8179.295161
-341.3386,250,8182.078768
-343.43198,250,8188.087038
-255.32196,250,8188.087038
-216.36081,250,8188.087038
-192.71223,250,8188.087038
-296.9682,250,8188.087038
-255.87218,250,8188.087038
-274.48044,250,8190.83927
-211.14258,250,8198.231771
-321.53018,250,8198.231771
-316.9384,250,8198.231771
-248.63683,250,8198.231771
-296.5608,250,8198.231771
-364.333,250,8198.231771
-171.63591,250,8200.873547
-313.86884,250,8207.108977
-286.257,250,8207.108977
-402.7436,250,8207.108977
-304.75946,250,8207.108977
-313.58273,250,8207.108977
-294.2507,250,8207.108977
-244.54163,250,8209.77255
-232.42738,250,8215.917373
-256.56354,250,8215.917373
-176.16324,250,8215.917373
-311.71558,250,8215.917373
-251.71169,250,8215.917373
-265.8206,250,8215.917373
-207.62088,250,8218.675096
-319.5629,250,8224.849275
-325.8449,250,8224.849275
-190.71841,250,8224.849275
-450.63693,250,8224.849275
-271.848,250,8224.849275
-157.4969,250,8224.849275
-369.37787,250,8227.647607
-203.638,250,8234.883161
-358.73746,250,8234.883161
-242.5483,250,8234.883161
-192.91144,250,8234.883161
-319.16748,250,8234.883161
-235.76024,250,8234.883161
-287.61087,250,8237.500205
-182.17493,250,8243.570003
-470.2277,250,8243.570003
-315.81006,250,8243.570003
-253.18233,250,8243.570003
-215.3178,250,8243.570003
-330.21118,250,8243.570003
-343.80765,250,8246.214147
-214.93285,250,8252.289963
-171.60408,250,8252.289963
-246.75983,250,8252.289963
-377.0723,250,8252.289963
-560.1215,250,8252.289963
-237.69264,250,8252.289963
-356.73273,250,8255.354808
-144.11894,250,8261.408237
-204.57578,250,8261.408237
-191.08441,250,8261.408237
-358.7222,250,8261.409244
-269.0516,250,8261.409244
-482.8372,250,8261.409244
-241.89732,250,8264.11028
-447.47958,250,8271.669388
-186.31416,250,8271.669388
-171.75267,250,8271.669388
-293.33978,250,8271.669388
-253.2291,250,8271.669388
-351.18634,250,8271.669388
-221.09467,250,8274.257464
-247.39182,250,8280.405946
-214.74123,250,8280.405946
-257.1102,250,8280.405946
-209.26416,250,8280.405946
-260.46432,250,8280.405946
-269.0763,250,8280.405946
-299.99054,250,8283.117176
-366.9938,250,8289.357099
-223.46242,250,8289.357099
-261.96768,250,8289.357099
-178.33386,250,8289.357099
-323.70615,250,8289.357099
-302.42273,250,8289.357099
-489.63138,250,8292.092476
-227.74811,250,8298.275145
-336.54532,250,8298.275145
-426.22748,250,8298.275145
-242.58478,250,8298.275145
-223.56361,250,8298.275145
-295.53372,250,8298.275145
-254.98988,250,8300.96084
-219.49243,250,8307.120724
-265.9911,250,8307.120724
-305.4039,250,8307.120724
-317.86212,250,8307.120724
-384.81677,250,8307.120724
-253.64453,250,8307.120724
-426.91446,250,8310.997699
-283.79126,250,8317.106333
-201.73158,250,8317.106333
-349.4267,250,8317.106333
-170.91852,250,8317.106333
-167.80481,250,8317.106333
-413.74924,250,8317.106333
-170.44984,250,8319.897337
-193.50777,250,8326.018455
-222.94989,250,8326.018455
-222.39578,250,8326.018455
-219.4831,250,8326.018455
-300.6491,250,8326.018455
-183.62535,250,8326.018455
-227.04036,250,8328.59709
-177.88544,250,8334.622668
-159.83003,250,8334.622668
-183.05447,250,8334.622668
-242.55756,250,8334.622668
-454.0313,250,8334.622668
-358.58032,250,8334.622668
-296.35742,250,8337.358323
-193.45273,250,8343.512018
-365.60645,250,8343.512018
-208.3874,250,8343.512018
-317.77454,250,8343.512018
-195.23106,250,8343.512018
-267.7631,250,8343.512018
-241.75946,250,8347.680691
-244.53922,250,8353.873574
-469.32635,250,8353.873574
-282.73605,250,8353.873574
-239.94675,250,8353.873574
-151.20067,250,8353.873574
-235.02245,250,8353.873574
-193.02931,250,8356.621541
-253.95033,250,8362.741627
-220.33377,250,8362.741627
-312.372,250,8362.741627
-258.89325,250,8362.741627
-496.07745,250,8362.741627
-267.80823,250,8362.741627
-213.07921,250,8365.413498
-250.96046,250,8371.716682
-214.87318,250,8371.716682
-340.32626,250,8371.716682
-266.28137,250,8371.716682
-347.33948,250,8371.716682
-297.34375,250,8371.716682
-326.54538,250,8374.393877
-245.45013,250,8380.523906
-258.06363,250,8380.523906
-180.23822,250,8380.523906
-166.4974,250,8380.523906
-277.47433,250,8380.523906
-213.84978,250,8380.523906
-158.57416,250,8384.50183
-284.88974,250,8390.567703
-209.58461,250,8390.567703
-299.40295,250,8390.567703
-413.1402,250,8390.567703
-312.68347,250,8390.567703
-184.75302,250,8390.567703
-323.12823,250,8393.25362
-238.09344,250,8399.427202
-234.97427,250,8399.427202
-261.64514,250,8399.427202
-275.81003,250,8399.427202
-438.3617,250,8399.427202
-236.79007,250,8399.427202
-337.92566,250,8402.14573
-284.8141,250,8408.439348
-230.42331,250,8408.439348
-268.28577,250,8408.439348
-308.09686,250,8408.439348
-276.16513,250,8408.440364
-195.13866,250,8408.440364
-202.47499,250,8411.187777
-306.38547,250,8417.298313
-242.1884,250,8417.298313
-295.39447,250,8417.298313
-283.6035,250,8417.298313
-231.17133,250,8417.298313
-167.48048,250,8417.298313
-296.74576,250,8420.039092
-229.0678,250,8427.407254
-171.4173,250,8427.407254
-227.40251,250,8427.407254
-197.57776,250,8427.407254
-369.61533,250,8427.407254
-186.00476,250,8427.407254
-221.41777,250,8430.038407
-357.65906,250,8436.218394
-181.13316,250,8436.218394
-189.42982,250,8436.218394
-328.91348,250,8436.218394
-250.16104,250,8436.218394
-293.58215,250,8436.218394
-255.37285,250,8438.905138
-176.35638,250,8445.005522
-216.94522,250,8445.005522
-491.8291,250,8445.005522
-304.31714,250,8445.005522
-310.25394,250,8445.005522
-228.54851,250,8445.005522
-230.93079,250,8447.702152
-238.70027,250,8453.808153
-280.30362,250,8453.80914
-415.64722,250,8453.80914
-324.84247,250,8453.80914
-248.79533,250,8453.80914
-322.8396,250,8453.80914
-198.1766,250,8456.373139
-312.41986,250,8463.709058
-436.25064,250,8463.709058
-389.53012,250,8463.709058
-219.57901,250,8463.709058
-335.52237,250,8463.709058
-352.85287,250,8463.709058
-302.38483,250,8466.358646
-229.9595,250,8472.692203
-273.23224,250,8472.6932
-292.80884,250,8472.6932
-417.95712,250,8472.6932
-206.71588,250,8472.6932
-277.59103,250,8472.6932
-322.4536,250,8475.433491
-321.4974,250,8481.422949
-471.32745,250,8481.422949
-241.53648,250,8481.422949
-248.2046,250,8481.422949
-224.82294,250,8481.422949
-192.28838,250,8481.422949
-251.29974,250,8484.024796
-197.36397,250,8490.156132
-312.28052,250,8490.156132
-355.7784,250,8490.156132
-287.94885,250,8490.156132
-173.58032,250,8490.156132
-393.35684,250,8490.156132
-382.20694,250,8492.772713
-247.62376,250,8500.393374
-218.86832,250,8500.393374
-277.20264,250,8500.393374
-504.30222,250,8500.393374
-360.29312,250,8500.393374
-350.44803,250,8500.393374
-247.17361,250,8503.052534
-180.74068,250,8509.197502
-215.80373,250,8509.197502
-335.29678,250,8509.197502
-218.16736,250,8509.197502
-349.48224,250,8509.197502
-276.44778,250,8509.197502
-335.49066,250,8511.862716
-286.53903,250,8517.93251
-354.37112,250,8517.93251
-238.9751,250,8517.93251
-315.64047,250,8517.93251
-326.15863,250,8517.93251
-213.65665,250,8517.93251
-310.49524,250,8520.549574
-375.6863,250,8526.618271
-228.63297,250,8526.618271
-327.5991,250,8526.618271
-242.73245,250,8526.618271
-289.17664,250,8526.618271
-249.94936,250,8526.618271
-369.28647,250,8529.241943
-215.3798,250,8536.8123
-386.65918,250,8536.8123
-233.12569,250,8536.8123
-229.24084,250,8536.8123
-251.95311,250,8536.8123
-494.33594,250,8536.81365
-234.2434,250,8539.506345
-305.63843,250,8545.561055
-315.45984,250,8545.561055
-338.1276,250,8545.561055
-233.76155,250,8545.561055
-257.21558,250,8545.561055
-288.03955,250,8545.561055
-237.73473,250,8548.304429
-284.96127,250,8554.334348
-351.82068,250,8554.334348
-285.13358,250,8554.334348
-243.16734,250,8554.334348
-241.58429,250,8554.334348
-180.70854,250,8554.334348
-236.21512,250,8557.038327
-243.69328,250,8563.202319
-262.31848,250,8563.202319
-221.30505,250,8563.202319
-269.7436,250,8563.202319
-288.10666,250,8563.202319
-378.21198,250,8563.202319
-234.38667,250,8565.785865
-263.049,250,8573.183579
-215.1525,250,8573.183579
-308.64294,250,8573.183579
-460.54398,250,8573.183579
-181.30698,250,8573.183579
-185.94032,250,8573.183579
-265.24142,250,8575.916695
-243.85938,250,8582.092091
-215.88301,250,8582.092091
-281.82797,250,8582.092091
-380.5708,250,8582.092091
-118.137596,250,8582.092091
-253.72797,250,8582.092091
-227.45209,250,8584.793215
-300.19766,250,8591.082322
-320.99234,250,8591.082322
-229.7176,250,8591.082322
-303.77252,250,8591.082322
-466.0513,250,8591.082322
-215.49464,250,8591.082322
-302.86954,250,8593.745418
-245.46184,250,8600.319277
-338.078,250,8600.319277
-241.00237,250,8600.319277
-283.90228,250,8600.319277
-288.38455,250,8600.319277
-155.0034,250,8600.319277
-249.26378,250,8603.045671
-292.67096,250,8610.480395
-337.31683,250,8610.480395
-204.57822,250,8610.480395
-215.3571,250,8610.480395
-424.36264,250,8610.480395
-208.18738,250,8610.480395
-383.77048,250,8613.120476
-279.87527,250,8619.3337
-246.96196,250,8619.3337
-312.30936,250,8619.3337
-235.02657,250,8619.3337
-294.6869,250,8619.3337
-218.44992,250,8619.3337
-250.51324,250,8622.11197
-405.40997,250,8628.169637
-232.64359,250,8628.169637
-234.82788,250,8628.169637
-304.23926,250,8628.169637
-250.04375,250,8628.169637
-239.01491,250,8628.169637
-249.18942,250,8630.887212
-303.34546,250,8636.983265
-158.12619,250,8636.98426
-204.8828,250,8636.98426
-187.05237,250,8636.98426
-129.75433,250,8636.98426
-246.40375,250,8636.98426
-236.06622,250,8639.874177
-349.04404,250,8647.620675
-363.85107,250,8647.620675
-196.44347,250,8647.620675
-199.1447,250,8647.620675
-213.51418,250,8647.620675
-350.9932,250,8647.620675
-260.61774,250,8650.376588
-197.43216,250,8656.664699
-190.63173,250,8656.664699
-192.37672,250,8656.664699
-245.25401,250,8656.664699
-209.14372,250,8656.664699
-501.30118,250,8656.664699
-469.68744,250,8659.381553
-253.64503,250,8665.634598
-193.48083,250,8665.634598
-154.5254,250,8665.634598
-218.25166,250,8665.634598
-445.6675,250,8665.634598
-203.42758,250,8665.634598
-259.50372,250,8668.404206
-259.11545,250,8674.569985
-332.75363,250,8674.569985
-337.47992,250,8674.569985
-212.58932,250,8674.569985
-274.78183,250,8674.569985
-203.56436,250,8674.569985
-230.54224,250,8677.170434
-308.0068,250,8683.243612
-435.89743,250,8683.243612
-278.34238,250,8683.243612
-334.209,250,8683.243612
-378.45813,250,8683.243612
-247.40364,250,8683.243612
-223.35657,250,8687.197651
-341.96548,250,8693.307039
-355.10153,250,8693.307039
-311.84225,250,8693.307039
-200.01413,250,8693.307039
-176.061,250,8693.307039
-326.1934,250,8693.307039
-273.5835,250,8695.921554
-223.00671,250,8701.975309
-593.2049,250,8701.975309
-262.7501,250,8701.975309
-323.43066,250,8701.975309
-213.3242,250,8701.975309
-484.70944,250,8701.975309
-330.06293,250,8704.658072
-249.84676,250,8710.825193
-382.57187,250,8710.825193
-358.85474,250,8710.825193
-326.08844,250,8710.825193
-258.69977,250,8710.825193
-345.1357,250,8710.825193
-239.06798,250,8713.415975
-263.45993,250,8719.577889
-191.35872,250,8719.577889
-386.98602,250,8719.577889
-370.01324,250,8719.577889
-238.06079,250,8719.577889
-231.77141,250,8719.578906
-382.6064,250,8723.438604
-340.15558,250,8729.558306
-405.96454,250,8729.558306
-211.00444,250,8729.558306
-559.22174,250,8729.558306
-290.48727,250,8729.558306
-206.76343,250,8729.558306
-293.37695,250,8732.283964
-248.23512,250,8738.61617
-240.91264,250,8738.61617
-198.72177,250,8738.61617
-301.4752,250,8738.61617
-235.3952,250,8738.61617
-155.36984,250,8738.61617
-278.548,250,8741.346326
-246.36453,250,8747.513543
-222.47757,250,8747.514555
-324.05148,250,8747.514555
-210.89372,250,8747.514555
-246.33806,250,8747.514555
-242.63464,250,8747.514555
-245.50513,250,8750.113476
-325.4563,250,8756.261349
-207.08629,250,8756.261349
-323.8366,250,8756.261349
-167.19861,250,8756.261349
-268.974,250,8756.261349
-300.6846,250,8756.261349
-280.51492,250,8760.145756
-338.08456,250,8766.261639
-423.99506,250,8766.261639
-263.10355,250,8766.261639
-298.07266,250,8766.261639
-275.64755,250,8766.261639
-153.93387,250,8766.261639
-299.85703,250,8769.290517
-272.91183,250,8775.474633
-226.11594,250,8775.474633
-283.03107,250,8775.474633
-270.64316,250,8775.474633
-308.53476,250,8775.474633
-221.70515,250,8775.474633
-456.5305,250,8778.112658
-255.04314,250,8784.136842
-210.55626,250,8784.136842
-227.46687,250,8784.136842
-153.79564,250,8784.136842
-390.91605,250,8784.136842
-227.7773,250,8784.136842
-190.52605,250,8786.766474
-226.15666,250,8792.783991
-264.1726,250,8792.783991
-380.68622,250,8792.783991
-319.29242,250,8792.783991
-281.5051,250,8792.783991
-404.05496,250,8792.783991
-222.51312,250,8795.41773
-213.35355,250,8803.046204
-193.9974,250,8803.046204
-170.83043,250,8803.046204
-319.6896,250,8803.046204
-315.96478,250,8803.046204
-242.76329,250,8803.046204
-296.35745,250,8805.721469
-107.5332,250,8811.826064
-217.03337,250,8811.827392
-266.25366,250,8811.827392
-298.12442,250,8811.827392
-247.12022,250,8811.827392
-267.5507,250,8811.827392
-444.20407,250,8814.419875
-250.8406,250,8820.485424
-238.04877,250,8820.485424
-256.0976,250,8820.485424
-419.35168,250,8820.485424
-344.99698,250,8820.485424
-232.49059,250,8820.485424
-281.8247,250,8823.086089
-136.45604,250,8829.136603
-448.2359,250,8829.136603
-194.70125,250,8829.136603
-204.07697,250,8829.136603
-269.22815,250,8829.136603
-216.17386,250,8829.136603
-117.26033,250,8831.868858
-212.66087,250,8839.125075
-626.89215,250,8839.125075
-154.64322,250,8839.125075
-463.5124,250,8839.125075
-239.62573,250,8839.125075
-379.6914,250,8839.125075
-213.15428,250,8841.904687
-438.4642,250,8848.087163
-215.01674,250,8848.087163
-261.5474,250,8848.087163
-266.40784,250,8848.087163
-198.1916,250,8848.087163
-342.0561,250,8848.087163
-327.85397,250,8850.840496
-530.9536,250,8856.901008
-386.58838,250,8856.901008
-213.31104,250,8856.901008
-266.50232,250,8856.901008
-443.78824,250,8856.901008
-296.23584,250,8856.901008
-376.26718,250,8859.715222
-198.80084,250,8865.880713
-300.3975,250,8865.880713
-168.51204,250,8865.880713
-213.18704,250,8865.881707
-253.10664,250,8865.881707
-218.55307,250,8865.881707
-313.06326,250,8868.659262
-256.2799,250,8876.078479
-205.0013,250,8876.078479
-362.09888,250,8876.078479
-283.70145,250,8876.078479
-265.5586,250,8876.079467
-243.5023,250,8876.079467
-283.07477,250,8878.751025
-347.13925,250,8884.945268
-273.03604,250,8884.945268
-281.62476,250,8884.945268
-286.0303,250,8884.946271
-225.40732,250,8884.946271
-291.47,250,8884.946271
-316.17142,250,8887.654411
-309.92148,250,8893.820468
-187.4449,250,8893.820468
-198.40337,250,8893.820468
-347.8038,250,8893.820468
-157.58066,250,8893.820468
-274.0091,250,8893.820468
-276.5609,250,8896.603616
-284.87195,250,8903.070065
-304.1539,250,8903.070065
-271.40866,250,8903.070065
-337.57364,250,8903.070065
-234.85735,250,8903.070065
-227.66733,250,8903.070065
-244.28271,250,8905.858508
-205.09805,250,8913.334087
-270.30624,250,8913.334087
-222.29016,250,8913.334087
-262.4129,250,8913.334087
-366.96222,250,8913.334087
-322.73013,250,8913.334087
-316.66132,250,8915.988212
-263.57,250,8922.254306
-254.0038,250,8922.254306
-322.9284,250,8922.254306
-546.32227,250,8922.254306
-313.6915,250,8922.254306
-181.11728,250,8922.254306
-228.0812,250,8925.042907
-286.89352,250,8931.30567
-338.40546,250,8931.30567
-320.9339,250,8931.30567
-238.60762,250,8931.30567
-330.53714,250,8931.30567
-340.42188,250,8931.30567
-279.24033,250,8934.026021
-219.86708,250,8940.184749
-344.3291,250,8940.184749
-322.6711,250,8940.184749
-202.51912,250,8940.184749
-460.15964,250,8940.184749
-227.90479,250,8940.184749
-239.04846,250,8942.828952
-270.17563,250,8950.328828
-248.7351,250,8950.328828
-240.85666,250,8950.328828
-260.9328,250,8950.328828
-300.5035,250,8950.328828
-181.21123,250,8950.328828
-179.8216,250,8953.193344
-236.28635,250,8959.504173
-292.37625,250,8959.504173
-222.25493,250,8959.504173
-280.47137,250,8959.504173
-355.2103,250,8959.505188
-244.58356,250,8959.505188
-251.71541,250,8962.179946
-191.39435,250,8968.374972
-335.04794,250,8968.374972
-261.24948,250,8968.374972
-398.05182,250,8968.374972
-278.8421,250,8968.374972
-316.7169,250,8968.374972
-383.56696,250,8970.998571
-303.74478,250,8977.173
-212.81445,250,8977.173
-205.93523,250,8977.173
-428.36356,250,8977.173
-293.84134,250,8977.173
-334.72833,250,8977.173
-214.47157,250,8979.91262
-267.29007,250,8987.247179
-217.72696,250,8987.247179
-386.02954,250,8987.247179
-253.56287,250,8987.247179
-258.03458,250,8987.247179
-252.42885,250,8987.247179
-255.77316,250,8989.970253
-234.2133,250,8996.131519
-174.41353,250,8996.131519
-216.94186,250,8996.132528
-290.48416,250,8996.132528
-278.5427,250,8996.132528
-190.07066,250,8996.132528
-274.98795,250,8998.887053
-271.26276,250,9004.970029
-183.06592,250,9004.970029
-231.73032,250,9004.970029
-228.06918,250,9004.970029
-295.43628,250,9004.970029
-170.15552,250,9004.970029
-232.74593,250,9007.637659
-301.75336,250,9013.641421
-196.37369,250,9013.641421
-181.58461,250,9013.641421
-253.58559,250,9013.641421
-241.73112,250,9013.641421
-334.6586,250,9013.641421
-274.6522,250,9016.408585
-272.8819,250,9023.708654
-240.27179,250,9023.708654
-333.1446,250,9023.708654
-284.66684,250,9023.708654
-307.70468,250,9023.708654
-227.65187,250,9023.708654
-554.2411,250,9026.388654
-281.59317,250,9032.498079
-374.08685,250,9032.498602
-230.2102,250,9032.498602
-230.00742,250,9032.498602
-287.69464,250,9032.498602
-308.52252,250,9032.498602
-305.9236,250,9035.151714
-360.4065,250,9041.333865
-335.88174,250,9041.333865
-265.04877,250,9041.333865
-295.68933,250,9041.333865
-269.09537,250,9041.333865
-233.38953,250,9041.333865
-294.69644,250,9044.077169
-227.22379,250,9050.137202
-259.8613,250,9050.137202
-228.2727,250,9050.137202
-257.03525,250,9050.137202
-436.69714,250,9050.137202
-290.45468,250,9050.137202
-388.55908,250,9052.879591
-343.77637,250,9059.057925
-337.3608,250,9059.057925
-298.75192,250,9059.057925
-242.45319,250,9059.057925
-271.8688,250,9059.057925
-286.4009,250,9059.057925
-223.52211,250,9063.251772
-474.04156,250,9069.545099
-296.996,250,9069.545099
-180.97594,250,9069.545099
-283.13065,250,9069.545099
-317.353,250,9069.545099
-233.80394,250,9069.545099
-462.9844,250,9072.203108
-285.78583,250,9078.369413
-329.85797,250,9078.369413
-224.04514,250,9078.369413
-175.23477,250,9078.369413
-252.53754,250,9078.369413
-428.35083,250,9078.369413
-300.85953,250,9081.124585
-360.61975,250,9087.263088
-259.73325,250,9087.263088
-321.4046,250,9087.263088
-255.0133,250,9087.263088
-209.94682,250,9087.263088
-288.67804,250,9087.263088
-312.37637,250,9089.926137
-242.19826,250,9096.156475
-258.37305,250,9096.15747
-294.68262,250,9096.15747
-307.64496,250,9096.15747
-144.33156,250,9096.15747
-202.37744,250,9096.15747
-293.86743,250,9100.090489
-271.22238,250,9106.251473
-233.00435,250,9106.251473
-265.14835,250,9106.251473
-290.4368,250,9106.251473
-220.37341,250,9106.251473
-258.45593,250,9106.251473
-397.06165,250,9109.070767
-318.31552,250,9115.233859
-146.29985,250,9115.233859
-209.69907,250,9115.233859
-389.44678,250,9115.233859
-397.41315,250,9115.233859
-253.58191,250,9115.234854
-344.58548,250,9117.926787
-185.81567,250,9124.381837
-249.41856,250,9124.381837
-257.5317,250,9124.381837
-235.24841,250,9124.381837
-308.31546,250,9124.381837
-201.17587,250,9124.381837
-223.34631,250,9127.224475
-207.58052,250,9133.800413
-210.66179,250,9133.800413
-331.44952,250,9133.800413
-240.95712,250,9133.800413
-233.23407,250,9133.800413
-204.32016,250,9133.800413
-167.48897,250,9138.144044
-342.45972,250,9144.602346
-277.57904,250,9144.602346
-336.41208,250,9144.602346
-353.45615,250,9144.602346
-393.35928,250,9144.602346
-242.85796,250,9144.602346
-244.67805,250,9147.492708
-145.64536,250,9154.062494
-288.9221,250,9154.062494
-189.07031,250,9154.063509
-229.06027,250,9154.063509
-403.15515,250,9154.063509
-341.5646,250,9154.063509
-249.26251,250,9156.952602
-242.64952,250,9163.434907
-312.50192,250,9163.434907
-242.99991,250,9163.434907
-243.97517,250,9163.434907
-273.36658,250,9163.434907
-235.60852,250,9163.434907
-309.75284,250,9166.126757
-393.7577,250,9172.191163
-200.51294,250,9172.191163
-292.18945,250,9172.191163
-310.06805,250,9172.191163
-422.9062,250,9172.192144
-237.32848,250,9172.192144
-164.01527,250,9176.221387
-142.89479,250,9182.177192
-246.00313,250,9182.177192
-299.70624,250,9182.177192
-281.71985,250,9182.178195
-238.75644,250,9182.178195
-167.61412,250,9182.178195
-182.4623,250,9184.90538
-317.43683,250,9191.230533
-301.907,250,9191.235534
-208.5678,250,9191.235534
-312.68683,250,9191.235534
-230.41281,250,9191.235534
-271.472,250,9191.235534
-296.7908,250,9193.980547
-228.34792,250,9200.210659
-203.8009,250,9200.210659
-228.0763,250,9200.210659
-259.36404,250,9200.210659
-402.53998,250,9200.210659
-377.59753,250,9200.210659
-290.91595,250,9202.801317
-294.0327,250,9208.997253
-222.74942,250,9208.997253
-242.44484,250,9208.997253
-285.66583,250,9208.997253
-276.77957,250,9208.997253
-187.9985,250,9208.997253
-211.9607,250,9211.606483
-369.5075,250,9219.053673
-239.284,250,9219.053673
-573.1686,250,9219.053673
-391.38947,250,9219.053673
-334.45657,250,9219.053673
-246.20891,250,9219.053673
-228.52184,250,9221.725116
-161.73619,250,9227.869037
-359.1392,250,9227.869037
-269.3921,250,9227.869037
-177.80925,250,9227.869037
-339.9856,250,9227.869037
-267.29007,250,9227.869037
-156.79028,250,9230.611118
-258.4643,250,9236.693816
-478.67902,250,9236.69781
-206.0637,250,9236.69781
-219.91797,250,9236.69781
-561.26984,250,9236.69781
-234.66159,250,9236.69781
-270.93854,250,9239.485695
-314.11462,250,9245.635061
-497.84937,250,9245.635061
-272.7176,250,9245.635061
-295.72,250,9245.635061
-253.9424,250,9245.635061
-226.09024,250,9245.635061
-207.06157,250,9248.373478
-270.69925,250,9256.251868
-301.8187,250,9256.251868
-291.18195,250,9256.251868
-324.27786,250,9256.251868
-438.37723,250,9256.251868
-326.99292,250,9256.251868
-165.8293,250,9259.120402
-241.34053,250,9265.526389
-434.40823,250,9265.526389
-260.40747,250,9265.526389
-221.28447,250,9265.526389
-356.6515,250,9265.526389
-340.28882,250,9265.526389
-463.1599,250,9268.295794
-317.92062,250,9274.587706
-235.76176,250,9274.587706
-308.43088,250,9274.587706
-282.1633,250,9274.587706
-219.68645,250,9274.587706
-251.9773,250,9274.587706
-310.32578,250,9277.385962
-261.1385,250,9283.697754
-293.12717,250,9283.697754
-228.18922,250,9283.697754
-181.8181,250,9283.697754
-259.63962,250,9283.697754
-290.0888,250,9283.697754
-203.34995,250,9286.354502
-328.1055,250,9293.799598
-180.0332,250,9293.799598
-286.9388,250,9293.799598
-297.20627,250,9293.799598
-259.57816,250,9293.799598
-454.4209,250,9293.799598
-373.7691,250,9296.519676
-210.15775,250,9302.553334
-285.11154,250,9302.554336
-185.09686,250,9302.554336
-253.80624,250,9302.554336
-207.1626,250,9302.554336
-267.85638,250,9302.554336
-419.70822,250,9305.254018
-228.98575,250,9311.356086
-302.064,250,9311.356086
-259.70172,250,9311.356086
-310.89343,250,9311.356086
-250.78029,250,9311.356086
-258.26733,250,9311.356086
-170.43355,250,9313.974469
-222.84435,250,9319.929653
-254.2251,250,9319.929653
-265.5138,250,9319.929653
-351.71768,250,9319.929653
-136.55756,250,9319.929653
-413.58502,250,9319.929653
-255.83139,250,9322.586555
-242.66473,250,9330.299558
-326.8957,250,9330.299558
-359.2991,250,9330.299558
-339.1387,250,9330.299558
-205.9999,250,9330.300558
-215.11728,250,9330.300558
-289.4059,250,9332.994759
-202.33911,250,9339.263872
-350.64066,250,9339.263872
-237.70839,250,9339.263872
-228.33733,250,9339.263872
-279.98627,250,9339.263872
-253.57565,250,9339.263872
-332.59195,250,9341.848912
-259.18985,250,9347.951262
-222.04924,250,9347.951262
-400.04636,250,9347.951262
-236.39352,250,9347.952364
-319.3176,250,9347.952364
-240.82536,250,9347.952364
-226.34769,250,9350.575879
-256.4681,250,9356.615516
-197.49852,250,9356.615516
-272.42773,250,9356.615516
-315.06995,250,9356.61655
-159.86578,250,9356.61655
-422.05017,250,9356.61655
-199.04613,250,9359.261966
-262.68912,250,9366.633541
-326.90118,250,9366.633541
-274.42615,250,9366.633541
-239.5693,250,9366.633541
-265.24734,250,9366.633541
-275.6636,250,9366.633541
-221.55782,250,9369.434515
-176.90309,250,9375.476221
-215.36908,250,9375.476221
-282.90775,250,9375.476221
-367.4901,250,9375.476221
-374.1775,250,9375.476221
-330.37833,250,9375.476221
-182.89378,250,9378.173479
-223.41603,250,9384.252699
-212.72978,250,9384.252699
-319.1207,250,9384.252699
-258.546,250,9384.252699
-318.3222,250,9384.252699
-218.41638,250,9384.252699
-230.01834,250,9387.049349
-182.14809,250,9393.174461
-169.63054,250,9393.174461
-408.0696,250,9393.174461
-264.73895,250,9393.174461
-261.0084,250,9393.174461
-389.433,250,9393.174461
-278.85468,250,9395.929394
-311.53497,250,9403.30413
-203.39432,250,9403.30413
-262.28738,250,9403.305142
-241.3467,250,9403.305142
-362.39114,250,9403.305142
-203.2225,250,9403.305142
-407.79562,250,9405.932144
-268.52997,250,9412.157929
-345.16068,250,9412.157929
-262.98358,250,9412.157929
-208.87286,250,9412.157929
-259.8391,250,9412.157929
-228.83052,250,9412.157929
-207.52303,250,9414.812473
-359.62018,250,9420.937422
-240.91656,250,9420.937422
-340.3358,250,9420.937422
-218.38567,250,9420.937422
-516.78467,250,9420.937422
-227.06332,250,9420.937422
-165.59258,250,9423.526001
-260.31665,250,9429.711584
-398.352,250,9429.711584
-291.1172,250,9429.711584
-330.01724,250,9429.711584
-261.20227,250,9429.711584
-169.09251,250,9429.711584
-331.11105,250,9432.498781
-353.6292,250,9439.815803
-472.2464,250,9439.815803
-311.96912,250,9439.815803
-386.96503,250,9439.815803
-396.32416,250,9439.815803
-227.89122,250,9439.815803
-152.26086,250,9442.447901
-322.12537,250,9448.610196
-218.02307,250,9448.610196
-180.57681,250,9448.610196
-234.25266,250,9448.610196
-292.97824,250,9448.610196
-292.61322,250,9448.610196
-147.04285,250,9451.342507
-185.00174,250,9457.624906
-316.10706,250,9457.624906
-250.3593,250,9457.624906
-249.70244,250,9457.624906
-213.01804,250,9457.624906
-350.79663,250,9457.624906
-266.735,250,9460.267743
-255.28943,250,9466.411832
-327.2995,250,9466.411832
-362.63904,250,9466.411832
-286.01474,250,9466.411832
-300.4293,250,9466.411832
-281.6329,250,9466.411832
-322.81155,250,9469.09184
-228.04892,250,9475.364352
-260.51825,250,9475.364352
-214.52325,250,9475.364352
-202.52025,250,9475.364352
-353.53137,250,9475.364352
-230.1295,250,9475.364352
-273.54364,250,9479.255394
-298.68787,250,9485.446919
-263.70346,250,9485.446919
-340.45157,250,9485.446919
-220.6879,250,9485.446919
-297.73056,250,9485.446919
-276.6669,250,9485.446919
-255.36285,250,9488.239551
-303.92725,250,9494.766216
-203.92949,250,9494.766216
-228.57553,250,9494.766216
-334.60736,250,9494.766216
-200.41399,250,9494.766216
-304.65732,250,9494.766216
-211.55327,250,9497.433948
-193.84659,250,9503.578637
-339.34256,250,9503.578637
-290.30896,250,9503.578637
-282.179,250,9503.578637
-224.85124,250,9503.578637
-293.41547,250,9503.578637
-256.11368,250,9506.272358
-136.18515,250,9512.902833
-230.42787,250,9512.903838
-391.88776,250,9512.903838
-293.79126,250,9512.903838
-335.6351,250,9512.903838
-233.44023,250,9512.903838
-232.41641,250,9517.163697
-333.881,250,9524.021158
-317.33698,250,9524.021158
-237.19226,250,9524.021158
-307.73175,250,9524.021158
-558.7642,250,9524.021158
-286.89227,250,9524.021158
-272.55704,250,9526.854766
-347.39307,250,9533.30496
-395.9214,250,9533.30496
-380.28992,250,9533.30496
-202.6535,250,9533.30496
-277.69617,250,9533.30496
-338.0158,250,9533.30496
-407.40454,250,9536.088005
-367.02197,250,9542.608357
-379.43637,250,9542.608357
-318.6994,250,9542.608357
-267.80017,250,9542.608357
-256.24475,250,9542.608357
-247.93338,250,9542.608357
-202.31293,250,9545.308809
-302.6994,250,9551.667887
-306.35764,250,9551.667887
-353.9862,250,9551.667887
-438.3574,250,9551.667887
-257.62598,250,9551.667887
-333.87988,250,9551.667887
-243.77435,250,9555.884797
-193.17902,250,9562.089467
-565.80554,250,9562.089467
-320.38373,250,9562.089467
-245.92152,250,9562.089467
-305.1472,250,9562.089467
-218.04488,250,9562.089467
-243.34377,250,9564.755608
-218.09232,250,9571.068179
-286.5405,250,9571.068941
-378.41995,250,9571.068941
-289.3136,250,9571.068941
-233.8019,250,9571.068941
-248.06888,250,9571.068941
-241.19289,250,9573.869009
-303.817,250,9580.145228
-265.0181,250,9580.145228
-231.43283,250,9580.14632
-234.43462,250,9580.14632
-186.72281,250,9580.14632
-437.40222,250,9580.14632
-182.46077,250,9582.772664
-307.8725,250,9588.915426
-308.87967,250,9588.915426
-245.81659,250,9588.915426
-245.06572,250,9588.915426
-216.00397,250,9588.915426
-181.39584,250,9588.915426
-299.21625,250,9591.654885
-297.36926,250,9599.124889
-281.8132,250,9599.124889
-380.63852,250,9599.124889
-345.29175,250,9599.124889
-261.35785,250,9599.124889
-275.95236,250,9599.124889
-323.3195,250,9601.709181
-323.02115,250,9607.840105
-219.73163,250,9607.840105
-201.90617,250,9607.840105
-304.21338,250,9607.840105
-230.85344,250,9607.840105
-315.7881,250,9607.840105
-272.7527,250,9610.443305
-323.33563,250,9616.563684
-211.28403,250,9616.563684
-146.83943,250,9616.563684
-201.14609,250,9616.563684
-157.94443,250,9616.563684
-575.7715,250,9616.563684
-277.03616,250,9619.323897
-305.14935,250,9625.481152
-284.24838,250,9625.481152
-200.44748,250,9625.481152
-191.22467,250,9625.481152
-453.24133,250,9625.481152
-222.67589,250,9625.481152
-327.6786,250,9628.268995
-311.79886,250,9635.536031
-324.50278,250,9635.536031
-214.03972,250,9635.536031
-351.5479,250,9635.536031
-245.72728,250,9635.536031
-329.3764,250,9635.536031
-229.74454,250,9638.166065
-300.70535,250,9644.332912
-217.40205,250,9644.332912
-249.84325,250,9644.332912
-140.84544,250,9644.332912
-361.83957,250,9644.332912
-266.3126,250,9644.332912
-301.97357,250,9647.037024
-277.98846,250,9653.24666
-302.05832,250,9653.24666
-192.37025,250,9653.24666
-232.34514,250,9653.24666
-265.01483,250,9653.24666
-257.7924,250,9653.24666
-224.60683,250,9655.961119
-271.45193,250,9662.309083
-266.7405,250,9662.309083
-546.1884,250,9662.310072
-296.54623,250,9662.310072
-290.24597,250,9662.310072
-251.10855,250,9662.310072
-244.77171,250,9665.185999
-382.91415,250,9673.089324
-307.94547,250,9673.089324
-209.62938,250,9673.089324
-240.24998,250,9673.089324
-382.8539,250,9673.089324
-181.97304,250,9673.089324
-256.0058,250,9675.878793
-249.60255,250,9681.846533
-171.74742,250,9681.84791
-252.24515,250,9681.84791
-187.76515,250,9681.84791
-393.50397,250,9681.84791
-346.70316,250,9681.84791
-227.34782,250,9684.506929
-347.07446,250,9690.617882
-465.55664,250,9690.617882
-317.88052,250,9690.617882
-265.9291,250,9690.617882
-194.02306,250,9690.617882
-459.67288,250,9690.617882
-188.93784,250,9693.256097
-272.88397,250,9699.436166
-325.18723,250,9699.436166
-346.99393,250,9699.436166
-243.85725,250,9699.436166
-364.40482,250,9699.436166
-218.87987,250,9699.436166
-269.88345,250,9702.125915
-332.85925,250,9709.531282
-289.3441,250,9709.53229
-320.43738,250,9709.53229
-277.6539,250,9709.53229
-535.44196,250,9709.53229
-314.66556,250,9709.53229
-342.49722,250,9712.189625
-327.10657,250,9718.552739
-321.104,250,9718.552739
-213.15973,250,9718.552739
-246.49147,250,9718.552739
-298.90643,250,9718.552739
-413.74042,250,9718.552739
-324.6239,250,9721.288094
-220.24269,250,9727.510067
-404.1394,250,9727.510067
-270.01404,250,9727.510067
-247.88019,250,9727.510067
-383.62564,250,9727.510067
-377.37695,250,9727.510067
-438.75006,250,9730.219444
-207.25076,250,9736.369091
-388.0274,250,9736.369091
-223.41837,250,9736.369091
-237.88611,250,9736.369091
-411.77115,250,9736.369091
-239.84557,250,9736.369091
-222.22513,250,9739.167058
-337.5426,250,9746.678947
-347.26688,250,9746.678947
-291.1051,250,9746.678947
-308.77246,250,9746.678947
-365.46237,250,9746.678947
-227.01585,250,9746.678947
-293.84528,250,9749.370898
-342.8496,250,9755.563227
-449.1981,250,9755.563227
-328.3351,250,9755.564226
-235.2497,250,9755.564226
-412.62927,250,9755.564226
-414.22614,250,9755.564226
-324.42374,250,9758.249193
-283.27817,250,9764.434985
-276.79153,250,9764.434985
-276.4699,250,9764.434985
-208.10046,250,9764.434985
-304.26602,250,9764.434985
-337.5091,250,9764.434985
-335.90054,250,9767.180526
-347.38235,250,9773.312558
-263.9847,250,9773.312558
-323.83612,250,9773.312558
-249.10124,250,9773.312558
-218.63087,250,9773.312558
-450.2983,250,9773.312558
-282.79614,250,9775.996189
-235.73814,250,9783.372315
-264.33514,250,9783.372315
-243.28548,250,9783.373326
-314.07632,250,9783.373326
-254.03427,250,9783.373326
-229.47156,250,9783.373326
-233.84378,250,9786.260441
-295.86136,250,9792.521289
-293.5298,250,9792.521289
-334.45407,250,9792.521289
-296.78888,250,9792.521289
-346.29135,250,9792.521289
-323.9487,250,9792.521289
-325.85226,250,9795.195441
-227.80797,250,9801.526983
-360.86823,250,9801.526983
-247.6977,250,9801.526983
-231.59714,250,9801.526983
-465.39847,250,9801.526983
-239.9646,250,9801.526983
-376.8747,250,9804.189923
-249.91124,250,9810.441058
-192.19064,250,9810.441058
-523.0906,250,9810.441058
-197.97664,250,9810.441058
-260.67374,250,9810.441058
-391.71472,250,9810.441058
-274.25235,250,9813.219118
-338.52982,250,9821.018893
-183.49362,250,9821.019884
-341.78674,250,9821.019884
-185.26369,250,9821.019884
-229.4756,250,9821.019884
-227.62416,250,9821.019884
-234.16454,250,9823.818178
-220.09557,250,9829.994568
-278.32257,250,9829.994568
-420.3948,250,9829.994568
-227.69672,250,9829.994568
-237.09904,250,9829.994568
-260.92572,250,9829.994568
-313.9378,250,9832.799522
-345.80127,250,9838.959131
-263.13065,250,9838.959131
-296.7672,250,9838.959131
-218.16635,250,9838.959131
-235.91185,250,9838.959131
-363.85968,250,9838.959131
-202.5615,250,9841.582154
-205.58562,250,9847.766912
-251.03807,250,9847.766912
-284.83444,250,9847.766912
-351.2469,250,9847.766912
-288.60696,250,9847.766912
-261.76486,250,9847.766912
-260.4443,250,9850.56594
-220.8172,250,9857.120064
-321.7612,250,9857.120064
-299.59555,250,9857.120064
-322.49063,250,9857.120064
-296.20346,250,9857.120064
-259.35242,250,9857.120064
-294.39664,250,9860.986794
-305.96875,250,9867.149409
-230.52444,250,9867.149409
-280.4638,250,9867.149409
-197.4405,250,9867.149409
-285.33734,250,9867.149409
-158.76697,250,9867.149409
-411.309,250,9869.795805
-431.872,250,9875.840348
-276.05856,250,9875.844348
-258.23343,250,9875.84486
-350.3993,250,9875.84486
-300.33502,250,9875.84486
-220.79073,250,9875.84486
-311.5396,250,9878.513841
-272.38812,250,9884.649435
-303.31567,250,9884.649435
-275.61478,250,9884.649435
-305.8517,250,9884.649435
-352.8404,250,9884.65045
-361.47357,250,9884.65045
-304.185,250,9887.328548
-228.0272,250,9893.304694
-266.8734,250,9893.304694
-229.66577,250,9893.304694
-385.43018,250,9893.304694
-239.04683,250,9893.304694
-397.6301,250,9893.304694
-347.18652,250,9897.148184
-373.35153,250,9903.278081
-337.13538,250,9903.278081
-369.97577,250,9903.278081
-214.18544,250,9903.278081
-291.00528,250,9903.279073
-323.62473,250,9903.279073
-224.5618,250,9906.090971
-275.9517,250,9912.060095
-216.55176,250,9912.060095
-246.3591,250,9912.060095
-400.69556,250,9912.061159
-248.01057,250,9912.061159
-362.1834,250,9912.061159
-270.2881,250,9914.889159
-346.74066,250,9921.207791
-238.926,250,9921.207791
-281.61002,250,9921.207791
-306.4646,250,9921.207791
-315.6617,250,9921.207791
-430.54874,250,9921.207791
-347.9018,250,9923.789587
-448.0735,250,9929.92077
-454.90326,250,9929.92077
-290.5244,250,9929.92077
-454.6331,250,9929.92077
-328.82117,250,9929.92077
-276.11157,250,9929.92077
-301.0272,250,9933.747569
-310.1556,250,9939.969357
-212.5837,250,9939.969357
-296.9197,250,9939.969357
-464.02206,250,9939.969357
-280.542,250,9939.969357
-315.20535,250,9939.969357
-355.19394,250,9942.6957
-452.66055,250,9948.777211
-228.54547,250,9948.777211
-443.55078,250,9948.777211
-225.58426,250,9948.777211
-315.90033,250,9948.777211
-289.0955,250,9948.778469
-372.81595,250,9951.46171
-243.32143,250,9957.515142
-247.1759,250,9957.515142
-254.89392,250,9957.515142
-303.51016,250,9957.515142
-206.11765,250,9957.515142
-194.4098,250,9957.515142
-252.38956,250,9960.331179
-406.45117,250,9966.337531
-255.32591,250,9966.337531
-211.54112,250,9966.337531
-339.23926,250,9966.337531
-274.45532,250,9966.337531
-332.51276,250,9966.337531
-268.4295,250,9969.170923
-206.3096,250,9976.536535
-267.16232,250,9976.536535
-204.9812,250,9976.536535
-308.37964,250,9976.536535
-253.76227,250,9976.536535
-356.32333,250,9976.536535
-358.72357,250,9979.17734
-260.22946,250,9985.520928
-213.43643,250,9985.520928
-368.92783,250,9985.520928
-278.24588,250,9985.520928
-322.28793,250,9985.520928
-232.2864,250,9985.520928
-209.7312,250,9988.138515
-208.17558,250,9994.133453
-337.1027,250,9994.133453
-272.5819,250,9994.133453
-272.55026,250,9994.133453
-431.78928,250,9994.133453
-293.0849,250,9994.133453
-263.37054,250,9996.766481
-337.43896,250,10002.872221
-250.33902,250,10002.872221
-245.09293,250,10002.872221
-259.35306,250,10002.872221
-187.83362,250,10002.872221
-127.313324,250,10002.872221
-264.5509,250,10005.597293
-220.0967,250,10013.058707
-386.65176,250,10013.059712
-241.2764,250,10013.059712
-344.51895,250,10013.059712
-207.64995,250,10013.059712
-225.92168,250,10013.059712
-237.62885,250,10015.759414
-281.27557,250,10022.8106
-203.84944,250,10022.8106
-224.0449,250,10022.8106
-482.13297,250,10022.8106
-191.03152,250,10022.8106
-279.78632,250,10022.8106
-320.9345,250,10025.820578
-203.29137,250,10032.072146
-230.48602,250,10032.072146
-463.6635,250,10032.072146
-315.26364,250,10032.072146
-438.35596,250,10032.072146
-333.0512,250,10032.072146
-250.72966,250,10034.989522
-210.45854,250,10041.360398
-242.87054,250,10041.360398
-344.28052,250,10041.361398
-276.1639,250,10041.361398
-358.56708,250,10041.361398
-389.87772,250,10041.361398
-226.68103,250,10043.965688
-235.83096,250,10051.719612
-412.756,250,10051.719612
-322.94037,250,10051.720607
-344.0618,250,10051.720607
-251.02956,250,10051.720607
-216.05916,250,10051.720607
-366.9544,250,10054.573714
-331.41138,250,10060.757898
-286.99252,250,10060.757898
-284.40915,250,10060.757898
-236.09882,250,10060.757898
-321.41183,250,10060.757898
-261.9305,250,10060.757898
-205.42313,250,10063.507646
-187.50948,250,10069.710618
-200.76912,250,10069.715077
-438.37357,250,10069.715077
-209.28767,250,10069.715077
-403.8487,250,10069.715077
-350.45786,250,10069.715077
-309.68768,250,10072.328063
-176.28227,250,10078.391405
-237.68893,250,10078.391405
-386.76373,250,10078.391405
-279.76056,250,10078.391405
-190.89429,250,10078.391405
-319.69418,250,10078.391405
-328.28302,250,10081.028915
-222.18057,250,10088.376736
-287.36304,250,10088.376736
-326.86627,250,10088.376736
-282.41098,250,10088.376736
-256.06705,250,10088.376736
-134.76488,250,10088.376736
-212.45107,250,10091.119685
-257.98795,250,10097.265766
-236.74185,250,10097.265766
-270.07065,250,10097.265766
-347.99265,250,10097.265766
-316.85803,250,10097.265766
-258.07465,250,10097.265766
-331.3685,250,10099.947728
-555.3198,250,10106.148867
-239.0794,250,10106.148867
-345.42725,250,10106.148867
-495.0503,250,10106.148867
-298.95694,250,10106.148867
-333.57892,250,10106.148867
-238.15623,250,10108.782072
-252.81712,250,10115.199237
-284.61615,250,10115.199237
-221.12822,250,10115.199237
-263.92493,250,10115.199237
-354.8313,250,10115.199237
-329.20493,250,10115.199237
-271.91425,250,10117.948734
-236.6297,250,10125.398531
-225.13237,250,10125.398531
-215.01309,250,10125.398531
-299.01944,250,10125.398531
-330.42902,250,10125.398531
-257.2952,250,10125.398531
-329.33667,250,10128.028569
-197.91983,250,10134.225124
-319.31827,250,10134.225124
-186.63222,250,10134.225124
-252.41899,250,10134.225124
-246.8175,250,10134.225124
-286.61014,250,10134.225124
-292.00827,250,10136.901603
-311.98367,250,10143.05783
-312.93152,250,10143.05783
-175.27638,250,10143.05783
-300.0744,250,10143.05783
-186.5523,250,10143.05783
-185.59393,250,10143.05783
-272.74542,250,10145.722122
-380.843,250,10151.865048
-278.75742,250,10151.865048
-272.12802,250,10151.865048
-261.43158,250,10151.865048
-228.47641,250,10151.865048
-354.68494,250,10151.865048
-265.48602,250,10154.755067
-200.32715,250,10162.227426
-192.68723,250,10162.227426
-190.06683,250,10162.227426
-260.07324,250,10162.227426
-217.65123,250,10162.227426
-239.64784,250,10162.227426
-333.44168,250,10164.903141
-277.2549,250,10171.1282
-333.78452,250,10171.1282
-277.26746,250,10171.1282
-292.6318,250,10171.1282
-228.31944,250,10171.1282
-196.20154,250,10171.1282
-323.5072,250,10173.79585
-212.763,250,10180.329971
-206.87376,250,10180.329971
-329.44162,250,10180.329971
-348.1037,250,10180.329971
-391.50772,250,10180.329971
-137.51326,250,10180.329971
-309.4658,250,10183.194065
-226.15356,250,10189.291155
-268.0993,250,10189.291155
-295.4405,250,10189.291155
-287.82318,250,10189.291155
-240.56165,250,10189.291155
-235.08131,250,10189.291155
-334.63336,250,10191.911179
-335.3185,250,10199.344415
-412.63028,250,10199.344415
-235.34216,250,10199.344415
-241.16072,250,10199.344415
-327.98444,250,10199.344415
-292.6146,250,10199.344415
-348.31525,250,10202.00136
-310.17044,250,10208.190844
-348.29498,250,10208.190844
-390.99948,250,10208.190844
-197.90422,250,10208.190844
-301.7108,250,10208.190844
-264.03998,250,10208.190844
-343.3153,250,10210.978883
-282.46796,250,10216.914932
-185.5784,250,10216.914932
-223.43887,250,10216.914932
-251.67223,250,10216.914932
-348.72668,250,10216.914932
-230.37506,250,10216.91595
-235.30472,250,10219.727999
-327.46585,250,10225.769947
-253.74266,250,10225.769947
-237.86124,250,10225.769947
-325.44592,250,10225.769947
-322.42078,250,10225.769947
-351.15063,250,10225.769947
-275.09488,250,10228.430382
-336.54462,250,10235.777118
-227.38158,250,10235.777118
-201.28593,250,10235.777118
-248.80124,250,10235.777118
-233.25304,250,10235.777118
-274.13763,250,10235.777118
-285.52658,250,10238.372628
-328.67438,250,10244.540735
-333.43646,250,10244.540735
-287.93747,250,10244.540735
-315.5014,250,10244.540735
-281.01367,250,10244.540735
-198.48523,250,10244.540735
-362.37872,250,10247.363534
-273.90192,250,10253.510589
-277.04785,250,10253.510589
-271.18027,250,10253.510589
-458.99924,250,10253.510589
-282.61356,250,10253.510589
-265.95212,250,10253.510589
-292.9,250,10256.176838
-303.7755,250,10262.645767
-431.91476,250,10262.645767
-477.6585,250,10262.645767
-217.62349,250,10262.645767
-309.0737,250,10262.645767
-366.02585,250,10262.645767
-189.19914,250,10265.313439
-439.10278,250,10271.559855
-218.42744,250,10271.559855
-479.10693,250,10271.559855
-386.75928,250,10271.559855
-245.80605,250,10271.559855
-266.30716,250,10271.559855
-333.34888,250,10275.561078
-274.6514,250,10281.586977
-291.55643,250,10281.586977
-219.05733,250,10281.586977
-269.3585,250,10281.586977
-308.2446,250,10281.586977
-237.15704,250,10281.586977
-222.341,250,10284.208048
-376.54398,250,10290.344081
-250.42276,250,10290.344081
-374.73932,250,10290.344081
-257.8649,250,10290.345082
-418.45245,250,10290.345082
-358.30954,250,10290.345082
-244.79987,250,10293.07177
-217.42564,250,10299.185913
-287.0151,250,10299.185913
-258.89835,250,10299.185913
-324.5267,250,10299.185913
-332.63235,250,10299.185913
-324.36023,250,10299.185913
-196.40231,250,10301.914952
-327.69586,250,10308.037531
-397.36142,250,10308.037531
-284.4383,250,10308.037531
-360.7417,250,10308.037531
-419.45963,250,10308.037531
-251.24873,250,10308.037531
-283.73682,250,10312.218688
-370.047,250,10318.41045
-269.4853,250,10318.41045
-244.38326,250,10318.41045
-488.14966,250,10318.41045
-393.43826,250,10318.41045
-335.4208,250,10318.41045
-364.36914,250,10321.093552
-288.79868,250,10327.300463
-262.67142,250,10327.300463
-334.715,250,10327.300463
-255.74017,250,10327.300463
-339.4504,250,10327.300463
-254.03882,250,10327.300463
-324.05164,250,10329.961051
-374.37067,250,10336.079633
-207.27325,250,10336.079633
-270.63535,250,10336.079633
-253.16096,250,10336.079633
-194.6538,250,10336.079633
-230.36664,250,10336.079633
-251.24667,250,10338.783854
-339.21323,250,10345.010641
-220.51604,250,10345.010641
-258.86942,250,10345.01165
-263.23154,250,10345.01165
-329.10333,250,10345.01165
-281.05957,250,10345.01165
-402.9751,250,10348.918445
-312.17224,250,10355.006328
-244.66005,250,10355.006328
-297.01346,250,10355.006328
-208.05296,250,10355.006328
-367.79623,250,10355.006328
-245.00902,250,10355.006328
-341.11548,250,10357.695587
-244.11005,250,10363.897093
-360.38458,250,10363.897093
-260.08218,250,10363.897093
-378.12384,250,10363.897093
-466.5174,250,10363.897093
-284.17337,250,10363.897093
-239.83734,250,10366.609098
-236.23558,250,10372.737688
-273.47757,250,10372.737688
-361.9565,250,10372.737688
-304.9272,250,10372.737688
-364.74338,250,10372.737688
-286.3802,250,10372.737688
-343.97607,250,10375.525847
-270.9682,250,10381.881452
-222.42715,250,10381.881452
-281.78006,250,10381.881452
-220.53566,250,10381.881452
-296.72025,250,10381.881452
-266.69507,250,10381.881452
-229.95747,250,10384.505877
-289.7291,250,10392.286635
-312.23633,250,10392.286635
-475.8687,250,10392.286635
-389.1172,250,10392.286635
-362.36856,250,10392.286635
-250.61404,250,10392.286635
-417.8234,250,10395.194947
-275.55698,250,10401.797127
-307.79968,250,10401.797127
-275.68872,250,10401.797127
-356.37305,250,10401.797127
-294.65326,250,10401.797127
-409.59546,250,10401.797127
-296.0116,250,10404.567122
-271.38113,250,10410.816943
-228.71123,250,10410.816943
-226.58098,250,10410.816943
-276.05563,250,10410.816943
-362.5064,250,10410.816943
-269.64648,250,10410.816943
-197.49034,250,10413.637394
-287.12805,250,10420.109332
-254.52184,250,10420.11035
-261.00018,250,10420.11035
-174.98633,250,10420.11035
-240.72455,250,10420.11035
-227.15073,250,10420.11035
-276.93033,250,10422.926816
-361.20065,250,10430.379683
-208.45201,250,10430.380682
-280.83612,250,10430.380682
-391.91287,250,10430.380682
-268.71457,250,10430.380682
-243.08105,250,10430.380682
-286.7832,250,10433.179987
-374.62946,250,10439.567762
-188.62802,250,10439.567762
-233.87242,250,10439.567762
-296.1655,250,10439.567762
-418.43872,250,10439.567762
-272.80627,250,10439.567762
-330.79523,250,10442.394674
-271.50565,250,10448.738452
-241.6186,250,10448.738452
-232.3412,250,10448.738452
-173.36882,250,10448.738452
-385.36966,250,10448.738452
-259.20438,250,10448.738452
-233.99893,250,10451.430721
-233.27853,250,10457.807709
-288.96924,250,10457.807709
-216.6543,250,10457.808717
-304.1139,250,10457.808717
-284.70883,250,10457.808717
-297.16116,250,10457.808717
-201.59375,250,10460.535684
-257.128,250,10467.995124
-223.69579,250,10467.995124
-379.16415,250,10467.995124
-359.39178,250,10467.995124
-272.24625,250,10467.995124
-245.46362,250,10467.995124
-290.2009,250,10470.753987
-469.26627,250,10476.763288
-230.9603,250,10476.763288
-267.914,250,10476.763288
-231.90018,250,10476.763288
-243.30653,250,10476.76428
-348.6058,250,10476.76428
-363.61346,250,10479.538687
-400.46494,250,10485.647084
-244.45406,250,10485.647084
-387.47784,250,10485.647084
-252.37967,250,10485.647084
-343.9179,250,10485.647084
-258.2203,250,10485.647084
-261.40784,250,10488.258421
-526.4885,250,10494.358534
-210.58917,250,10494.358534
-278.23843,250,10494.358534
-229.35556,250,10494.358534
-417.23587,250,10494.358534
-522.66547,250,10494.358534
-472.6541,250,10496.970839
-166.13,250,10504.219362
-318.6765,250,10504.220362
-250.04912,250,10504.220362
-332.25165,250,10504.220362
-140.71533,250,10504.220362
-222.64835,250,10504.220362
-343.5805,250,10507.10773
-144.173,250,10513.382566
-334.0524,250,10513.382566
-204.40692,250,10513.382566
-304.35428,250,10513.382566
-369.32343,250,10513.382566
-278.18042,250,10513.382566
-266.85834,250,10516.056537
-237.09914,250,10522.269662
-236.91444,250,10522.269662
-278.33908,250,10522.269662
-359.44043,250,10522.269662
-258.0095,250,10522.269662
-223.06776,250,10522.269662
-279.34637,250,10524.921627
-260.3093,250,10531.084703
-180.90387,250,10531.084703
-432.75433,250,10531.084703
-294.96835,250,10531.084703
-254.37405,250,10531.084703
-361.32257,250,10531.084703
-183.07388,250,10533.721772
-224.57234,250,10541.232992
-245.08789,250,10541.232992
-189.55318,250,10541.232992
-233.554,250,10541.232992
-323.23578,250,10541.232992
-242.86449,250,10541.232992
-377.30978,250,10544.002558
-343.72018,250,10550.165795
-270.29105,250,10550.165795
-241.11862,250,10550.165795
-311.7449,250,10550.165795
-294.49158,250,10550.165795
-339.8212,250,10550.165795
-366.59695,250,10552.836437
-272.5304,250,10558.924164
-268.13666,250,10558.924164
-291.58102,250,10558.924164
-199.68787,250,10558.924164
-326.30817,250,10558.924164
-200.63777,250,10558.924164
-452.65558,250,10561.681222
-181.07193,250,10567.856252
-296.75943,250,10567.856252
-208.94846,250,10567.856252
-282.80234,250,10567.856252
-286.67746,250,10567.856252
-216.8138,250,10567.856252
-283.24655,250,10570.506331
-253.8482,250,10578.389299
-334.52618,250,10578.389299
-344.44513,250,10578.389299
-237.1585,250,10578.389299
-189.80078,250,10578.389299
-235.03891,250,10578.389299
-289.7738,250,10581.135323
-185.21844,250,10587.234188
-203.18639,250,10587.234188
-310.80426,250,10587.234188
-282.45627,250,10587.234188
-159.52847,250,10587.234188
-393.16202,250,10587.234188
-360.90628,250,10590.021434
-360.57364,250,10596.09339
-287.8432,250,10596.09339
-234.37895,250,10596.09339
-205.49452,250,10596.09339
-286.30814,250,10596.09339
-296.88898,250,10596.09339
-313.62787,250,10598.784615
-501.5292,250,10604.882616
-227.11133,250,10604.886184
-478.1888,250,10604.886184
-243.63997,250,10604.886184
-285.92026,250,10604.886184
-161.58482,250,10604.886184
-399.1244,250,10607.534672
-580.4246,250,10614.890346
-326.4808,250,10614.890346
-302.14734,250,10614.890346
-241.58752,250,10614.890346
-241.5897,250,10614.890346
-278.18796,250,10614.890346
-283.79736,250,10617.586716
-415.5341,250,10623.621161
-288.51697,250,10623.621161
-206.61897,250,10623.621161
-373.1328,250,10623.622158
-386.80002,250,10623.622158
-251.8554,250,10623.622158
-457.15842,250,10626.337505
-229.54567,250,10632.35557
-284.70148,250,10632.35557
-338.2545,250,10632.35557
-248.31319,250,10632.35557
-380.22415,250,10632.35557
-303.5979,250,10632.35557
-175.08989,250,10634.950972
-301.18042,250,10641.323541
-281.68774,250,10641.323541
-231.03087,250,10641.323541
-302.7514,250,10641.323541
-299.7822,250,10641.323541
-221.99854,250,10641.323541
-234.39938,250,10644.392713
-253.90079,250,10650.575366
-295.05768,250,10650.575366
-225.2572,250,10650.575366
-244.44347,250,10650.575366
-232.11162,250,10650.575366
-242.01117,250,10650.575366
-383.41257,250,10654.536166
-438.95554,250,10660.814379
-289.04956,250,10660.814379
-307.05304,250,10660.815604
-453.4792,250,10660.815604
-304.3695,250,10660.815604
-331.045,250,10660.815604
-180.473,250,10663.477665
-332.5013,250,10670.241376
-281.17926,250,10670.241376
-277.7059,250,10670.241376
-311.27158,250,10670.241376
-267.7773,250,10670.241376
-225.64333,250,10670.241376
-232.8955,250,10673.493268
-155.71193,250,10680.352482
-631.8432,250,10680.352482
-236.86029,250,10680.352482
-244.26778,250,10680.352482
-302.0327,250,10680.352482
-341.0993,250,10680.352482
-322.06583,250,10683.11576
-214.21832,250,10689.400188
-285.2806,250,10689.400188
-424.50555,250,10689.400188
-442.66354,250,10689.400188
-225.39684,250,10689.400188
-242.70972,250,10689.400188
-186.35417,250,10693.270594
-267.77853,250,10699.504483
-175.23143,250,10699.504483
-316.5628,250,10699.504483
-338.84976,250,10699.504483
-293.35028,250,10699.505496
-275.23474,250,10699.505496
-612.7973,250,10702.165251
-191.14868,250,10708.654269
-271.2847,250,10708.654269
-252.93463,250,10708.654269
-326.44232,250,10708.654269
-212.17165,250,10708.654269
-279.44202,250,10708.654269
-325.1657,250,10711.265643
-271.85153,250,10717.345415
-360.46484,250,10717.345415
-396.815,250,10717.345415
-375.5471,250,10717.346416
-256.89758,250,10717.346416
-255.23637,250,10717.346416
-289.01532,250,10720.056528
-228.60811,250,10726.553182
-297.91412,250,10726.553182
-325.7616,250,10726.553182
-271.85345,250,10726.553182
-211.13527,250,10726.553182
-356.13788,250,10726.553182
-564.1899,250,10730.486477
-350.71622,250,10736.689692
-271.82355,250,10736.689692
-233.41951,250,10736.689692
-242.17094,250,10736.689692
-250.45038,250,10736.689692
-331.90637,250,10736.689692
-365.89227,250,10739.46584
-455.52042,250,10745.635515
-259.49524,250,10745.635515
-268.5868,250,10745.635515
-270.13467,250,10745.636536
-230.88553,250,10745.636536
-231.24878,250,10745.636536
-177.66791,250,10748.303053
-414.81036,250,10754.546192
-324.87585,250,10754.546192
-251.9709,250,10754.546192
-289.196,250,10754.547193
-196.81909,250,10754.547193
-174.61377,250,10754.547193
-268.09866,250,10757.33112
-185.82047,250,10763.569093
-129.10849,250,10763.569093
-247.34523,250,10763.569093
-289.93207,250,10763.569093
-424.05533,250,10763.569093
-381.6947,250,10763.569093
-265.29535,250,10766.336669
-429.90335,250,10773.880279
-211.89024,250,10773.880279
-220.9176,250,10773.880279
-297.60483,250,10773.880279
-362.32013,250,10773.880279
-273.8383,250,10773.880279
-285.7351,250,10776.486048
-314.13104,250,10782.699485
-223.02113,250,10782.699485
-305.66858,250,10782.699485
-245.35548,250,10782.699485
-408.89658,250,10782.699485
-207.63506,250,10782.699485
-351.73734,250,10785.319317
-497.65854,250,10791.400827
-446.2463,250,10791.400827
-211.74352,250,10791.400827
-349.90573,250,10791.400827
-250.87254,250,10791.400827
-301.2474,250,10791.400827
-518.0577,250,10794.128706
-301.64517,250,10800.198616
-242.84044,250,10800.198616
-273.37064,250,10800.198616
-434.9463,250,10800.198616
-317.75128,250,10800.198616
-214.12646,250,10800.199635
-357.14465,250,10802.926314
-310.7909,250,10810.271214
-300.4343,250,10810.271214
-243.94313,250,10810.271214
-205.15433,250,10810.271214
-319.4977,250,10810.271214
-257.85522,250,10810.271214
-195.34482,250,10812.926798
-299.1751,250,10819.074456
-317.76276,250,10819.074456
-295.5883,250,10819.074456
-260.64062,250,10819.074456
-385.43802,250,10819.074456
-260.80978,250,10819.074456
-256.0804,250,10821.761705
-338.26862,250,10827.755344
-423.362,250,10827.756424
-360.0129,250,10827.756424
-180.10974,250,10827.756424
-310.34174,250,10827.756424
-268.33737,250,10827.756424
-338.17368,250,10830.505118
-249.91599,250,10836.646499
-420.9286,250,10836.646499
-245.4242,250,10836.646499
-270.10968,250,10836.646499
-322.11063,250,10836.646499
-303.55444,250,10836.646499
-403.20135,250,10839.439657
-260.78732,250,10846.82216
-241.9952,250,10846.823078
-409.2298,250,10846.823078
-318.1842,250,10846.823078
-345.8081,250,10846.823078
-265.6465,250,10846.823078
-358.37537,250,10849.402843
-301.6256,250,10855.469433
-217.02176,250,10855.469433
-340.66312,250,10855.469433
-326.02597,250,10855.469433
-374.79904,250,10855.469433
-405.0699,250,10855.469433
-245.97636,250,10858.22159
-250.01349,250,10864.31906
-289.22067,250,10864.31906
-339.351,250,10864.31906
-225.52527,250,10864.31906
-314.93356,250,10864.31906
-302.8374,250,10864.31906
-424.31503,250,10867.026654
-409.2989,250,10873.243221
-431.44092,250,10873.243221
-405.19104,250,10873.243221
-312.494,250,10873.243221
-251.39276,250,10873.243221
-442.9631,250,10873.243221
-145.21062,250,10875.998778
-344.7312,250,10883.411537
-339.2724,250,10883.411537
-317.781,250,10883.411537
-265.69937,250,10883.411537
-225.00781,250,10883.411537
-182.11285,250,10883.411537
-454.01984,250,10886.190867
-346.47827,250,10892.384753
-398.28348,250,10892.384753
-289.4173,250,10892.384753
-223.58342,250,10892.384753
-198.97737,250,10892.384753
-387.06467,250,10892.384753
-476.99585,250,10895.03053
-248.25783,250,10901.238889
-297.34714,250,10901.238889
-342.56766,250,10901.238889
-264.85092,250,10901.238889
-233.53291,250,10901.238889
-269.1822,250,10901.238889
-290.16507,250,10903.976113
-246.12288,250,10910.223197
-251.71498,250,10910.223197
-292.0795,250,10910.223197
-245.79681,250,10910.223197
-285.50208,250,10910.223197
-283.7431,250,10910.223197
-264.1162,250,10912.898092
-365.45563,250,10920.366425
-257.04987,250,10920.366425
-271.51718,250,10920.366425
-312.3147,250,10920.366425
-352.562,250,10920.366425
-230.76897,250,10920.366425
-386.93585,250,10923.033487
-297.7285,250,10929.189214
-194.84204,250,10929.189214
-372.7272,250,10929.189214
-268.3317,250,10929.189214
-347.024,250,10929.189214
-312.48868,250,10929.189214
-222.1078,250,10931.907793
-372.89432,250,10938.038624
-291.27777,250,10938.038624
-303.3658,250,10938.038624
-505.83148,250,10938.038624
-221.89693,250,10938.038624
-450.37228,250,10938.038624
-272.55566,250,10940.827323
-291.0039,250,10946.904853
-231.9747,250,10946.904853
-339.0688,250,10946.904853
-192.1176,250,10946.904853
-343.89493,250,10946.904853
-338.69186,250,10946.904853
-287.58575,250,10949.548081
-286.50076,250,10957.038389
-218.41779,250,10957.038389
-331.4301,250,10957.038389
-278.04938,250,10957.038389
-210.21315,250,10957.038389
-280.037,250,10957.038389
-269.68945,250,10959.711891
-429.8647,250,10965.871209
-321.52432,250,10965.871209
-229.18439,250,10965.871209
-249.30072,250,10965.871209
-458.18414,250,10965.871209
-308.83447,250,10965.871209
-353.5826,250,10968.725263
-311.9541,250,10974.954316
-201.45805,250,10974.954316
-357.35468,250,10974.954316
-350.36685,250,10974.954316
-251.09229,250,10974.954316
-237.57674,250,10974.954316
-264.28226,250,10977.618939
-389.19812,250,10983.650558
-230.5245,250,10983.651593
-445.2889,250,10983.651593
-243.02705,250,10983.651593
-562.49756,250,10983.651593
-248.5347,250,10983.651593
-180.48544,250,10986.294349
-239.40643,250,10993.70787
-378.5872,250,10993.70787
-267.77637,250,10993.70787
-147.1628,250,10993.70787
-254.27625,250,10993.70787
-294.66953,250,10993.70787
-319.60013,250,10996.339335
-321.21307,250,11002.526703
-276.06976,250,11002.526703
-466.41098,250,11002.526703
-249.18085,250,11002.526703
-469.4529,250,11002.526703
-241.30415,250,11002.526703
-298.0114,250,11005.246927
-339.2544,250,11011.225732
-263.41626,250,11011.225732
-342.92108,250,11011.225732
-267.08548,250,11011.225732
-253.099,250,11011.225732
-425.7726,250,11011.225732
-271.4123,250,11013.853191
-367.30298,250,11019.918189
-347.88077,250,11019.918189
-368.33484,250,11019.918189
-343.01923,250,11019.918189
-423.6646,250,11019.918189
-400.88483,250,11019.918189
-279.74152,250,11022.611995
-280.12573,250,11028.707747
-329.6287,250,11028.707747
-307.05157,250,11028.707747
-328.73386,250,11028.707747
-220.25366,250,11028.707747
-356.02536,250,11028.707747
-347.54285,250,11032.665698
-284.07812,250,11039.017955
-353.7426,250,11039.017955
-173.84209,250,11039.017955
-197.233,250,11039.017955
-331.8552,250,11039.017955
-254.55917,250,11039.017955
-436.63895,250,11041.642532
-306.37756,250,11047.784718
-245.04274,250,11047.784718
-374.8244,250,11047.784718
-286.00156,250,11047.784718
-314.2328,250,11047.784718
-380.1991,250,11047.784718
-287.2423,250,11050.466698
-202.47075,250,11056.613009
-358.78235,250,11056.613009
-346.46793,250,11056.613009
-365.384,250,11056.613009
-327.64774,250,11056.613009
-372.53885,250,11056.613009
-246.66827,250,11059.544988
-377.88724,250,11065.778396
-278.14774,250,11065.778396
-300.43045,250,11065.778396
-250.7123,250,11065.778396
-534.54333,250,11065.778396
-309.68515,250,11065.778396
-395.58853,250,11069.715464
-387.6791,250,11075.804615
-308.65015,250,11075.804615
-302.07544,250,11075.804615
-330.68832,250,11075.804615
-286.92587,250,11075.804615
-275.81116,250,11075.804615
-308.81027,250,11078.502383
-289.6868,250,11085.025949
-251.81837,250,11085.025949
-319.33066,250,11085.025949
-334.33813,250,11085.025949
-361.5196,250,11085.025949
-237.11252,250,11085.025949
-196.98952,250,11087.786952
-398.69302,250,11093.934081
-333.05728,250,11093.934081
-363.17087,250,11093.934081
-358.93948,250,11093.934081
-238.75856,250,11093.934081
-274.76056,250,11093.934081
-353.87418,250,11096.555921
-333.87262,250,11102.885765
-380.33377,250,11102.885765
-381.10413,250,11102.885765
-233.60635,250,11102.885765
-281.3074,250,11102.885765
-341.3438,250,11102.885765
-222.83376,250,11106.808508
-350.92816,250,11113.450906
-415.9537,250,11113.451907
-236.72249,250,11113.451907
-333.72644,250,11113.451907
-297.48248,250,11113.451907
-223.71512,250,11113.451907
-321.4332,250,11116.163844
-262.1129,250,11122.239494
-189.44487,250,11122.239494
-239.14557,250,11122.239494
-346.28537,250,11122.239494
-348.66705,250,11122.239494
-223.96999,250,11122.239494
-392.22885,250,11125.014045
-210.96008,250,11131.079121
-298.03842,250,11131.079121
-227.2566,250,11131.079121
-314.20688,250,11131.079121
-327.25293,250,11131.079121
-410.85168,250,11131.079121
-214.75633,250,11133.700003
-436.9602,250,11139.8046
-236.07431,250,11139.8046
-210.742,250,11139.8046
-329.94147,250,11139.8046
-225.82385,250,11139.8046
-149.44392,250,11139.8046
-336.0456,250,11143.92199
-358.03796,250,11149.921502
-290.13828,250,11149.921502
-259.07614,250,11149.921502
-400.4551,250,11149.921502
-301.85107,250,11149.921502
-435.5193,250,11149.921502
-292.10535,250,11152.664111
-342.8955,250,11158.978115
-382.72327,250,11158.978115
-374.47964,250,11158.978115
-293.10333,250,11158.978115
-372.1665,250,11158.978115
-411.97916,250,11158.978115
-506.14572,250,11161.810935
-211.34277,250,11168.470492
-259.09732,250,11168.470492
-280.6755,250,11168.470492
-294.40924,250,11168.470492
-378.40515,250,11168.470492
-253.91943,250,11168.470492
-316.82367,250,11171.32096
-310.18472,250,11177.791973
-327.68115,250,11177.791973
-535.0936,250,11177.791973
-331.40533,250,11177.791973
-329.91675,250,11177.791973
-312.52124,250,11177.791973
-253.27362,250,11180.709001
-320.16666,250,11188.85698
-312.62128,250,11188.85698
-417.24103,250,11188.85698
-294.36465,250,11188.85698
-343.2139,250,11188.85698
-330.05072,250,11188.85698
-209.63225,250,11191.616771
-398.07385,250,11197.955781
-322.6454,250,11197.955781
-301.11395,250,11197.955781
-415.7359,250,11197.955781
-275.81454,250,11197.955781
-259.01242,250,11197.955781
-502.85944,250,11200.718265
-227.00977,250,11206.635586
-271.63058,250,11206.635586
-392.8935,250,11206.635586
-240.93413,250,11206.635586
-265.86176,250,11206.635586
-296.47165,250,11206.635586
-421.06436,250,11209.4156
-278.69174,250,11215.555881
-272.48685,250,11215.55687
-322.93646,250,11215.55687
-370.64407,250,11215.55687
-311.45966,250,11215.55687
-302.7245,250,11215.55687
-377.5489,250,11218.228045
-189.6181,250,11225.659237
-329.93164,250,11225.659237
-255.82144,250,11225.659237
-281.46014,250,11225.659237
-325.40384,250,11225.660254
-280.04117,250,11225.660254
-306.96866,250,11228.416443
-238.3106,250,11234.828108
-301.07532,250,11234.828108
-338.80786,250,11234.828108
-289.60898,250,11234.828108
-328.50317,250,11234.828108
-267.4105,250,11234.828108
-289.2047,250,11237.638539
-305.9235,250,11243.7444
-221.12863,250,11243.7444
-242.11966,250,11243.7444
-282.4181,250,11243.7444
-260.4454,250,11243.7444
-230.85397,250,11243.7444
-343.9619,250,11246.391051
-345.1603,250,11252.532792
-339.96283,250,11252.532792
-294.15125,250,11252.532792
-312.37424,250,11252.532792
-344.69257,250,11252.532792
-258.71948,250,11252.532792
-418.3452,250,11255.099209
-288.30225,250,11262.552889
-205.52608,250,11262.553887
-272.1199,250,11262.553887
-293.48386,250,11262.553887
-231.16335,250,11262.553887
-352.21072,250,11262.553887
-196.83751,250,11265.275998
-328.22903,250,11271.371942
-330.70602,250,11271.371942
-344.29797,250,11271.371942
-286.1452,250,11271.371942
-324.14194,250,11271.371942
-276.07217,250,11271.371942
-393.9321,250,11274.035704
-290.89578,250,11280.076715
-310.99362,250,11280.076715
-275.83762,250,11280.076715
-277.35345,250,11280.076715
-350.44077,250,11280.076715
-319.10403,250,11280.076715
-245.56831,250,11282.825919
-288.92908,250,11289.022444
-245.6366,250,11289.022444
-255.39658,250,11289.022444
-375.93692,250,11289.022444
-281.0274,250,11289.022444
-302.81033,250,11289.022444
-332.74155,250,11291.853585
-319.4348,250,11299.580409
-248.73941,250,11299.580409
-328.62125,250,11299.580409
-385.50168,250,11299.580409
-197.61559,250,11299.580409
-358.27713,250,11299.580409
-303.15558,250,11302.346349
-300.02267,250,11308.482134
-233.51933,250,11308.482134
-336.36826,250,11308.483145
-313.1867,250,11308.483145
-285.02847,250,11308.483145
-229.26715,250,11308.483145
-378.22104,250,11311.153204
-273.06763,250,11317.301234
-298.75882,250,11317.301234
-252.49217,250,11317.301234
-380.14676,250,11317.301234
-389.42044,250,11317.301234
-234.70168,250,11317.301234
-427.10828,250,11319.984899
-239.97705,250,11326.131328
-286.1551,250,11326.13236
-499.1122,250,11326.13236
-325.51755,250,11326.13236
-297.85443,250,11326.13236
-347.77066,250,11326.13236
-275.5361,250,11328.843874
-180.94423,250,11336.084174
-260.2895,250,11336.084174
-384.94662,250,11336.084174
-380.9909,250,11336.084174
-311.9747,250,11336.084174
-302.7271,250,11336.084174
-372.42535,250,11338.695888
-287.59506,250,11344.952226
-338.8112,250,11344.952226
-264.26108,250,11344.952226
-287.4885,250,11344.952226
-335.46048,250,11344.952226
-368.641,250,11344.952226
-262.3144,250,11347.563056
-289.20154,250,11353.789387
-220.50229,250,11353.789387
-250.74184,250,11353.789387
-319.80338,250,11353.790379
-303.6112,250,11353.790379
-400.37265,250,11353.790379
-261.12396,250,11356.537711
-315.77115,250,11363.207341
-297.7219,250,11363.207341
-232.20137,250,11363.207341
-400.48532,250,11363.207341
-248.66383,250,11363.207341
-231.07814,250,11363.207341
-368.4783,250,11366.015947
-383.1942,250,11373.562067
-230.49268,250,11373.562067
-342.37466,250,11373.562067
-416.4433,250,11373.562067
-364.4035,250,11373.562067
-418.8592,250,11373.562067
-469.9441,250,11376.24128
-169.72263,250,11382.489369
-304.00772,250,11382.489369
-314.23538,250,11382.489369
-281.63962,250,11382.489369
-314.7297,250,11382.489369
-301.87802,250,11382.489369
-399.60287,250,11385.137379
-318.2911,250,11391.092717
-389.7899,250,11391.093739
-434.51367,250,11391.093739
-291.0394,250,11391.093739
-334.5297,250,11391.093739
-254.83308,250,11391.093739
-251.82974,250,11393.750733
-369.79593,250,11399.995912
-475.58688,250,11399.995912
-273.44534,250,11399.995912
-339.17886,250,11399.995912
-279.04733,250,11399.995912
-308.39087,250,11399.995912
-337.15143,250,11402.718371
-326.05157,250,11410.167635
-267.8156,250,11410.167635
-258.32407,250,11410.167635
-372.07742,250,11410.167635
-316.13126,250,11410.167635
-314.92694,250,11410.167635
-258.11218,250,11412.786622
-409.9311,250,11418.885343
-176.6763,250,11418.886327
-260.66504,250,11418.886327
-293.2521,250,11418.886327
-345.41174,250,11418.886327
-309.15988,250,11418.886327
-266.29343,250,11421.483177
-274.534,250,11427.708971
-261.67276,250,11427.708971
-356.02603,250,11427.708971
-246.23882,250,11427.708971
-407.21384,250,11427.708971
-240.20502,250,11427.708971
-397.12967,250,11430.749476
-208.28308,250,11437.119453
-311.62778,250,11437.119453
-310.92215,250,11437.119453
-260.04984,250,11437.119453
-237.51828,250,11437.119453
-236.82893,250,11437.119453
-193.28123,250,11440.008185
-295.71454,250,11446.286582
-261.84503,250,11446.286582
-303.8347,250,11446.28758
-475.48712,250,11446.28758
-231.59058,250,11446.28758
-307.92273,250,11446.28758
-321.99637,250,11450.115892
-436.13416,250,11456.272453
-259.67773,250,11456.272453
-183.7276,250,11456.272453
-356.49677,250,11456.272453
-203.50879,250,11456.272453
-279.85083,250,11456.272453
-400.6362,250,11458.897952
-400.29282,250,11465.024162
-309.26788,250,11465.024162
-233.34464,250,11465.024162
-205.72173,250,11465.024162
-272.8456,250,11465.024162
-258.27936,250,11465.024162
-232.93588,250,11468.069755
-329.24707,250,11474.695643
-354.89273,250,11474.696644
-329.8643,250,11474.696644
-246.06673,250,11474.696644
-384.06934,250,11474.696644
-201.47926,250,11474.696644
-358.00598,250,11477.930799
-318.8465,250,11484.803398
-241.06056,250,11484.803398
-229.76593,250,11484.803398
-280.12155,250,11484.803398
-263.80533,250,11484.803398
-314.11163,250,11484.803398
-241.7595,250,11489.306137
-367.35153,250,11497.274267
-274.99948,250,11497.274267
-308.49203,250,11497.274267
-347.29605,250,11497.274267
-294.10907,250,11497.274267
-272.5386,250,11497.274267
-305.2731,250,11500.502906
-337.71155,250,11507.320353
-408.74945,250,11507.320353
-238.33026,250,11507.320353
-378.34097,250,11507.320353
-279.74084,250,11507.320353
-341.41293,250,11507.320353
-274.35388,250,11510.212792
-292.61276,250,11516.850399
-379.92865,250,11516.850399
-274.53815,250,11516.850399
-354.71442,250,11516.850399
-362.29324,250,11516.850399
-181.22841,250,11516.850399
-264.02707,250,11519.843149
-321.73685,250,11526.451138
-426.6476,250,11526.451138
-318.43842,250,11526.451138
-451.4,250,11526.451138
-243.07327,250,11526.451138
-278.65955,250,11526.451138
-312.93234,250,11530.749171
-387.55637,250,11537.276797
-421.7068,250,11537.276797
-301.76733,250,11537.276797
-287.25027,250,11537.276797
-433.14706,250,11537.276797
-238.67267,250,11537.276797
-434.3744,250,11540.198914
-344.6621,250,11550.558444
-293.5228,250,11550.558444
-313.36325,250,11550.558444
-356.5335,250,11550.558444
-451.9146,250,11550.558444
-376.31958,250,11550.558444
-290.63727,250,11553.714638
-316.55316,250,11560.41514
-388.40573,250,11560.41514
-302.1511,250,11560.41514
-350.40793,250,11560.41514
-250.06995,250,11560.41514
-321.02747,250,11560.41514
-345.4682,250,11563.515744
-365.50778,250,11570.373594
-258.9014,250,11570.373594
-330.35052,250,11570.373594
-317.69284,250,11570.373594
-320.29352,250,11570.373594
-212.90956,250,11570.373594
-323.22876,250,11573.489471
-260.17935,250,11583.213608
-235.76941,250,11583.213608
-324.47693,250,11583.213608
-266.77164,250,11583.213608
-374.442,250,11583.213608
-230.74858,250,11583.213608
-507.84778,250,11586.711142
-274.1526,250,11595.284785
-299.29507,250,11595.284785
-277.32382,250,11595.284785
-295.9381,250,11595.284785
-238.94797,250,11595.284785
-242.34935,250,11595.284785
-244.71185,250,11598.65751
-419.5792,250,11606.629294
-404.51398,250,11606.629294
-225.32423,250,11606.629294
-164.19032,250,11606.629294
-311.87762,250,11606.629294
-505.20523,250,11606.629294
-373.00015,250,11609.826133
-400.44,250,11616.736313
-318.133,250,11616.736313
-281.534,250,11616.736313
-158.87585,250,11616.736313
-198.64944,250,11616.736313
-559.6617,250,11616.736313
-255.47304,250,11619.988765
-288.81064,250,11629.017181
-439.76004,250,11629.017181
-277.7458,250,11629.017181
-403.50555,250,11629.017181
-304.50455,250,11629.017181
-428.21762,250,11629.017181
-369.02133,250,11632.06993
-209.41792,250,11638.598696
-510.96118,250,11638.598696
-410.7547,250,11638.598696
-110.08333,250,11638.598696
-214.98337,250,11638.598696
-261.3675,250,11638.598696
-239.94249,250,11641.343156
-354.64157,250,11647.607862
-344.70886,250,11647.607862
-299.33423,250,11647.607862
-353.95648,250,11647.607862
-325.73584,250,11647.607862
-253.0215,250,11647.607862
-233.16826,250,11650.347806
-167.00835,250,11656.725471
-229.76068,250,11656.725471
-298.1442,250,11656.725471
-268.93265,250,11656.725471
-370.42923,250,11656.725471
-200.4359,250,11656.725471
-280.6964,250,11659.393725
-432.94183,250,11667.223164
-332.30136,250,11667.223164
-252.75708,250,11667.223164
-224.86412,250,11667.223164
-236.69885,250,11667.223164
-315.36844,250,11667.223164
-286.76215,250,11669.879079
-262.71643,250,11676.058067
-193.06427,250,11676.058067
-350.68643,250,11676.058067
-338.0708,250,11676.058067
-504.86328,250,11676.058067
-203.2022,250,11676.058067
-202.98079,250,11678.819574
-242.40654,250,11684.962735
-376.19852,250,11684.962735
-251.23026,250,11684.962735
-300.7739,250,11684.962735
-353.4957,250,11684.962735
-227.84564,250,11684.963753
-156.9253,250,11687.597655
-277.26456,250,11694.00325
-305.9178,250,11694.00325
-230.26328,250,11694.00325
-237.41333,250,11694.00325
-228.06862,250,11694.00325
-217.32188,250,11694.00325
-296.4981,250,11696.773427
-260.7594,250,11704.13094
-438.50537,250,11704.13094
-300.0581,250,11704.13094
-387.49234,250,11704.13094
-300.41797,250,11704.13094
-318.09167,250,11704.13094
-439.95587,250,11706.813881
-302.464,250,11713.060626
-303.60022,250,11713.060626
-301.16205,250,11713.060626
-278.65176,250,11713.060626
-285.6139,250,11713.060626
-266.33078,250,11713.060626
-221.22742,250,11715.882063
-240.84454,250,11721.912035
-279.43042,250,11721.913037
-195.36009,250,11721.913037
-211.23906,250,11721.913037
-272.45554,250,11721.913037
-297.91467,250,11721.913037
-280.24072,250,11724.55457
-273.16,250,11730.518053
-358.63834,250,11730.518053
-464.87167,250,11730.518053
-436.71896,250,11730.518053
-363.76273,250,11730.518053
-257.52896,250,11730.518053
-509.0954,250,11733.172838
-251.75317,250,11740.54782
-339.3709,250,11740.549175
-286.02667,250,11740.549175
-361.3298,250,11740.549175
-215.56854,250,11740.549175
-319.7503,250,11740.549175
-276.897,250,11743.306507
-420.7126,250,11749.506272
-178.17975,250,11749.507273
-316.35556,250,11749.507273
-320.54916,250,11749.507273
-445.2606,250,11749.507273
-228.18216,250,11749.507273
-376.10815,250,11752.209385
-352.7025,250,11758.433299
-310.9219,250,11758.433299
-415.3436,250,11758.433299
-294.1586,250,11758.433299
-186.10948,250,11758.433299
-366.22943,250,11758.433299
-401.42197,250,11761.171135
-248.63467,250,11768.259843
-323.32532,250,11768.259843
-221.2222,250,11768.259843
-352.6869,250,11768.259843
-214.54027,250,11768.259843
-306.92215,250,11768.259843
-362.71353,250,11771.224203
-256.95615,250,11778.622449
-413.21436,250,11778.622449
-299.97662,250,11778.622449
-189.00424,250,11778.622449
-241.94826,250,11778.622449
-214.93611,250,11778.622449
-513.04767,250,11781.585828
-296.23782,250,11787.714131
-252.96805,250,11787.714131
-353.43137,250,11787.714131
-281.2274,250,11787.714131
-188.76941,250,11787.714131
-318.542,250,11787.714131
-382.05884,250,11790.355494
-174.3227,250,11796.52512
-216.1218,250,11796.52512
-196.07466,250,11796.52512
-268.73074,250,11796.52512
-280.08115,250,11796.52512
-599.93115,250,11796.52512
-304.03864,250,11799.15171
-424.12906,250,11805.268138
-239.13623,250,11805.268138
-276.0261,250,11805.268138
-308.20987,250,11805.268138
-328.9759,250,11805.268138
-248.37564,250,11805.268138
-224.56183,250,11807.972816
-441.36804,250,11815.449843
-495.28497,250,11815.449843
-361.57483,250,11815.449843
-371.68106,250,11815.449843
-465.7504,250,11815.449843
-289.92313,250,11815.449843
-283.62067,250,11818.346205
-293.66684,250,11825.10203
-315.0994,250,11825.10203
-240.40747,250,11825.10203
-390.02322,250,11825.10203
-319.57794,250,11825.10203
-415.16675,250,11825.10203
-349.58292,250,11828.402039
-169.13693,250,11835.293506
-321.93878,250,11835.293506
-296.91214,250,11835.293506
-305.85806,250,11835.293506
-379.42697,250,11835.293506
-247.83029,250,11835.293506
-279.43103,250,11838.142282
-200.60039,250,11844.307839
-252.28693,250,11844.307839
-296.82553,250,11844.307839
-198.01074,250,11844.307839
-423.73648,250,11844.307839
-433.50742,250,11844.308834
-310.501,250,11846.969868
-410.35895,250,11853.162203
-368.4304,250,11853.162203
-296.74664,250,11853.162203
-368.5712,250,11853.162203
-310.998,250,11853.162203
-184.06392,250,11853.162203
-306.07892,250,11857.21429
-407.5686,250,11863.427845
-263.20712,250,11863.428845
-402.41306,250,11863.428845
-390.48566,250,11863.428845
-280.77408,250,11863.428845
-393.54227,250,11863.428845
-227.1593,250,11866.084828
-396.57568,250,11872.532495
-292.70947,250,11872.532495
-203.83748,250,11872.532495
-217.61604,250,11872.532495
-273.4639,250,11872.532495
-271.48877,250,11872.532495
-245.92287,250,11875.226189
-362.63824,250,11881.493497
-263.099,250,11881.493497
-403.84845,250,11881.493497
-286.38422,250,11881.493497
-226.26239,250,11881.493497
-430.93753,250,11881.493497
-306.70435,250,11884.133353
-363.1799,250,11890.595151
-369.60303,250,11890.595151
-361.56342,250,11890.595151
-281.49176,250,11890.595151
-341.81503,250,11890.595151
-286.94696,250,11890.595151
-219.07843,250,11894.828051
-183.51724,250,11901.044899
-291.79053,250,11901.044899
-177.2977,250,11901.044899
-376.13797,250,11901.044899
-257.18283,250,11901.044899
-266.82642,250,11901.044899
-236.34929,250,11903.726388
-350.30194,250,11909.912417
-187.8216,250,11909.912417
-221.15027,250,11909.912417
-285.9177,250,11909.912417
-328.39664,250,11909.912417
-259.7,250,11909.912417
-279.69464,250,11912.581096
-186.95909,250,11918.813136
-344.2598,250,11918.813136
-362.56293,250,11918.813136
-311.95953,250,11918.813136
-225.36911,250,11918.813136
-257.67352,250,11918.813136
-368.6377,250,11921.453547
-380.3889,250,11927.557279
-415.91785,250,11927.561343
-402.55103,250,11927.561343
-398.61554,250,11927.561343
-345.59476,250,11927.561343
-278.04776,250,11927.561343
-191.27657,250,11931.80095
-284.3466,250,11937.946616
-429.92752,250,11937.946616
-185.67899,250,11937.946616
-407.19547,250,11937.946616
-290.74893,250,11937.946616
-192.7546,250,11937.946616
-302.11115,250,11940.587318
-291.09546,250,11946.611644
-300.31265,250,11946.611644
-381.1902,250,11946.611644
-266.282,250,11946.611644
-407.35684,250,11946.611644
-220.9403,250,11946.611644
-280.11996,250,11949.226517
-218.06032,250,11955.417602
-289.4986,250,11955.417602
-318.3482,250,11955.417602
-342.38016,250,11955.417602
-192.63324,250,11955.417602
-402.8717,250,11955.417602
-288.919,250,11958.167513
-509.62744,250,11964.458346
-162.04494,250,11964.458346
-318.07043,250,11964.458346
-323.97873,250,11964.458346
-382.83557,250,11964.458346
-458.0411,250,11964.458346
-254.3616,250,11967.271521
-257.44305,250,11974.737934
-241.64783,250,11974.737934
-318.23837,250,11974.737934
-295.63882,250,11974.737934
-313.92346,250,11974.737934
-264.06732,250,11974.737934
-379.11313,250,11977.401469
-217.86557,250,11983.800057
-257.23834,250,11983.800057
-308.0156,250,11983.800057
-489.98138,250,11983.800057
-351.38083,250,11983.800057
-372.43042,250,11983.800057
-412.579,250,11986.597304
-361.5896,250,11992.722746
-235.70938,250,11992.722746
-221.37213,250,11992.722746
-370.44708,250,11992.722746
-257.13177,250,11992.722746
-369.71735,250,11992.722746
-200.06828,250,11995.322809
-308.25687,250,12001.51651
-307.7382,250,12001.520761
-263.46384,250,12001.520761
-207.74709,250,12001.520761
-286.18625,250,12001.520761
-330.9729,250,12001.520761
-307.3914,250,12004.088799
-401.18826,250,12011.43959
-543.1434,250,12011.43959
-296.4836,250,12011.43959
-295.9377,250,12011.43959
-406.1239,250,12011.43959
-302.2622,250,12011.43959
-323.92468,250,12014.207064
-265.66858,250,12020.484207
-356.1442,250,12020.484207
-278.25302,250,12020.484207
-277.44708,250,12020.484207
-222.14125,250,12020.484207
-233.39638,250,12020.484207
-209.45786,250,12023.252091
-306.7351,250,12029.4669
-308.22513,250,12029.4669
-348.30716,250,12029.4669
-276.52872,250,12029.4669
-423.41537,250,12029.4669
-516.9843,250,12029.46801
-271.67233,250,12032.07635
-325.82648,250,12038.307465
-296.8488,250,12038.307465
-217.05754,250,12038.307465
-336.3586,250,12038.307465
-247.24608,250,12038.307465
-269.60178,250,12038.307465
-288.18103,250,12040.964455
-221.49191,250,12048.343832
-412.60895,250,12048.343832
-325.5381,250,12048.343832
-458.1836,250,12048.343832
-227.92976,250,12048.343832
-274.7219,250,12048.343832
-323.24777,250,12050.951895
-266.846,250,12057.146374
-383.53427,250,12057.146374
-291.5092,250,12057.146374
-286.21045,250,12057.146374
-308.1377,250,12057.146374
-203.60063,250,12057.146374
-326.3692,250,12059.862628
-470.14987,250,12065.923451
-451.6046,250,12065.923451
-327.90723,250,12065.923451
-252.48222,250,12065.923451
-236.53972,250,12065.923451
-355.93423,250,12065.923451
-291.5102,250,12068.60215
-293.7921,250,12074.659099
-353.50806,250,12074.66008
-466.38953,250,12074.66008
-337.2646,250,12074.66008
-267.5377,250,12074.66008
-388.54233,250,12074.66008
-325.2989,250,12077.397305
-423.63712,250,12084.734935
-408.0652,250,12084.734935
-261.82596,250,12084.734935
-220.26897,250,12084.734935
-312.9995,250,12084.734935
-211.67638,250,12084.734935
-370.54675,250,12087.498611
-342.21088,250,12093.779638
-259.08786,250,12093.779638
-376.36078,250,12093.779638
-334.15067,250,12093.779638
-509.1006,250,12093.779638
-327.70123,250,12093.779638
-374.52982,250,12096.396492
-353.14563,250,12102.600187
-258.1705,250,12102.600187
-271.98438,250,12102.600187
-387.5791,250,12102.600187
-334.39978,250,12102.600187
-177.8601,250,12102.600187
-233.62561,250,12105.245177
-229.29749,250,12111.483227
-324.97177,250,12111.483227
-313.92932,250,12111.483227
-280.6449,250,12111.483227
-211.53067,250,12111.483227
-379.3838,250,12111.483227
-263.1092,250,12114.179997
-320.93802,250,12121.549011
-285.43756,250,12121.549011
-258.1594,250,12121.549011
-310.0348,250,12121.549011
-222.98354,250,12121.549011
-286.1799,250,12121.549011
-348.82562,250,12124.165322
-272.6178,250,12130.316832
-218.54472,250,12130.316832
-350.03473,250,12130.316832
-195.61757,250,12130.316832
-236.64566,250,12130.316832
-297.1725,250,12130.316832
-153.6053,250,12132.98596
-330.37244,250,12139.005239
-257.27008,250,12139.005239
-431.04694,250,12139.005239
-289.39832,250,12139.005239
-236.65631,250,12139.005239
-293.80203,250,12139.005239
-337.58633,250,12141.587044
-285.02475,250,12147.685589
-349.78574,250,12147.685589
-352.15475,250,12147.685589
-356.4471,250,12147.685589
-310.11414,250,12147.685589
-281.43863,250,12147.685589
-330.2136,250,12150.373393
-518.43353,250,12157.952051
-319.25015,250,12157.952051
-226.94095,250,12157.952051
-277.06958,250,12157.952051
-205.37741,250,12157.952051
-256.9206,250,12157.952051
-364.93332,250,12160.649976
-447.8966,250,12166.847907
-227.06676,250,12166.847907
-230.9153,250,12166.847907
-249.96925,250,12166.847907
-222.4846,250,12166.847907
-420.4892,250,12166.847907
-314.7591,250,12169.507957
-313.07236,250,12175.654547
-257.4664,250,12175.655636
-354.2473,250,12175.655636
-335.8273,250,12175.655636
-432.8821,250,12175.655636
-266.44202,250,12175.655636
-326.9203,250,12178.453237
-398.86884,250,12184.510573
-197.07399,250,12184.510573
-282.75885,250,12184.510573
-562.14606,250,12184.510573
-372.25684,250,12184.510573
-248.18193,250,12184.510573
-308.06735,250,12187.157158
-454.97076,250,12194.828886
-503.591,250,12194.828886
-333.7272,250,12194.828886
-301.95663,250,12194.828886
-324.11935,250,12194.828886
-308.72833,250,12194.829894
-391.29608,250,12197.667996
-219.45053,250,12203.733945
-324.05148,250,12203.733945
-260.70377,250,12203.733945
-367.556,250,12203.733945
-281.714,250,12203.733945
-286.8307,250,12203.733945
-244.0851,250,12206.481956
-289.59058,250,12212.605792
-208.1172,250,12212.605792
-281.79935,250,12212.605792
-250.28868,250,12212.605792
-353.63437,250,12212.605792
-325.20236,250,12212.605792
-255.65712,250,12215.27606
-337.95963,250,12221.866448
-297.12738,250,12221.866448
-441.26218,250,12221.86745
-338.0193,250,12221.86745
-303.6524,250,12221.86745
-300.16473,250,12221.86745
-363.779,250,12224.55741
-180.68756,250,12231.955342
-377.74896,250,12231.955342
-472.17328,250,12231.955342
-313.00458,250,12231.955342
-410.99817,250,12231.955342
-286.97037,250,12231.955342
-381.50784,250,12234.685146
-393.94308,250,12240.787959
-279.0025,250,12240.788975
-474.0533,250,12240.788975
-436.57953,250,12240.788975
-239.34712,250,12240.788975
-263.52933,250,12240.788975
-196.51746,250,12243.63622
-287.22897,250,12249.761939
-344.86618,250,12249.761939
-181.64812,250,12249.761939
-238.64444,250,12249.761939
-308.98758,250,12249.761939
-317.06085,250,12249.761939
-369.04803,250,12252.39615
-265.18665,250,12258.556666
-359.655,250,12258.556666
-512.59564,250,12258.556666
-330.40536,250,12258.556666
-399.47354,250,12258.556666
-344.8157,250,12258.556666
-273.04733,250,12261.170775
-493.57648,250,12267.446425
-217.97272,250,12267.446425
-395.46872,250,12267.447424
-198.41907,250,12267.447424
-267.22363,250,12267.447424
-200.02637,250,12267.447424
-266.41074,250,12271.398115
-213.59511,250,12277.64023
-268.60858,250,12277.64023
-245.33824,250,12277.64023
-224.7185,250,12277.64023
-378.72083,250,12277.64023
-200.98236,250,12277.64023
-253.27141,250,12280.307067
-333.45322,250,12286.592303
-264.19278,250,12286.592303
-282.26028,250,12286.592303
-360.54184,250,12286.592303
-361.6953,250,12286.592303
-283.01755,250,12286.592303
-332.53403,250,12289.194338
-263.27997,250,12295.393613
-342.4606,250,12295.393613
-288.79642,250,12295.393613
-264.7805,250,12295.393613
-223.02089,250,12295.393613
-362.66544,250,12295.393613
-389.9193,250,12298.111493
-351.48096,250,12304.121152
-339.75702,250,12304.12171
-209.7874,250,12304.12171
-323.04153,250,12304.12171
-253.94278,250,12304.12171
-437.68555,250,12304.12171
-288.22498,250,12308.052415
-256.49503,250,12314.32072
-369.00748,250,12314.32172
-326.93985,250,12314.32172
-347.154,250,12314.32172
-241.86293,250,12314.32172
-221.70642,250,12314.32172
-325.33167,250,12316.928462
-289.09537,250,12323.003801
-505.45145,250,12323.003801
-422.45377,250,12323.003801
-165.49902,250,12323.003801
-349.82965,250,12323.003801
-263.66904,250,12323.003801
-396.9014,250,12325.676574
-333.56586,250,12331.790115
-336.85855,250,12331.790115
-227.26437,250,12331.790115
-288.92505,250,12331.790115
-284.7833,250,12331.790115
-454.76083,250,12331.790115
-338.26352,250,12334.56245
-384.22925,250,12340.666421
-273.34937,250,12340.666421
-220.13377,250,12340.666421
-330.01892,250,12340.666421
-284.45837,250,12340.666421
-268.16687,250,12340.666421
-414.94135,250,12344.763719
-373.56778,250,12351.016525
-266.63318,250,12351.016525
-399.2193,250,12351.016525
-371.08423,250,12351.016525
-282.75598,250,12351.016525
-349.8374,250,12351.016525
-373.03085,250,12353.705683
-257.77414,250,12360.038853
-273.92062,250,12360.03985
-297.9069,250,12360.03985
-349.7451,250,12360.03985
-354.22498,250,12360.03985
-309.50702,250,12360.03985
-358.46912,250,12362.633236
-253.96716,250,12368.887055
-493.9433,250,12368.887055
-344.23712,250,12368.887055
-247.31516,250,12368.887055
-406.11752,250,12368.887055
-373.766,250,12368.887055
-219.78171,250,12371.550547
-293.23035,250,12377.821568
-224.51547,250,12377.821568
-256.7761,250,12377.821568
-423.0664,250,12377.821568
-342.67325,250,12377.82257
-404.8417,250,12377.82257
-253.39563,250,12380.764631
-394.74857,250,12388.127513
-325.5257,250,12388.128544
-354.97192,250,12388.128544
-313.14267,250,12388.128544
-208.35573,250,12388.128544
-271.40033,250,12388.128544
-479.2105,250,12390.78564
-291.1599,250,12396.901229
-322.695,250,12396.901229
-376.51562,250,12396.901229
-302.2647,250,12396.901229
-319.27246,250,12396.901229
-288.1687,250,12396.901229
-246.5904,250,12399.590731
-364.0292,250,12405.69205
-262.86023,250,12405.69205
-288.88007,250,12405.69205
-328.94675,250,12405.69205
-227.8004,250,12405.69205
-355.9576,250,12405.69205
-367.4832,250,12408.300782
-252.35435,250,12414.42447
-226.65988,250,12414.42447
-282.7161,250,12414.42447
-433.02127,250,12414.42447
-511.40485,250,12414.42447
-262.30936,250,12414.42447
-279.18042,250,12417.277714
-353.96863,250,12424.68706
-241.11652,250,12424.68706
-257.73465,250,12424.68706
-540.90125,250,12424.68706
-477.5212,250,12424.68706
-317.1805,250,12424.68706
-502.8135,250,12427.39888
-257.7834,250,12433.48889
-262.89053,250,12433.48889
-274.23074,250,12433.48889
-306.55463,250,12433.48889
-272.93927,250,12433.48889
-322.01273,250,12433.48889
-417.3788,250,12436.1161
-234.01904,250,12442.293141
-200.43974,250,12442.293141
-384.9622,250,12442.293141
-174.91885,250,12442.293141
-501.50186,250,12442.293141
-325.11102,250,12442.293141
-220.45795,250,12444.898818
-277.5243,250,12450.950751
-263.4526,250,12450.950751
-273.5363,250,12450.950751
-244.27042,250,12450.950751
-209.22229,250,12450.950751
-282.5806,250,12450.950751
-445.7503,250,12453.661375
-233.8006,250,12461.102743
-319.09247,250,12461.102743
-340.29538,250,12461.102743
-296.74857,250,12461.102743
-408.2082,250,12461.102743
-242.0826,250,12461.102743
-406.49612,250,12463.698941
-272.95892,250,12469.763731
-284.5611,250,12469.763731
-264.13446,250,12469.763731
-382.49734,250,12469.763731
-314.51233,250,12469.763731
-322.37158,250,12469.763731
-282.5096,250,12472.395939
-326.01816,250,12478.49591
-270.53864,250,12478.49591
-540.1237,250,12478.49591
-337.39474,250,12478.49591
-616.83215,250,12478.49591
-326.24817,250,12478.49591
-304.45834,250,12481.18286
-295.5866,250,12487.529075
-546.1552,250,12487.529075
-438.81927,250,12487.529075
-227.00578,250,12487.529075
-328.7586,250,12487.529075
-280.11047,250,12487.529075
-234.76111,250,12490.32475
-276.81198,250,12497.69683
-363.94696,250,12497.697839
-236.23407,250,12497.697839
-231.2035,250,12497.697839
-425.6735,250,12497.697839
-309.52695,250,12497.697839
-194.81494,250,12500.420917
-227.27136,250,12506.440058
-320.14764,250,12506.440058
-153.7343,250,12506.440058
-272.55508,250,12506.440058
-226.47812,250,12506.440058
-254.89925,250,12506.440058
-215.19475,250,12509.137038
-292.94424,250,12515.266332
-342.51205,250,12515.267348
-339.72687,250,12515.267348
-324.81284,250,12515.267348
-282.0219,250,12515.267348
-374.3653,250,12515.267348
-302.99094,250,12517.962591
-340.21802,250,12524.145548
-300.6188,250,12524.145548
-238.15572,250,12524.145548
-320.15033,250,12524.145548
-265.89917,250,12524.145548
-198.66768,250,12524.145548
-533.9282,250,12526.739045
-308.07715,250,12534.162804
-183.24875,250,12534.162804
-282.83423,250,12534.163812
-215.70886,250,12534.163812
-373.6913,250,12534.163812
-279.68512,250,12534.163812
-499.55582,250,12536.923954
-322.58572,250,12543.369402
-244.27719,250,12543.369402
-308.13788,250,12543.369402
-251.16457,250,12543.369402
-297.2146,250,12543.369402
-382.79556,250,12543.369402
-274.59875,250,12546.206935
-280.40894,250,12552.569296
-313.5665,250,12552.569296
-328.47235,250,12552.569296
-369.1112,250,12552.569296
-336.5071,250,12552.570292
-341.85263,250,12552.570292
-318.5074,250,12555.252815
-219.0187,250,12561.390884
-309.3227,250,12561.390884
-341.9683,250,12561.390884
-524.72626,250,12561.390884
-324.57797,250,12561.390884
-356.1324,250,12561.390884
-286.20813,250,12564.143739
-168.75348,250,12571.635525
-214.37796,250,12571.635525
-297.936,250,12571.635525
-304.00146,250,12571.635525
-304.91782,250,12571.635525
-212.20761,250,12571.635525
-272.35687,250,12574.300519
-287.18124,250,12580.536422
-362.46942,250,12580.536422
-308.69266,250,12580.536422
-172.11208,250,12580.536422
-415.2419,250,12580.536422
-363.17325,250,12580.536422
-247.66669,250,12583.188413
-385.0469,250,12589.355818
-304.3112,250,12589.355818
-190.25537,250,12589.355818
-253.74422,250,12589.355818
-362.08408,250,12589.355818
-166.5789,250,12589.355818
-260.21664,250,12592.013527
-456.37094,250,12598.09292
-308.01123,250,12598.09292
-273.83664,250,12598.09292
-370.8379,250,12598.09292
-524.8003,250,12598.09292
-277.0825,250,12598.09292
-567.9066,250,12600.83954
-351.25284,250,12608.326421
-265.61008,250,12608.326421
-287.42746,250,12608.326421
-298.25143,250,12608.326421
-356.15274,250,12608.326421
-520.22687,250,12608.326421
-151.73422,250,12610.967067
-459.95242,250,12617.365629
-239.95567,250,12617.366652
-300.75003,250,12617.366652
-217.98917,250,12617.366652
-341.41324,250,12617.366652
-225.87749,250,12617.366652
-385.5761,250,12620.082733
-416.89297,250,12626.246952
-283.21066,250,12626.246952
-245.97041,250,12626.246952
-294.674,250,12626.247955
-249.86955,250,12626.247955
-312.56628,250,12626.247955
-130.29028,250,12629.018958
-299.60135,250,12635.1892
-277.42645,250,12635.1892
-270.38687,250,12635.1892
-295.99103,250,12635.1892
-257.3198,250,12635.1892
-271.78073,250,12635.1892
-448.82248,250,12637.908312
-309.4869,250,12644.535022
-245.55316,250,12644.535022
-352.97165,250,12644.535022
-391.14825,250,12644.535022
-216.27383,250,12644.535022
-335.3646,250,12644.535022
-571.20886,250,12648.673065
-224.04372,250,12655.165455
-234.40404,250,12655.165455
-263.64035,250,12655.165455
-229.4084,250,12655.165455
-379.20477,250,12655.165455
-293.30444,250,12655.165455
-313.49124,250,12657.878265
-247.40121,250,12664.090695
-327.26282,250,12664.090695
-255.99571,250,12664.090695
-414.14832,250,12664.090695
-289.50156,250,12664.090695
-189.48946,250,12664.090695
-266.00043,250,12666.780395
-335.5154,250,12673.280587
-182.20543,250,12673.280587
-239.74518,250,12673.280587
-325.17938,250,12673.280587
-365.27878,250,12673.280587
-357.43344,250,12673.280587
-469.00436,250,12676.036032
-308.18967,250,12682.272326
-366.84238,250,12682.272326
-411.09717,250,12682.272326
-420.6911,250,12682.272326
-265.23782,250,12682.272326
-335.28516,250,12682.272326
-353.80878,250,12686.190638
-339.01187,250,12692.304555
-337.46564,250,12692.304555
-210.62613,250,12692.304555
-241.74684,250,12692.304555
-231.03607,250,12692.304555
-266.4893,250,12692.304555
-211.6837,250,12694.952787
-453.42014,250,12701.314625
-454.65417,250,12701.314625
-295.18686,250,12701.314625
-283.24045,250,12701.314625
-510.48068,250,12701.314625
-292.96292,250,12701.314625
-366.75943,250,12703.917474
-363.50537,250,12710.018761
-250.58568,250,12710.018761
-158.18182,250,12710.018761
-292.7329,250,12710.018761
-181.46375,250,12710.018761
-283.16458,250,12710.019761
-343.6309,250,12712.600728
-192.0839,250,12718.637611
-230.41388,250,12718.637611
-253.0377,250,12718.637611
-233.19266,250,12718.637611
-217.19897,250,12718.637611
-227.6229,250,12718.637611
-284.1366,250,12722.574686
-341.87973,250,12728.635683
-244.60231,250,12728.635683
-348.97955,250,12728.635683
-444.7617,250,12728.635683
-367.6779,250,12728.635683
-298.06827,250,12728.635683
-233.11937,250,12731.410991
-597.4399,250,12737.551449
-526.1849,250,12737.551449
-320.1269,250,12737.551449
-266.52234,250,12737.551449
-298.4323,250,12737.551449
-334.0225,250,12737.551449
-274.75974,250,12740.197509
-309.49493,250,12746.476641
-414.37097,250,12746.476641
-220.69954,250,12746.476641
-182.58862,250,12746.476641
-207.8955,250,12746.476641
-377.01413,250,12746.476641
-477.87448,250,12749.213011
-304.43414,250,12755.418184
-227.64664,250,12755.41922
-134.37524,250,12755.41922
-275.31653,250,12755.41922
-416.72678,250,12755.41922
-218.55353,250,12755.41922
-348.32617,250,12758.255475
-277.22342,250,12765.729432
-224.4578,250,12765.729432
-240.69786,250,12765.729432
-260.5515,250,12765.729432
-210.53166,250,12765.729432
-382.40872,250,12765.729432
-340.7267,250,12768.370763
-308.88153,250,12774.499558
-239.4723,250,12774.499558
-236.08061,250,12774.499558
-583.4486,250,12774.499558
-198.79424,250,12774.499558
-492.24957,250,12774.499558
-317.2672,250,12777.109273
-329.53952,250,12783.296052
-401.47757,250,12783.296052
-445.6592,250,12783.296052
-288.90836,250,12783.296052
-306.8474,250,12783.296052
-315.7913,250,12783.296052
-162.2912,250,12786.070239
-347.29974,250,12792.161497
-217.67392,250,12792.161497
-291.05737,250,12792.161497
-339.16647,250,12792.161497
-180.81105,250,12792.161497
-263.10242,250,12792.161497
-161.84525,250,12794.883275
-360.05344,250,12802.247246
-288.75854,250,12802.247246
-536.35406,250,12802.247246
-197.35924,250,12802.247246
-273.6319,250,12802.247246
-313.50797,250,12802.247246
-255.48534,250,12804.876286
-357.82974,250,12811.114477
-245.91637,250,12811.114477
-474.34113,250,12811.114477
-341.19446,250,12811.114477
-436.68176,250,12811.114477
-271.7559,250,12811.114477
-292.51865,250,12813.902181
-365.18826,250,12819.991596
-252.32043,250,12819.991596
-261.60535,250,12819.991596
-339.0372,250,12819.991596
-231.46767,250,12819.991596
-398.97415,250,12819.991596
-258.52942,250,12822.791533
-184.9357,250,12828.980947
-222.58191,250,12828.980947
-297.4753,250,12828.980947
-208.56828,250,12828.981944
-251.15428,250,12828.981944
-230.71335,250,12828.981944
-210.98488,250,12831.62869
-346.48764,250,12839.064743
-400.0531,250,12839.064743
-216.66606,250,12839.064743
-384.32166,250,12839.064743
-276.8378,250,12839.064743
-353.75702,250,12839.064743
-284.5686,250,12841.748833
-272.97562,250,12847.979725
-265.87253,250,12847.979725
-511.8036,250,12847.979725
-200.02866,250,12847.979725
-251.3852,250,12847.979725
-565.87915,250,12847.979725
-253.82756,250,12850.766387
-214.7856,250,12856.8931
-228.25414,250,12856.8931
-250.3032,250,12856.8931
-615.8317,250,12856.8931
-362.09723,250,12856.8931
-306.01636,250,12856.8931
-356.009,250,12859.520166
-256.29608,250,12865.753821
-309.28226,250,12865.753821
-577.54926,250,12865.753821
-298.61417,250,12865.753821
-317.8188,250,12865.753821
-234.96423,250,12865.753821
-296.13715,250,12868.397106
-241.6346,250,12876.164211
-327.78607,250,12876.164211
-264.96506,250,12876.164211
-313.04913,250,12876.164211
-440.89316,250,12876.164211
-286.19592,250,12876.165204
-226.00208,250,12879.043277
-387.26614,250,12885.516614
-278.98453,250,12885.516614
-325.7028,250,12885.516614
-314.22308,250,12885.516614
-237.06194,250,12885.516614
-172.06155,250,12885.516614
-460.39844,250,12888.293745
-400.45868,250,12894.397713
-552.4577,250,12894.397713
-266.56238,250,12894.397713
-281.2024,250,12894.397713
-310.0885,250,12894.397713
-221.30826,250,12894.397713
-281.0463,250,12897.004283
-325.27145,250,12903.016938
-297.83014,250,12903.016938
-213.06735,250,12903.016938
-290.6541,250,12903.017931
-294.71585,250,12903.017931
-206.10252,250,12903.017931
-258.36383,250,12905.77165
-314.30652,250,12913.130846
-295.88965,250,12913.130846
-328.62946,250,12913.130846
-358.78726,250,12913.130846
-212.90002,250,12913.130846
-291.53214,250,12913.130846
-194.49052,250,12915.741899
-385.55447,250,12921.856
-296.56943,250,12921.856
-341.34344,250,12921.856
-342.70383,250,12921.856
-313.13022,250,12921.856
-292.27112,250,12921.856
-487.9923,250,12924.528083
-437.7414,250,12930.674102
-546.5083,250,12930.674102
-304.98077,250,12930.675085
-330.92023,250,12930.675085
-346.75565,250,12930.675085
-231.14098,250,12930.675085
-251.81673,250,12933.4706
-376.1195,250,12939.562476
-269.97003,250,12939.562476
-371.705,250,12939.563474
-285.64923,250,12939.563474
-434.0343,250,12939.563474
-328.16357,250,12939.563474
-398.49106,250,12942.289068
-263.85275,250,12949.930434
-514.2769,250,12949.930434
-378.20633,250,12949.930434
-463.8232,250,12949.930434
-253.62947,250,12949.930434
-271.56277,250,12949.930434
-307.66605,250,12952.580907
-200.92522,250,12958.742576
-311.1418,250,12958.742576
-289.05127,250,12958.742576
-402.39215,250,12958.742576
-219.30098,250,12958.742576
-374.92374,250,12958.742576
-262.55374,250,12961.502111
-331.883,250,12967.627192
-351.95032,250,12967.627192
-233.11497,250,12967.627192
-501.99835,250,12967.627192
-242.13939,250,12967.627192
-304.0595,250,12967.627192
-305.85168,250,12970.442099
-379.00894,250,12976.629121
-215.24173,250,12976.629121
-269.94598,250,12976.629121
-278.17145,250,12976.629121
-336.92484,250,12976.629121
-351.2421,250,12976.629121
-148.8903,250,12979.262217
-361.36475,250,12986.660025
-210.34204,250,12986.660025
-242.19926,250,12986.660025
-215.03522,250,12986.660025
-335.2772,250,12986.66102
-223.53609,250,12986.66102
-491.1104,250,12989.311875
-181.54959,250,12995.46554
-421.4144,250,12995.46554
-352.11853,250,12995.46554
-264.7638,250,12995.46554
-379.62207,250,12995.46554
-387.62735,250,12995.46554
-245.04541,250,12998.259522
-311.17926,250,13004.248644
-295.06158,250,13004.248644
-514.5627,250,13004.248644
-322.964,250,13004.248644
-376.502,250,13004.248644
-360.1094,250,13004.248644
-371.78143,250,13007.053396
-279.56183,250,13013.832765
-341.1317,250,13013.8341
-243.23732,250,13013.8341
-288.30133,250,13013.8341
-361.23193,250,13013.8341
-343.5282,250,13013.8341
-398.0947,250,13016.662717
-308.69373,250,13024.074578
-210.19801,250,13024.074578
-350.6958,250,13024.074578
-493.21277,250,13024.075587
-458.1726,250,13024.075587
-305.6959,250,13024.075587
-329.0199,250,13026.851872
-391.4336,250,13033.023642
-327.618,250,13033.024643
-278.08713,250,13033.024643
-275.5729,250,13033.024643
-474.64658,250,13033.024643
-187.19093,250,13033.024643
-346.0341,250,13035.702009
-277.46243,250,13041.86566
-288.50967,250,13041.86566
-330.64566,250,13041.86566
-371.96423,250,13041.86566
-187.18301,250,13041.86566
-332.2686,250,13041.86566
-264.54108,250,13044.491835
-197.20741,250,13050.681885
-250.70087,250,13050.681885
-359.8866,250,13050.681885
-435.79993,250,13050.681885
-419.95883,250,13050.681885
-586.67786,250,13050.681885
-340.40616,250,13053.310022
-281.90283,250,13059.496268
-385.9193,250,13059.496268
-274.9469,250,13059.496268
-252.69011,250,13059.496268
-521.9362,250,13059.496268
-275.94086,250,13059.496268
-230.21198,250,13063.450239
-248.39969,250,13069.453066
-371.2411,250,13069.454365
-318.70236,250,13069.454365
-294.73306,250,13069.454365
-244.68738,250,13069.454365
-346.05154,250,13069.454365
-172.38756,250,13072.125851
-269.3681,250,13078.366309
-219.97485,250,13078.366309
-343.02963,250,13078.366309
-284.90442,250,13078.366309
-312.67496,250,13078.366309
-326.0394,250,13078.366309
-235.73534,250,13081.125525
-314.2797,250,13087.18151
-249.06195,250,13087.18151
-363.9157,250,13087.18151
-326.61487,250,13087.18151
-305.82733,250,13087.18151
-286.45526,250,13087.18151
-484.6805,250,13089.872779
-283.60257,250,13096.410092
-516.05426,250,13096.410092
-360.4774,250,13096.410092
-319.2832,250,13096.410092
-354.33395,250,13096.410092
-415.25586,250,13096.410092
-274.0167,250,13100.320812
-384.9825,250,13106.574038
-275.74625,250,13106.574038
-479.45578,250,13106.574038
-195.79283,250,13106.574038
-234.23785,250,13106.574038
-187.91344,250,13106.575375
-338.03223,250,13109.321872
-505.76877,250,13115.479616
-287.8767,250,13115.479616
-219.19154,250,13115.479616
-219.17082,250,13115.479616
-597.5284,250,13115.479616
-341.21432,250,13115.479616
-302.71783,250,13118.223658
-319.53668,250,13124.379494
-403.13904,250,13124.379494
-260.1219,250,13124.379494
-306.9999,250,13124.379494
-316.86215,250,13124.379494
-427.6089,250,13124.379494
-289.23053,250,13127.013502
-387.8098,250,13133.191368
-295.03802,250,13133.191368
-252.47897,250,13133.191368
-361.72818,250,13133.191368
-238.01721,250,13133.191368
-351.04028,250,13133.191368
-233.15575,250,13137.182327
-350.7285,250,13143.419032
-384.65784,250,13143.419032
-359.5747,250,13143.419032
-316.07224,250,13143.419032
-311.68158,250,13143.419032
-343.00522,250,13143.419032
-246.48863,250,13146.248703
-285.14807,250,13152.349409
-297.9585,250,13152.349409
-231.03203,250,13152.349409
-354.55435,250,13152.349409
-263.8054,250,13152.349409
-284.13757,250,13152.349409
-265.07922,250,13155.002893
-644.55334,250,13161.267787
-297.6438,250,13161.267787
-219.30806,250,13161.267787
-223.32544,250,13161.267787
-495.91678,250,13161.267787
-232.38278,250,13161.267787
-310.2566,250,13163.932392
-254.50406,250,13170.243046
-303.1048,250,13170.243046
-371.8618,250,13170.243046
-532.4947,250,13170.243046
-425.06326,250,13170.243046
-272.9871,250,13170.243046
-339.18457,250,13173.004993
-315.00705,250,13180.456169
-216.06914,250,13180.456169
-275.19714,250,13180.457178
-262.0653,250,13180.457178
-500.99292,250,13180.457178
-334.323,250,13180.457178
-301.38336,250,13183.09068
-493.4387,250,13189.325392
-219.20486,250,13189.325392
-359.01663,250,13189.325392
-276.59564,250,13189.325392
-272.7543,250,13189.325392
-265.25323,250,13189.325392
-276.30887,250,13192.013027
-388.235,250,13198.513679
-373.1068,250,13198.513679
-303.21664,250,13198.513679
-363.96982,250,13198.513679
-287.78796,250,13198.513679
-316.19717,250,13198.513679
-232.3284,250,13201.170735
-409.39008,250,13207.47882
-335.78745,250,13207.47882
-359.77325,250,13207.47882
-316.93314,250,13207.47882
-400.69922,250,13207.47882
-394.37076,250,13207.47882
-351.08673,250,13210.191628
-484.76184,250,13217.837366
-306.31476,250,13217.837366
-243.36086,250,13217.837366
-263.84555,250,13217.837366
-421.4396,250,13217.837366
-300.06152,250,13217.837366
-260.5514,250,13220.596117
-243.2498,250,13226.686084
-300.52582,250,13226.686084
-323.04523,250,13226.686084
-366.84113,250,13226.686084
-243.26001,250,13226.686084
-329.445,250,13226.686084
-227.34573,250,13229.424493
-270.81042,250,13235.605446
-485.23227,250,13235.605446
-216.73158,250,13235.605446
-327.37436,250,13235.605446
-296.40103,250,13235.605446
-257.4728,250,13235.605446
-254.07881,250,13238.279805
-286.93045,250,13244.360508
-295.50705,250,13244.360508
-329.41913,250,13244.360508
-295.14252,250,13244.360508
-395.89496,250,13244.360508
-292.81454,250,13244.360508
-405.67993,250,13247.019816
-452.08188,250,13254.360384
-291.8255,250,13254.360384
-291.05573,250,13254.360384
-250.93303,250,13254.360384
-329.67776,250,13254.360384
-268.95618,250,13254.360384
-225.24994,250,13256.976248
-323.547,250,13263.462582
-295.79953,250,13263.462582
-320.66937,250,13263.462582
-235.67224,250,13263.462582
-309.1736,250,13263.462582
-475.21414,250,13263.462582
-423.7706,250,13266.340599
-338.90686,250,13272.69168
-492.70352,250,13272.69168
-361.64346,250,13272.69168
-651.42163,250,13272.69168
-431.4525,250,13272.69168
-255.3809,250,13272.69168
-285.5355,250,13275.416024
-303.95908,250,13281.753982
-320.61386,250,13281.753982
-385.84335,250,13281.75498
-258.90396,250,13281.75498
-284.8868,250,13281.75498
-420.4006,250,13281.75498
-226.76921,250,13284.684429
-558.70715,250,13292.405913
-220.92242,250,13292.405913
-354.9734,250,13292.405913
-428.38086,250,13292.405913
-363.212,250,13292.405913
-268.36188,250,13292.405913
-352.99554,250,13295.037721
-354.826,250,13301.435762
-270.94113,250,13301.435762
-314.75232,250,13301.435762
-279.7282,250,13301.435762
-404.35712,250,13301.435762
-245.13031,250,13301.435762
-339.14673,250,13304.243167
-266.00024,250,13310.564082
-327.11856,250,13310.564082
-402.56265,250,13310.564082
-292.18948,250,13310.564082
-601.58563,250,13310.564082
-257.1439,250,13310.564082
-219.09451,250,13313.534772
-295.07928,250,13320.022916
-502.3752,250,13320.022916
-281.8187,250,13320.022916
-439.45264,250,13320.022916
-536.9863,250,13320.022916
-217.5394,250,13320.022916
-284.174,250,13322.859127
-344.00284,250,13330.519212
-265.737,250,13330.519212
-345.85815,250,13330.519212
-368.30225,250,13330.519212
-329.77487,250,13330.519212
-284.0679,250,13330.519212
-568.601,250,13333.25692
-286.22046,250,13339.503215
-308.61456,250,13339.503215
-250.48729,250,13339.503215
-348.9267,250,13339.503215
-258.26846,250,13339.503215
-321.26138,250,13339.503215
-343.4033,250,13342.281017
-449.29083,250,13348.504074
-373.64084,250,13348.504074
-242.12544,250,13348.505102
-520.0688,250,13348.505102
-215.98645,250,13348.505102
-421.9892,250,13348.505102
-283.78235,250,13351.15915
-283.70325,250,13357.231823
-279.177,250,13357.231823
-227.56586,250,13357.231823
-270.29214,250,13357.231823
-146.27696,250,13357.231823
-332.6992,250,13357.231823
-295.85297,250,13359.901824
-335.0667,250,13367.294369
-245.69943,250,13367.294369
-282.76175,250,13367.294369
-233.45686,250,13367.294369
-385.57028,250,13367.294369
-289.48724,250,13367.294369
-271.8983,250,13370.030049
-297.3131,250,13376.10952
-315.73636,250,13376.10952
-323.1363,250,13376.10952
-410.89883,250,13376.10952
-276.3628,250,13376.10952
-288.61548,250,13376.10952
-506.32733,250,13378.857242
-187.69096,250,13385.03188
-277.56647,250,13385.03188
-345.06857,250,13385.03188
-435.25137,250,13385.03188
-277.42252,250,13385.03188
-243.7465,250,13385.03188
-175.51595,250,13387.687779
-360.07706,250,13393.838691
-220.1714,250,13393.839708
-355.78586,250,13393.839708
-323.98782,250,13393.839708
-384.9926,250,13393.839708
-628.7061,250,13393.839708
-345.2877,250,13396.442128
-364.06512,250,13404.157918
-256.02533,250,13404.157918
-371.2458,250,13404.157918
-318.1728,250,13404.157918
-251.41603,250,13404.157918
-287.74628,250,13404.157918
-423.25644,250,13406.973813
-185.48682,250,13413.210538
-308.9325,250,13413.210538
-360.92737,250,13413.210538
-354.95523,250,13413.210538
-349.8571,250,13413.210538
-531.28644,250,13413.210538
-286.0735,250,13415.870171
-312.86136,250,13422.111719
-656.7498,250,13422.111719
-272.88016,250,13422.111719
-276.2263,250,13422.112735
-260.78558,250,13422.112735
-257.2664,250,13422.112735
-538.7544,250,13424.75148
-497.15305,250,13430.952165
-412.78006,250,13430.952165
-368.47675,250,13430.952165
-418.55515,250,13430.952165
-257.32666,250,13430.952165
-326.99017,250,13430.952165
-316.55115,250,13433.607004
-414.6885,250,13439.758627
-248.79657,250,13439.759611
-311.53043,250,13439.759611
-311.9958,250,13439.759611
-547.8954,250,13439.759611
-411.7451,250,13439.759611
-326.90964,250,13443.659877
-340.09525,250,13449.913675
-175.65298,250,13449.914673
-277.73904,250,13449.914673
-263.38785,250,13449.914673
-224.02843,250,13449.914673
-213.8659,250,13449.914673
-349.11926,250,13452.833386
-526.733,250,13459.149989
-198.98346,250,13459.149989
-353.998,250,13459.149989
-403.25363,250,13459.149989
-316.37512,250,13459.149989
-267.22473,250,13459.149989
-198.91322,250,13461.925482
-374.46954,250,13468.396455
-284.05313,250,13468.397455
-282.04523,250,13468.397455
-466.39816,250,13468.397455
-285.13458,250,13468.397455
-271.5552,250,13468.397455
-311.4357,250,13471.157386
-393.52222,250,13477.346617
-355.40076,250,13477.346617
-290.29187,250,13477.346617
-256.63312,250,13477.346617
-305.52216,250,13477.346617
-336.04044,250,13477.346617
-317.58594,250,13481.278277
-434.03113,250,13487.512486
-251.12909,250,13487.513487
-233.51498,250,13487.513487
-312.07187,250,13487.513487
-306.43903,250,13487.513487
-253.09671,250,13487.513487
-360.55026,250,13490.282662
-225.21701,250,13496.742651
-204.46214,250,13496.742651
-264.1076,250,13496.742651
-250.3873,250,13496.742651
-319.76086,250,13496.742651
-304.08716,250,13496.742651
-344.46777,250,13499.415931
-390.3302,250,13505.444464
-337.1325,250,13505.444464
-338.8761,250,13505.444464
-446.28925,250,13505.444464
-222.51102,250,13505.444464
-293.05368,250,13505.444464
-263.90924,250,13508.079828
-219.58354,250,13514.189032
-348.77383,250,13514.189032
-339.1264,250,13514.189032
-250.45203,250,13514.189032
-244.91942,250,13514.189032
-353.24054,250,13514.189032
-306.41772,250,13518.196121
-344.09073,250,13524.217892
-244.61464,250,13524.217892
-221.62306,250,13524.217892
-401.3388,250,13524.217892
-290.30655,250,13524.217892
-264.21704,250,13524.217892
-290.37784,250,13526.867732
-320.89874,250,13532.891242
-352.0905,250,13532.891242
-431.4698,250,13532.891242
-246.10718,250,13532.891242
-392.52158,250,13532.891242
-201.39818,250,13532.891242
-384.70584,250,13535.669407
-289.75616,250,13541.788582
-278.95184,250,13541.788582
-272.25504,250,13541.788582
-301.31613,250,13541.788582
-458.74017,250,13541.788582
-407.0473,250,13541.789582
-306.65158,250,13544.44306
-387.2797,250,13550.616124
-463.57816,250,13550.616124
-314.51608,250,13550.616124
-194.43619,250,13550.616124
-262.54477,250,13550.616124
-425.29288,250,13550.616124
-143.689,250,13553.267173
-279.04047,250,13560.51258
-342.24982,250,13560.51258
-425.06796,250,13560.51258
-204.80025,250,13560.51258
-280.59872,250,13560.51258
-432.99612,250,13560.51258
-321.63077,250,13563.137417
-329.32382,250,13569.466443
-238.61046,250,13569.466443
-473.1162,250,13569.466443
-380.50595,250,13569.466443
-290.11115,250,13569.466443
-306.6605,250,13569.466443
-281.23257,250,13572.144438
-324.63504,250,13578.265596
-341.4869,250,13578.265596
-471.04675,250,13578.265596
-323.22223,250,13578.265596
-387.97153,250,13578.265596
-409.31372,250,13578.265596
-208.27089,250,13581.03611
-299.23312,250,13587.167216
-266.9085,250,13587.168388
-418.24017,250,13587.168388
-290.15195,250,13587.168388
-526.5231,250,13587.168388
-208.58635,250,13587.168388
-351.3138,250,13589.809468
-372.74078,250,13597.19084
-318.26428,250,13597.19084
-327.70615,250,13597.19084
-266.14838,250,13597.19084
-244.56004,250,13597.19084
-159.86815,250,13597.19084
-307.14273,250,13599.962035
-225.08221,250,13606.231068
-421.95258,250,13606.231068
-354.36493,250,13606.231068
-284.68393,250,13606.231068
-211.9488,250,13606.231068
-457.46335,250,13606.231068
-284.28867,250,13608.966767
-400.98438,250,13615.122856
-270.7187,250,13615.122856
-401.89072,250,13615.122856
-219.9632,250,13615.122856
-322.67978,250,13615.122856
-381.06836,250,13615.122856
-461.8003,250,13617.81532
-326.1083,250,13623.845906
-520.9292,250,13623.845906
-283.68198,250,13623.845906
-408.68335,250,13623.845906
-291.67218,250,13623.845906
-216.01239,250,13623.845906
-319.42166,250,13626.586698
-200.23352,250,13633.992177
-387.57587,250,13633.992177
-276.3814,250,13633.992177
-245.89536,250,13633.992177
-171.74228,250,13633.992177
-297.43723,250,13633.992177
-417.57538,250,13636.620327
-280.5289,250,13642.752714
-353.40402,250,13642.752714
-353.81143,250,13642.752714
-230.65706,250,13642.752714
-258.0802,250,13642.752714
-371.8139,250,13642.752714
-303.85168,250,13645.391388
-345.61618,250,13651.453327
-304.95316,250,13651.453327
-309.38092,250,13651.453327
-342.84946,250,13651.453327
-399.83786,250,13651.453327
-281.53516,250,13651.453327
-292.18893,250,13654.432352
-390.21677,250,13660.606857
-511.58722,250,13660.606857
-187.76419,250,13660.606857
-349.2218,250,13660.606857
-201.05772,250,13660.606857
-433.17084,250,13660.606857
-368.66028,250,13663.199916
-320.89502,250,13670.805193
-325.25635,250,13670.805193
-592.102,250,13670.805193
-285.62918,250,13670.805193
-471.56094,250,13670.805193
-585.2069,250,13670.805193
-406.23343,250,13673.54461
-536.4839,250,13679.74639
-411.73026,250,13679.74703
-261.23288,250,13679.74703
-237.94205,250,13679.74703
-312.58408,250,13679.74703
-259.92258,250,13679.74703
-341.8493,250,13682.404746
-181.06082,250,13688.481302
-519.87024,250,13688.481302
-242.79086,250,13688.481302
-336.1027,250,13688.481302
-270.80566,250,13688.481302
-318.9031,250,13688.481302
-252.45287,250,13691.104144
-273.8204,250,13697.30787
-208.95438,250,13697.30787
-265.37335,250,13697.30787
-363.37115,250,13697.30787
-245.31113,250,13697.30787
-234.63377,250,13697.30787
-423.25876,250,13700.001416
-356.37775,250,13707.494313
-271.56573,250,13707.494313
-246.30714,250,13707.494313
-335.1144,250,13707.494313
-317.55765,250,13707.494313
-407.94794,250,13707.494313
-482.05203,250,13710.125694
-335.84015,250,13716.307262
-314.97043,250,13716.307262
-245.3235,250,13716.307262
-378.25092,250,13716.307262
-217.60861,250,13716.307262
-340.29495,250,13716.307262
-288.3441,250,13718.977232
-623.2342,250,13725.097262
-337.20895,250,13725.098251
-177.15828,250,13725.098251
-193.09445,250,13725.098251
-328.70074,250,13725.098251
-254.45384,250,13725.098251
-492.31528,250,13727.708935
-376.3602,250,13733.990143
-293.87924,250,13733.990143
-250.14053,250,13733.990143
-332.7352,250,13733.990143
-277.15683,250,13733.990143
-411.32285,250,13733.990143
-295.89386,250,13736.636743
-381.4064,250,13744.026103
-283.58426,250,13744.026103
-484.21393,250,13744.026103
-330.85352,250,13744.026103
-226.83575,250,13744.026103
-223.17058,250,13744.026103
-326.1138,250,13746.637051
-301.7977,250,13752.727842
-303.3095,250,13752.727842
-262.2393,250,13752.727842
-438.74277,250,13752.727842
-265.59518,250,13752.727842
-266.72925,250,13752.727842
-388.20062,250,13755.376554
-298.90775,250,13762.039722
-254.78333,250,13762.039722
-218.772,250,13762.039722
-212.16035,250,13762.039722
-460.0405,250,13762.039722
-234.7554,250,13762.039722
-343.5323,250,13764.97391
-219.85068,250,13771.60371
-169.7711,250,13771.60371
-284.4073,250,13771.60472
-316.60635,250,13771.60472
-226.26846,250,13771.60472
-272.54123,250,13771.60472
-420.51874,250,13774.435095
-262.63364,250,13781.946021
-346.5859,250,13781.947025
-403.7649,250,13781.947025
-222.1125,250,13781.947025
-186.79564,250,13781.947025
-221.8704,250,13781.947025
-264.10513,250,13784.72475
-438.9851,250,13790.934056
-298.03018,250,13790.934056
-486.5569,250,13790.934056
-324.7822,250,13790.934056
-445.86255,250,13790.934056
-327.458,250,13790.934056
-320.75644,250,13793.713287
-374.24783,250,13800.369122
-287.92902,250,13800.369122
-253.78401,250,13800.369122
-271.40793,250,13800.369122
-211.78943,250,13800.369122
-559.6354,250,13800.369122
-474.2379,250,13803.044304
-291.6192,250,13809.122787
-405.65897,250,13809.122787
-299.05072,250,13809.122787
-374.9195,250,13809.122787
-249.93114,250,13809.122787
-405.3279,250,13809.122787
-292.95938,250,13811.782758
-256.5144,250,13817.852998
-392.2691,250,13817.852998
-288.67728,250,13817.852998
-362.15762,250,13817.852998
-315.7844,250,13817.854016
-372.13977,250,13817.854016
-322.044,250,13821.783901
-292.2593,250,13827.965062
-325.02603,250,13827.966078
-323.76364,250,13827.966078
-355.379,250,13827.966078
-266.77838,250,13827.966078
-583.93646,250,13827.966078
-312.40097,250,13830.643298
-397.8301,250,13836.867505
-347.2643,250,13836.867505
-305.2693,250,13836.867505
-360.64993,250,13836.867505
-210.30821,250,13836.867505
-276.1223,250,13836.867505
-208.13756,250,13839.542793
-356.6313,250,13845.671262
-488.94528,250,13845.671262
-289.63797,250,13845.671262
-311.47958,250,13845.671262
-226.5806,250,13845.671262
-299.24496,250,13845.671262
-256.53802,250,13848.326091
-471.821,250,13854.544053
-293.91373,250,13854.544053
-229.3199,250,13854.544053
-315.46927,250,13854.544053
-241.90303,250,13854.544053
-237.65147,250,13854.544053
-332.98782,250,13858.521742
-286.77145,250,13864.652459
-318.57153,250,13864.652459
-340.67493,250,13864.652459
-282.55368,250,13864.652459
-379.51376,250,13864.652459
-294.65668,250,13864.652459
-331.4437,250,13867.480664
-278.9749,250,13873.541182
-437.0779,250,13873.541182
-391.6997,250,13873.541182
-206.23555,250,13873.541182
-296.95483,250,13873.541182
-267.34204,250,13873.541182
-315.3243,250,13876.207513
-313.835,250,13882.318611
-336.95264,250,13882.318611
-349.10526,250,13882.318611
-314.83636,250,13882.318611
-275.9407,250,13882.318611
-387.31833,250,13882.318611
-496.76242,250,13884.933193
-179.72787,250,13891.086216
-168.044,250,13891.087236
-331.44,250,13891.087236
-326.09406,250,13891.087236
-349.15524,250,13891.087236
-484.64395,250,13891.087236
-354.28247,250,13895.110249
-353.47382,250,13901.499239
-361.81598,250,13901.499239
-299.12613,250,13901.499239
-254.5042,250,13901.499239
-204.2599,250,13901.499239
-277.0269,250,13901.499239
-347.88763,250,13904.078449
-492.19122,250,13910.225824
-263.11972,250,13910.225824
-354.6733,250,13910.225824
-314.65213,250,13910.225824
-356.3527,250,13910.225824
-408.71008,250,13910.225824
-319.46695,250,13912.89489
-294.78314,250,13919.049067
-312.40634,250,13919.049067
-304.61182,250,13919.049067
-255.11687,250,13919.049067
-475.57022,250,13919.049067
-354.88867,250,13919.049067
-252.09363,250,13921.651992
-267.58276,250,13927.861238
-328.29788,250,13927.861238
-248.95818,250,13927.861238
-333.1798,250,13927.861238
-302.28363,250,13927.861238
-304.26218,250,13927.861238
-238.20537,250,13932.202589
-386.91882,250,13938.151669
-241.36777,250,13938.151669
-417.59396,250,13938.151669
-240.5897,250,13938.151669
-347.05765,250,13938.151669
-455.24628,250,13938.151669
-294.41608,250,13940.977986
-341.94833,250,13947.150329
-173.68114,250,13947.150329
-225.55278,250,13947.150329
-364.49963,250,13947.150329
-355.8895,250,13947.150329
-487.50766,250,13947.150329
-302.62604,250,13949.787602
-335.65887,250,13955.828453
-225.05927,250,13955.828453
-376.98193,250,13955.828453
-502.8616,250,13955.828453
-321.99594,250,13955.828453
-440.1048,250,13955.828453
-289.6088,250,13958.642545
-288.22464,250,13964.830385
-471.6498,250,13964.830385
-258.8232,250,13964.830385
-329.9594,250,13964.830385
-266.14676,250,13964.830385
-303.71985,250,13964.830385
-284.36703,250,13967.489705
-259.52322,250,13974.849139
-372.95728,250,13974.849139
-242.47935,250,13974.849139
-238.64891,250,13974.849139
-285.81354,250,13974.849139
-419.14334,250,13974.849139
-253.5093,250,13977.567428
-313.34167,250,13983.617954
-261.16684,250,13983.617954
-276.8442,250,13983.617954
-263.2703,250,13983.617954
-291.8518,250,13983.617954
-408.93317,250,13983.617954
-402.24768,250,13986.257601
-235.91013,250,13992.631824
-314.67773,250,13992.631824
-190.24323,250,13992.631824
-323.43048,250,13992.631824
-260.1504,250,13992.631824
-309.77426,250,13992.631824
-198.13672,250,13995.554842
-316.06308,250,14002.160666
-282.23157,250,14002.160666
-222.68066,250,14002.160666
-301.35727,250,14002.160666
-226.03711,250,14002.160666
-368.71512,250,14002.160666
-217.7585,250,14004.920564
-382.21918,250,14012.273307
-257.54547,250,14012.273307
-205.53427,250,14012.273307
-148.55269,250,14012.273307
-395.37558,250,14012.273307
-335.84338,250,14012.273307
-363.29126,250,14015.047396
-288.52975,250,14021.270145
-245.4697,250,14021.270145
-439.29688,250,14021.270145
-354.79282,250,14021.270145
-408.88293,250,14021.270145
-325.30426,250,14021.270145
-370.48267,250,14023.968015
-443.17386,250,14030.021821
-317.93073,250,14030.021821
-247.13367,250,14030.021821
-482.4517,250,14030.021821
-338.52066,250,14030.021821
-374.38037,250,14030.021821
-383.11935,250,14032.688051
-208.81476,250,14038.934933
-362.21988,250,14038.934933
-546.7983,250,14038.934933
-314.2201,250,14038.934933
-287.55203,250,14038.934933
-290.2927,250,14038.934933
-272.5497,250,14041.660508
-398.55923,250,14049.210811
-253.8811,250,14049.210811
-570.81647,250,14049.210811
-298.53256,250,14049.210811
-390.16205,250,14049.210811
-234.63374,250,14049.210811
-216.6617,250,14051.876792
-319.53357,250,14058.030415
-280.34583,250,14058.030415
-233.50847,250,14058.030415
-204.2048,250,14058.030415
-259.76117,250,14058.030415
-228.22949,250,14058.030415
-411.1627,250,14060.783513
-333.33258,250,14067.101653
-408.49228,250,14067.101653
-285.97977,250,14067.101653
-253.18968,250,14067.101653
-306.50797,250,14067.101653
-282.6285,250,14067.101653
-348.24182,250,14069.898257
-385.90158,250,14076.10802
-381.00806,250,14076.10802
-365.79086,250,14076.10802
-307.37985,250,14076.10802
-254.13217,250,14076.10802
-598.1867,250,14076.10802
-246.31815,250,14078.940649
-283.04507,250,14086.230456
-347.30737,250,14086.230456
-423.4176,250,14086.230456
-480.82584,250,14086.230456
-314.33405,250,14086.230456
-541.545,250,14086.230456
-182.38464,250,14088.880917
-272.05774,250,14094.948735
-332.74673,250,14094.948735
-324.92084,250,14094.948735
-305.18732,250,14094.948735
-236.6751,250,14094.948735
-368.50882,250,14094.948735
-274.37823,250,14097.585306
-370.32318,250,14103.749847
-482.24356,250,14103.749847
-319.12643,250,14103.749847
-378.7378,250,14103.749847
-314.46353,250,14103.749847
-334.44418,250,14103.749847
-361.24026,250,14106.311946
-377.36536,250,14112.542911
-414.9631,250,14112.542911
-439.50037,250,14112.542911
-306.73236,250,14112.542911
-369.45483,250,14112.542911
-267.89838,250,14112.543967
-487.48016,250,14115.270137
-176.12529,250,14122.730955
-662.0732,250,14122.730955
-311.40384,250,14122.730955
-351.5961,250,14122.730955
-305.4982,250,14122.730955
-281.24683,250,14122.730955
-227.13808,250,14125.33174
-507.97153,250,14131.653673
-371.02237,250,14131.653673
-424.95624,250,14131.653673
-338.27182,250,14131.653673
-200.43233,250,14131.653673
-277.99945,250,14131.653673
-334.51694,250,14134.259413
-238.41095,250,14140.497188
-266.40588,250,14140.497188
-253.05194,250,14140.497188
-288.4252,250,14140.497188
-276.62537,250,14140.497188
-357.96185,250,14140.497188
-260.9673,250,14143.246845
-356.05905,250,14149.351255
-320.83524,250,14149.351255
-363.3006,250,14149.351255
-387.00156,250,14149.351255
-319.92648,250,14149.351255
-374.31693,250,14149.351255
-338.2874,250,14152.008953
-215.61137,250,14159.379339
-552.87915,250,14159.379339
-329.42276,250,14159.379339
-299.29453,250,14159.379339
-319.92624,250,14159.379339
-408.12213,250,14159.379339
-308.49335,250,14161.9465
-280.14294,250,14168.211246
-493.02332,250,14168.211246
-403.0072,250,14168.211246
-325.16885,250,14168.211246
-278.60233,250,14168.211246
-324.3992,250,14168.211246
-542.9451,250,14170.850507
-393.28265,250,14177.010962
-464.18518,250,14177.010962
-234.53244,250,14177.010962
-225.30795,250,14177.010962
-303.36536,250,14177.010962
-399.42242,250,14177.010962
-200.81236,250,14179.731303
-352.6104,250,14186.154288
-223.2465,250,14186.154288
-223.90337,250,14186.154288
-388.63507,250,14186.154288
-202.11221,250,14186.154288
-254.94983,250,14186.154288
-386.28137,250,14189.030297
-522.5205,250,14197.296048
-252.31427,250,14197.296048
-272.1869,250,14197.296048
-241.00902,250,14197.296048
-253.18214,250,14197.296048
-249.64807,250,14197.296048
-352.85638,250,14199.928871
-278.73636,250,14206.165909
-277.72635,250,14206.166922
-294.10925,250,14206.166922
-256.47913,250,14206.166922
-413.35782,250,14206.166922
-240.27463,250,14206.166922
-395.62927,250,14208.948362
-137.5062,250,14215.136508
-655.6404,250,14215.137507
-244.92863,250,14215.137507
-391.56653,250,14215.137507
-321.8924,250,14215.137507
-331.60498,250,14215.137507
-332.5493,250,14217.761757
-332.77216,250,14223.944267
-261.96786,250,14223.944267
-360.91284,250,14223.944267
-376.84088,250,14223.944267
-492.7027,250,14223.944267
-219.50116,250,14223.944267
-359.59174,250,14226.599991
-328.93314,250,14232.76716
-245.16093,250,14232.76716
-280.10263,250,14232.76716
-349.87286,250,14232.76716
-437.87906,250,14232.76716
-335.1604,250,14232.76716
-373.79428,250,14236.624488
-270.9097,250,14242.855133
-289.26932,250,14242.855133
-333.1472,250,14242.855133
-307.6862,250,14242.855133
-359.50906,250,14242.855133
-288.37198,250,14242.855133
-361.17072,250,14245.537164
-236.8669,250,14251.578249
-262.82718,250,14251.578249
-299.41714,250,14251.578249
-401.70776,250,14251.578249
-273.0307,250,14251.578249
-237.59708,250,14251.578249
-376.57065,250,14254.316685
-273.64658,250,14260.883595
-399.1529,250,14260.883595
-302.3066,250,14260.883595
-348.12402,250,14260.883595
-282.5429,250,14260.883595
-296.57886,250,14260.883595
-333.03598,250,14263.507797
-237.7978,250,14270.370858
-326.29147,250,14270.370858
-325.95895,250,14270.370858
-388.949,250,14270.370858
-245.49718,250,14270.370858
-522.0848,250,14270.370858
-392.62167,250,14274.859175
-271.12265,250,14282.338454
-285.73932,250,14282.338454
-264.1224,250,14282.338454
-324.27972,250,14282.338454
-219.77513,250,14282.338454
-226.1629,250,14282.338454
-396.4414,250,14285.547119
-373.59125,250,14292.457677
-252.17665,250,14292.457677
-316.8185,250,14292.457677
-310.38254,250,14292.457677
-386.11108,250,14292.457677
-430.82773,250,14292.457677
-366.95465,250,14295.088876
-276.30356,250,14301.33256
-183.04913,250,14301.333564
-350.6229,250,14301.333564
-307.69507,250,14301.333564
-300.98752,250,14301.333564
-212.5807,250,14301.333564
-365.1165,250,14303.950916
-387.36456,250,14310.148166
-268.1758,250,14310.149197
-256.22696,250,14310.149197
-223.6643,250,14310.149197
-358.84174,250,14310.149197
-297.46808,250,14310.149197
-207.1406,250,14314.137332
-298.00873,250,14320.562747
-136.41771,250,14320.562747
-322.2392,250,14320.562747
-343.76517,250,14320.562747
-130.77771,250,14320.562747
-195.18088,250,14320.562747
-337.61743,250,14323.261155
-466.2429,250,14329.622638
-322.4536,250,14329.622638
-289.558,250,14329.622638
-240.53053,250,14329.622638
-316.05447,250,14329.622638
-298.76764,250,14329.622638
-225.21484,250,14332.24525
-498.08823,250,14338.369941
-336.28867,250,14338.369941
-246.57912,250,14338.369941
-157.8599,250,14338.369941
-283.7842,250,14338.369941
-224.1306,250,14338.369941
-425.63962,250,14341.032758
-283.36642,250,14347.215137
-532.1643,250,14347.215137
-342.8269,250,14347.215137
-251.72726,250,14347.215137
-229.83472,250,14347.215137
-278.82855,250,14347.215137
-476.51282,250,14349.939481
-272.67575,250,14357.337538
-345.48267,250,14357.338681
-281.7802,250,14357.338681
-362.7986,250,14357.338681
-397.44223,250,14357.338681
-112.62472,250,14357.338681
-410.02554,250,14360.092657
-282.2854,250,14366.538615
-366.78058,250,14366.538615
-241.81223,250,14366.538615
-315.24878,250,14366.538615
-365.03427,250,14366.538615
-378.15643,250,14366.538615
-369.2927,250,14369.256195
-350.3684,250,14375.488698
-273.61957,250,14375.489714
-261.28708,250,14375.489714
-301.6341,250,14375.489714
-299.8082,250,14375.489714
-256.89267,250,14375.489714
-336.4234,250,14378.398406
-328.13202,250,14384.474761
-310.60126,250,14384.474761
-263.4894,250,14384.474761
-249.21735,250,14384.474761
-280.57272,250,14384.474761
-306.97638,250,14384.474761
-281.72525,250,14387.08979
-332.8888,250,14394.900183
-497.71027,250,14394.900183
-281.7801,250,14394.901185
-425.24152,250,14394.901185
-367.52615,250,14394.901185
-295.63742,250,14394.901185
-335.78656,250,14397.468173
-266.4482,250,14403.684404
-230.35838,250,14403.684404
-224.76761,250,14403.684404
-337.95593,250,14403.684404
-288.67767,250,14403.684404
-449.92993,250,14403.684404
-275.927,250,14406.431301
-296.3276,250,14412.569154
-247.6133,250,14412.569154
-291.5184,250,14412.569154
-229.00752,250,14412.569154
-305.78802,250,14412.569154
-242.81203,250,14412.569154
-277.95102,250,14415.237556
-277.93466,250,14421.291786
-222.00443,250,14421.291786
-397.64096,250,14421.291786
-474.5738,250,14421.291786
-266.20856,250,14421.291786
-254.53441,250,14421.291786
-371.98563,250,14423.943287
-292.6351,250,14431.320057
-297.86783,250,14431.320057
-354.17554,250,14431.320057
-331.1865,250,14431.320057
-369.42407,250,14431.320057
-329.33063,250,14431.320057
-133.75748,250,14434.051052
-386.07834,250,14440.106492
-455.2057,250,14440.106492
-245.81203,250,14440.106492
-357.37762,250,14440.106492
-285.9198,250,14440.106492
-562.05023,250,14440.106492
-405.83206,250,14442.793857
-315.8304,250,14448.823039
-409.36926,250,14448.823039
-272.77298,250,14448.823039
-266.71884,250,14448.823039
-226.61433,250,14448.823039
-561.71936,250,14448.823039
-344.2166,250,14451.42371
-336.0983,250,14457.616307
-311.1212,250,14457.616307
-309.65555,250,14457.616307
-351.0629,250,14457.616307
-363.96527,250,14457.616307
-178.10583,250,14457.616307
-268.40698,250,14460.255624
-396.4517,250,14467.657347
-397.02814,250,14467.657347
-231.72337,250,14467.657347
-222.68872,250,14467.657347
-316.19037,250,14467.657347
-351.3663,250,14467.657347
-239.10287,250,14470.433398
-312.8933,250,14476.450685
-231.93097,250,14476.450685
-330.4665,250,14476.450685
-277.94177,250,14476.450685
-221.98863,250,14476.450685
-187.64005,250,14476.450685
-391.3331,250,14479.148818
-285.23322,250,14485.286002
-122.705696,250,14485.286002
-209.97597,250,14485.286002
-372.34512,250,14485.286002
-366.29523,250,14485.286002
-428.50687,250,14485.286002
-301.00153,250,14487.85058
-380.6378,250,14493.994381
-405.07916,250,14493.994381
-244.8179,250,14493.994381
-174.5715,250,14493.994381
-431.38947,250,14493.994381
-401.45065,250,14493.994381
-210.98938,250,14496.666395
-217.13858,250,14503.952468
-324.51657,250,14503.952468
-368.0982,250,14503.952468
-276.7994,250,14503.952468
-413.53342,250,14503.952468
-276.53055,250,14503.952468
-527.6275,250,14506.669712
-352.02463,250,14512.791533
-100.10199,250,14512.791533
-299.68396,250,14512.791533
-354.1225,250,14512.791533
-365.13312,250,14512.791533
-204.50517,250,14512.791533
-317.06,250,14515.435549
-469.7792,250,14521.69399
-248.69131,250,14521.69399
-357.6284,250,14521.69399
-264.95258,250,14521.69399
-412.84204,250,14521.69399
-218.84073,250,14521.69399
-341.71524,250,14524.406783
-102.75707,250,14530.641293
-373.48938,250,14530.641293
-390.8476,250,14530.641293
-319.75867,250,14530.641293
-269.64072,250,14530.641293
-208.75584,250,14530.641293
-377.2032,250,14533.233322
-325.64813,250,14540.612195
-326.42526,250,14540.612195
-247.88339,250,14540.612195
-365.9251,250,14540.612195
-309.70068,250,14540.612195
-286.23752,250,14540.612195
-423.01028,250,14543.312953
-239.7546,250,14549.486811
-402.16812,250,14549.486811
-161.042,250,14549.486811
-300.51398,250,14549.486811
-484.46246,250,14549.486811
-299.065,250,14549.486811
-272.6927,250,14552.101922
-241.96507,250,14558.35063
-358.79895,250,14558.351723
-241.64558,250,14558.351723
-314.60318,250,14558.351723
-275.29715,250,14558.351723
-336.464,250,14558.351723
-271.8554,250,14560.978219
-323.3135,250,14567.066414
-294.9307,250,14567.066414
-306.20447,250,14567.066414
-255.34831,250,14567.066414
-418.93436,250,14567.066414
-362.46198,250,14567.066414
-646.75604,250,14569.84631
-546.3202,250,14577.038398
-283.5686,250,14577.038398
-429.1825,250,14577.038398
-451.0987,250,14577.038398
-426.65234,250,14577.038398
-259.59857,250,14577.039397
-353.3017,250,14579.671637
-278.59158,250,14585.797375
-391.21228,250,14585.797375
-335.27173,250,14585.797375
-349.3168,250,14585.797375
-286.70395,250,14585.797375
-260.10883,250,14585.797375
-236.7362,250,14588.537758
-354.029,250,14594.812226
-394.94473,250,14594.813224
-287.37943,250,14594.813224
-371.6354,250,14594.813224
-324.3927,250,14594.813224
-424.79282,250,14594.813224
-239.1029,250,14597.409076
-323.21466,250,14603.59096
-459.01837,250,14603.59096
-323.1764,250,14603.59096
-421.9531,250,14603.59096
-269.7285,250,14603.59096
-206.88133,250,14603.59096
-259.55145,250,14606.308792
-250.00769,250,14612.433235
-397.31064,250,14612.434221
-299.96115,250,14612.434221
-515.1929,250,14612.434221
-437.51663,250,14612.434221
-349.45728,250,14612.434221
-317.2775,250,14616.260754
-333.93243,250,14622.486175
-298.68182,250,14622.487172
-371.48895,250,14622.487172
-369.365,250,14622.487172
-340.85092,250,14622.487172
-435.19254,250,14622.487172
-290.09912,250,14625.166704
-484.457,250,14631.362819
-218.83337,250,14631.362819
-252.90692,250,14631.362819
-477.7493,250,14631.362819
-269.3877,250,14631.362819
-460.9927,250,14631.362819
-472.0802,250,14634.045383
-214.51071,250,14640.291342
-252.25522,250,14640.291342
-354.68503,250,14640.291342
-214.79543,250,14640.291342
-226.56967,250,14640.291342
-312.8812,250,14640.291342
-277.55066,250,14642.967683
-380.216,250,14649.264257
-339.781,250,14649.264257
-300.6985,250,14649.264257
-245.64497,250,14649.264257
-305.8449,250,14649.264257
-227.37465,250,14649.264257
-317.68326,250,14653.264025
-317.62463,250,14659.670342
-538.8795,250,14659.670342
-258.40216,250,14659.670342
-465.51108,250,14659.670342
-399.48776,250,14659.670342
-302.72202,250,14659.670342
-261.5648,250,14662.334048
-208.00047,250,14668.54947
-339.34528,250,14668.54947
-269.9691,250,14668.54947
-314.09863,250,14668.54947
-435.24667,250,14668.54947
-216.46458,250,14668.54947
-550.55835,250,14671.296892
-310.196,250,14677.755855
-536.2653,250,14677.755855
-295.15414,250,14677.755855
-412.05078,250,14677.755855
-276.28888,250,14677.755855
-200.90324,250,14677.755855
-312.82156,250,14680.448181
-468.31116,250,14686.709587
-367.957,250,14686.709587
-244.95827,250,14686.709587
-216.87314,250,14686.709587
-299.23477,250,14686.709587
-453.44272,250,14686.709587
-305.80075,250,14690.903727
-355.45352,250,14697.112947
-250.2491,250,14697.112947
-267.94843,250,14697.112947
-372.24704,250,14697.112947
-399.83105,250,14697.112947
-267.0894,250,14697.112947
-390.04572,250,14699.714668
-325.04813,250,14705.977653
-345.5237,250,14705.977653
-239.88184,250,14705.977653
-224.9673,250,14705.977653
-281.84128,250,14705.977653
-333.86932,250,14705.977653
-256.08795,250,14708.736611
-331.8103,250,14714.936005
-305.75577,250,14714.936005
-231.08748,250,14714.936005
-460.45108,250,14714.936005
-315.15765,250,14714.936005
-268.43872,250,14714.936005
-174.66801,250,14717.661719
-297.32718,250,14723.909881
-348.54678,250,14723.909881
-384.80997,250,14723.909881
-366.43597,250,14723.909881
-379.811,250,14723.909881
-363.7513,250,14723.909881
-309.50296,250,14726.608147
-243.95929,250,14733.896354
-513.09894,250,14733.896354
-271.0504,250,14733.896354
-325.94324,250,14733.896354
-282.49454,250,14733.896354
-289.43936,250,14733.896354
-459.41867,250,14736.53231
-456.43005,250,14742.691281
-273.44397,250,14742.691281
-307.19586,250,14742.691281
-289.32693,250,14742.691281
-322.78143,250,14742.691281
-362.9343,250,14742.691281
-259.82208,250,14745.359006
-344.9069,250,14751.472529
-307.6457,250,14751.472529
-298.3848,250,14751.472529
-541.4123,250,14751.472529
-605.453,250,14751.472529
-314.98367,250,14751.472529
-284.86487,250,14754.253022
-187.7679,250,14760.392407
-331.68985,250,14760.392407
-358.998,250,14760.392407
-177.38158,250,14760.392407
-204.32724,250,14760.392407
-409.4795,250,14760.392407
-307.3376,250,14763.006104
-444.48767,250,14770.517347
-456.5861,250,14770.517347
-354.82513,250,14770.517347
-266.53217,250,14770.517347
-248.56892,250,14770.517347
-330.15027,250,14770.517347
-283.4254,250,14773.129827
-235.25989,250,14779.298336
-361.4058,250,14779.298336
-484.95413,250,14779.298336
-263.6952,250,14779.298336
-247.83978,250,14779.298336
-296.8265,250,14779.298336
-336.3886,250,14782.017913
-267.26706,250,14788.302398
-280.89548,250,14788.302398
-257.50653,250,14788.302398
-317.45126,250,14788.302398
-300.51794,250,14788.302398
-428.6584,250,14788.302398
-328.96716,250,14791.234301
-341.9088,250,14797.727857
-357.90427,250,14797.727857
-306.42044,250,14797.727857
-253.00053,250,14797.727857
-288.15048,250,14797.727857
-395.34418,250,14797.727857
-346.19846,250,14800.593581
-288.02234,250,14808.567382
-228.64337,250,14808.567382
-228.6623,250,14808.567382
-293.21112,250,14808.567382
-259.46558,250,14808.567382
-289.8037,250,14808.567382
-319.31262,250,14811.510448
-181.33992,250,14817.713341
-480.95016,250,14817.713341
-361.78372,250,14817.713341
-310.41925,250,14817.713341
-294.4911,250,14817.713341
-226.21588,250,14817.713341
-264.80734,250,14820.334152
-243.65372,250,14826.617603
-242.77048,250,14826.617603
-316.79593,250,14826.617603
-365.74414,250,14826.617603
-266.69644,250,14826.617603
-344.1825,250,14826.617603
-213.5386,250,14829.272081
-500.63846,250,14835.479963
-381.98843,250,14835.479963
-313.14355,250,14835.479963
-366.06085,250,14835.479963
-453.7077,250,14835.479963
-282.0135,250,14835.479963
-290.05518,250,14838.185262
-313.05804,250,14845.580826
-246.794,250,14845.580826
-288.16068,250,14845.580826
-297.05075,250,14845.580826
-425.83737,250,14845.580826
-207.65327,250,14845.580826
-506.44263,250,14848.204669
-279.91357,250,14854.481585
-236.59415,250,14854.481585
-403.39224,250,14854.481585
-294.91852,250,14854.481585
-371.17514,250,14854.481585
-327.69525,250,14854.481585
-205.11513,250,14857.148207
-489.40424,250,14863.190615
-313.96744,250,14863.190615
-262.0176,250,14863.190615
-445.02805,250,14863.190615
-183.78041,250,14863.190615
-289.1562,250,14863.190615
-294.08868,250,14865.791992
-444.58502,250,14871.897352
-284.67297,250,14871.897352
-253.02536,250,14871.897352
-308.8555,250,14871.897352
-253.39915,250,14871.897352
-305.15918,250,14871.897352
-409.0867,250,14874.625814
-426.22144,250,14881.964569
-312.50226,250,14881.964569
-212.28091,250,14881.964569
-167.05879,250,14881.964569
-231.73578,250,14881.964569
-353.46667,250,14881.964569
-310.5455,250,14884.649947
-444.07407,250,14890.927449
-356.30942,250,14890.928453
-269.7534,250,14890.928453
-308.54422,250,14890.928453
-536.4129,250,14890.928453
-296.01953,250,14890.928453
-312.0556,250,14893.653907
-355.91586,250,14900.007022
-361.0334,250,14900.007022
-389.99097,250,14900.007022
-483.91034,250,14900.007022
-238.48257,250,14900.007022
-332.1745,250,14900.007022
-280.58453,250,14902.735352
-326.02652,250,14908.870104
-190.12839,250,14908.870104
-238.17197,250,14908.871119
-362.07892,250,14908.871119
-249.15756,250,14908.871119
-285.70975,250,14908.871119
-268.77728,250,14911.609173
-297.1881,250,14919.455112
-306.26428,250,14919.455112
-288.21558,250,14919.455112
-377.97565,250,14919.455112
-338.85422,250,14919.455112
-240.91537,250,14919.455112
-324.0702,250,14922.114285
-145.43332,250,14928.33427
-169.76993,250,14928.33427
-496.22958,250,14928.33427
-311.07767,250,14928.33427
-545.7947,250,14928.33427
-205.14915,250,14928.33427
-345.00848,250,14931.097894
-299.87653,250,14937.161113
-265.70157,250,14937.161113
-494.4169,250,14937.161113
-236.23364,250,14937.161113
-220.31006,250,14937.161113
-197.44969,250,14937.161113
-118.756714,250,14939.957624
-332.68573,250,14946.274792
-407.24945,250,14946.274792
-507.98154,250,14946.274792
-540.86487,250,14946.274792
-495.52206,250,14946.274792
-283.98718,250,14946.274792
-341.63687,250,14948.96487
-340.95438,250,14956.364634
-341.87393,250,14956.364634
-334.29773,250,14956.364634
-264.95255,250,14956.364634
-303.05878,250,14956.364634
-386.95013,250,14956.364634
-383.19086,250,14959.008049
-307.08374,250,14965.099245
-292.24664,250,14965.099245
-309.23907,250,14965.099245
-343.88922,250,14965.099245
-361.5971,250,14965.099245
-253.9019,250,14965.099245
-345.58154,250,14967.745796
-290.4378,250,14973.749535
-208.27621,250,14973.749535
-380.12018,250,14973.749535
-279.05435,250,14973.749535
-238.69669,250,14973.749535
-342.9783,250,14973.749535
-525.7273,250,14976.68336
-407.99573,250,14983.099274
-497.60272,250,14983.099274
-299.22354,250,14983.099274
-380.75745,250,14983.099274
-371.33844,250,14983.099274
-301.49344,250,14983.099274
-295.0283,250,14985.860797
-214.06055,250,14993.311904
-407.89206,250,14993.311904
-268.57718,250,14993.311904
-336.93512,250,14993.311904
-294.60443,250,14993.311904
-429.66498,250,14993.311904
-313.6229,250,14996.036379
-257.93457,250,15002.030652
-223.95177,250,15002.030652
-423.9596,250,15002.030652
-315.2187,250,15002.030652
-345.41235,250,15002.030652
-284.26025,250,15002.030652
-290.83875,250,15004.800338
-394.39017,250,15011.015221
-223.098,250,15011.015221
-345.1476,250,15011.015221
-395.5283,250,15011.015221
-548.63684,250,15011.015221
-307.18008,250,15011.015221
-163.0694,250,15013.664216
-404.30338,250,15019.768321
-288.5635,250,15019.769392
-571.3991,250,15019.769392
-258.25818,250,15019.769392
-309.69913,250,15019.769392
-335.0116,250,15019.769392
-382.23434,250,15022.435151
-303.20535,250,15028.542705
-281.50354,250,15028.542705
-349.24115,250,15028.542705
-184.12482,250,15028.542705
-286.35263,250,15028.542705
-330.46548,250,15028.542705
-439.05017,250,15032.396778
-328.3552,250,15038.675406
-488.67905,250,15038.675406
-461.41235,250,15038.675406
-278.7575,250,15038.675406
-311.85016,250,15038.675406
-401.15094,250,15038.675406
-290.30173,250,15041.360693
-337.599,250,15047.485321
-240.31265,250,15047.485321
-123.33668,250,15047.485321
-491.8782,250,15047.485321
-144.80898,250,15047.485321
-401.15518,250,15047.485321
-481.9206,250,15050.244403
-391.13553,250,15056.303839
-347.63266,250,15056.303839
-343.17117,250,15056.303839
-521.70013,250,15056.303839
-254.53958,250,15056.303839
-395.324,250,15056.303839
-306.00784,250,15059.072487
-406.3463,250,15065.30104
-405.2755,250,15065.30104
-341.91354,250,15065.30104
-369.3766,250,15065.30104
-367.08755,250,15065.30104
-353.4519,250,15065.30104
-335.71335,250,15069.209734
-161.88126,250,15075.314892
-318.96713,250,15075.314892
-533.9787,250,15075.314892
-263.37158,250,15075.314892
-304.11612,250,15075.314892
-452.04468,250,15075.314892
-329.79462,250,15078.00956
-283.11267,250,15084.14029
-724.5126,250,15084.14029
-417.8823,250,15084.14029
-335.04144,250,15084.14029
-346.26648,250,15084.14029
-291.7817,250,15084.14029
-251.7463,250,15087.003834
-431.82968,250,15093.285222
-385.08868,250,15093.285222
-242.93948,250,15093.285222
-254.59857,250,15093.285222
-382.866,250,15093.285222
-406.62964,250,15093.285222
-468.0448,250,15096.09612
-212.28017,250,15102.404181
-279.0099,250,15102.404181
-299.25696,250,15102.404181
-207.22472,250,15102.404181
-297.3824,250,15102.404181
-331.58603,250,15102.404181
-376.3583,250,15106.31783
-238.57428,250,15112.470767
-340.8685,250,15112.470767
-429.47125,250,15112.470767
-309.88544,250,15112.470767
-338.4082,250,15112.470767
-257.85834,250,15112.470767
-219.08669,250,15115.433932
-170.9348,250,15121.518481
-221.3972,250,15121.518481
-408.18317,250,15121.518481
-337.98428,250,15121.518481
-262.43204,250,15121.518481
-259.26016,250,15121.518481
-349.8529,250,15124.198532
-572.8531,250,15130.360042
-400.1847,250,15130.360042
-259.4659,250,15130.360042
-251.24933,250,15130.360042
-299.22614,250,15130.360042
-249.30598,250,15130.360042
-324.97922,250,15133.072204
-246.34949,250,15139.395627
-351.09433,250,15139.395627
-160.61241,250,15139.395627
-291.60266,250,15139.395627
-322.35156,250,15139.395627
-236.75275,250,15139.396641
-304.29465,250,15142.073224
-259.89566,250,15150.34287
-260.43802,250,15150.34287
-316.21365,250,15150.34287
-362.56723,250,15150.34287
-178.23088,250,15150.34287
-393.3864,250,15150.34287
-264.30624,250,15153.090597
-453.5704,250,15159.548118
-297.78052,250,15159.54912
-174.03433,250,15159.54912
-310.78,250,15159.54912
-51.889275,250,15159.54912
-167.0403,250,15159.54912
-255.13632,250,15162.377623
-364.5372,250,15168.916102
-248.23311,250,15168.916102
-199.86703,250,15168.916102
-421.86115,250,15168.916102
-532.03033,250,15168.916102
-268.50092,250,15168.916102
-330.59808,250,15171.612781
-278.19193,250,15178.218642
-323.39517,250,15178.218642
-191.25626,250,15178.218642
-206.76247,250,15178.219548
-305.36694,250,15178.219548
-266.37656,250,15178.219548
-312.75104,250,15181.362607
-455.85965,250,15189.02627
-237.74554,250,15189.02627
-388.98804,250,15189.02627
-291.23126,250,15189.02627
-293.82245,250,15189.02627
-305.5025,250,15189.02627
-305.7197,250,15191.826838
-248.41074,250,15198.20258
-318.05435,250,15198.20258
-311.11942,250,15198.20258
-265.53842,250,15198.20258
-348.4113,250,15198.20258
-286.6811,250,15198.20258
-491.7079,250,15200.843695
-452.38583,250,15207.058526
-285.2812,250,15207.058526
-147.36253,250,15207.058526
-364.473,250,15207.058526
-367.7599,250,15207.058526
-332.71954,250,15207.058526
-296.45032,250,15209.750303
-319.5197,250,15215.928655
-281.35086,250,15215.928655
-376.41772,250,15215.928655
-188.36072,250,15215.928655
-301.15088,250,15215.928655
-375.07208,250,15215.928655
-438.94617,250,15218.621605
-251.84851,250,15226.065719
-139.92097,250,15226.065719
-189.08344,250,15226.065719
-330.75885,250,15226.065719
-304.5764,250,15226.065719
-331.5711,250,15226.065719
-507.28104,250,15228.724598
-406.11005,250,15234.977335
-350.8297,250,15234.977335
-559.7683,250,15234.977335
-220.79031,250,15234.977335
-372.06378,250,15234.977335
-443.44672,250,15234.977335
-519.56085,250,15237.739091
-298.10565,250,15243.83606
-164.72737,250,15243.83606
-361.5621,250,15243.83606
-246.27492,250,15243.83606
-390.01535,250,15243.83606
-317.19843,250,15243.83606
-227.96794,250,15246.603263
-213.9904,250,15253.028764
-359.51895,250,15253.028764
-270.07056,250,15253.028764
-273.10156,250,15253.029755
-328.49136,250,15253.029755
-340.58362,250,15253.029755
-125.849335,250,15255.788096
-122.76612,250,15263.181376
-205.29378,250,15263.181376
-264.51056,250,15263.181376
-317.105,250,15263.181376
-376.0791,250,15263.181376
-180.57368,250,15263.181376
-528.0664,250,15265.786961
-265.54633,250,15272.050605
-298.20044,250,15272.050605
-285.00192,250,15272.050605
-279.38422,250,15272.050605
-474.04758,250,15272.050605
-229.81029,250,15272.050605
-457.98224,250,15274.974775
-198.89684,250,15281.486885
-295.87585,250,15281.487887
-316.98596,250,15281.487887
-352.76474,250,15281.487887
-354.6648,250,15281.487887
-371.14117,250,15281.487887
-449.51196,250,15284.108473
-299.7203,250,15290.281576
-391.45306,250,15290.281576
-274.79596,250,15290.281576
-437.52603,250,15290.281576
-588.5142,250,15290.281576
-259.17535,250,15290.281576
-267.7221,250,15292.94918
-266.6667,250,15300.237421
-202.61514,250,15300.237421
-398.1079,250,15300.237421
-486.04282,250,15300.237421
-287.37854,250,15300.237421
-195.95544,250,15300.237421
-363.19513,250,15302.926537
-279.90332,250,15309.126585
-395.82336,250,15309.126585
-336.14154,250,15309.126585
-367.87503,250,15309.126585
-284.07565,250,15309.126585
-275.5844,250,15309.126585
-255.57451,250,15311.843347
-315.90845,250,15318.063984
-458.82257,250,15318.063984
-219.81137,250,15318.063984
-270.8103,250,15318.063984
-348.54962,250,15318.063984
-444.2256,250,15318.063984
-264.71082,250,15320.764099
-319.5291,250,15326.937292
-406.77686,250,15326.938262
-356.54504,250,15326.938262
-305.5465,250,15326.938262
-237.23915,250,15326.938262
-444.65747,250,15326.938262
-286.29633,250,15329.627427
-246.52686,250,15337.016289
-374.5639,250,15337.016289
-467.4114,250,15337.016289
-326.79358,250,15337.016289
-274.2872,250,15337.016289
-246.8089,250,15337.016289
-298.08023,250,15339.719424
-214.5225,250,15345.878164
-229.23018,250,15345.878164
-293.51736,250,15345.878164
-265.00848,250,15345.878164
-499.80957,250,15345.878164
-259.67422,250,15345.878164
-334.4821,250,15348.712156
-250.16945,250,15354.688004
-314.49384,250,15354.688004
-386.78528,250,15354.688004
-315.92587,250,15354.688004
-240.28535,250,15354.688004
-339.57492,250,15354.688004
-300.41837,250,15357.434742
-242.65549,250,15363.505497
-275.0073,250,15363.505497
-570.80975,250,15363.505497
-347.42526,250,15363.505497
-181.30852,250,15363.505497
-360.4499,250,15363.505497
-315.74384,250,15366.304075
-298.71136,250,15373.76193
-399.6628,250,15373.76193
-244.52116,250,15373.76193
-529.3476,250,15373.76193
-385.58487,250,15373.76193
-346.4024,250,15373.76193
-400.5279,250,15376.476917
-224.6514,250,15382.980392
-305.37335,250,15382.980392
-173.23145,250,15382.980392
-341.51846,250,15382.980392
-393.89645,250,15382.980392
-265.69058,250,15382.980392
-329.11975,250,15385.732156
-386.50797,250,15391.831073
-288.2391,250,15391.831073
-173.85435,250,15391.831073
-420.546,250,15391.831073
-317.20444,250,15391.831073
-353.42767,250,15391.831073
-222.1549,250,15394.471269
-296.8543,250,15400.697107
-328.24774,250,15400.697107
-306.2454,250,15400.697107
-286.91708,250,15400.697107
-236.01204,250,15400.697107
-260.32376,250,15400.697107
-227.77802,250,15403.380222
-470.60168,250,15409.533493
-359.7058,250,15409.533493
-486.41772,250,15409.534506
-265.64462,250,15409.534506
-314.01498,250,15409.534506
-198.72653,250,15409.534506
-312.9239,250,15413.423871
-348.14322,250,15419.648638
-251.87689,250,15419.648638
-351.45676,250,15419.648638
-354.248,250,15419.648638
-341.27548,250,15419.648638
-316.60147,250,15419.648638
-268.92395,250,15422.344501
-458.48337,250,15430.046917
-461.96033,250,15430.047919
-373.79767,250,15430.047919
-399.679,250,15430.047919
-233.08348,250,15430.047919
-285.26788,250,15430.047919
-341.32318,250,15433.134291
-280.32202,250,15439.51949
-423.8828,250,15439.51949
-225.06271,250,15439.51949
-482.1475,250,15439.51949
-337.4278,250,15439.51949
-533.7294,250,15439.51949
-272.1636,250,15442.24006
-289.35117,250,15448.606674
-212.38672,250,15448.606674
-285.72583,250,15448.606674
-276.32748,250,15448.606674
-356.708,250,15448.606674
-259.68658,250,15448.606674
-276.67798,250,15452.45451
-281.70364,250,15458.611477
-335.51385,250,15458.611477
-333.4105,250,15458.611477
-254.2697,250,15458.611477
-255.02591,250,15458.611477
-165.11409,250,15458.611477
-252.34512,250,15461.345189
-120.770035,250,15467.618981
-288.27283,250,15467.618981
-382.0569,250,15467.618981
-497.41312,250,15467.618981
-297.50308,250,15467.618981
-710.95306,250,15467.618981
-393.9475,250,15470.284988
-209.495,250,15476.455148
-384.37405,250,15476.455148
-241.71043,250,15476.455148
-193.11958,250,15476.455148
-260.4005,250,15476.455148
-251.84653,250,15476.455148
-245.82993,250,15479.077533
-282.43848,250,15485.216133
-501.71857,250,15485.216133
-341.8819,250,15485.216133
-292.52264,250,15485.216133
-229.36755,250,15485.216133
-234.7221,250,15485.216133
-376.45786,250,15489.343094
-301.0577,250,15495.426005
-399.1874,250,15495.426005
-263.4494,250,15495.426005
-232.5902,250,15495.426005
-274.8645,250,15495.426005
-143.34409,250,15495.426005
-142.46855,250,15498.185079
-259.8564,250,15504.328708
-270.33945,250,15504.328708
-273.29105,250,15504.328708
-318.48645,250,15504.328708
-236.35892,250,15504.328708
-337.9077,250,15504.328708
-591.9042,250,15507.018947
-392.75018,250,15513.233676
-249.42358,250,15513.233676
-313.01328,250,15513.234681
-380.9359,250,15513.234681
-544.97266,250,15513.234681
-433.087,250,15513.234681
-304.22385,250,15515.904816
-267.68225,250,15522.035176
-332.90506,250,15522.035176
-297.73825,250,15522.035176
-362.22427,250,15522.035176
-483.32318,250,15522.035176
-422.9424,250,15522.035176
-504.28348,250,15524.812126
-455.81516,250,15532.182492
-471.06134,250,15532.182492
-200.31596,250,15532.182492
-299.3239,250,15532.182492
-377.75003,250,15532.182492
-325.02954,250,15532.182492
-511.9612,250,15534.838579
-427.15887,250,15541.048708
-296.65912,250,15541.048708
-318.8461,250,15541.048708
-478.63486,250,15541.048708
-315.97723,250,15541.048708
-261.79587,250,15541.048708
-297.79538,250,15543.694241
-372.99686,250,15549.939857
-249.21098,250,15549.939857
-223.80032,250,15549.939857
-301.61575,250,15549.939857
-459.71597,250,15549.939857
-649.0822,250,15549.939857
-224.49947,250,15553.065053
-470.15854,250,15559.238174
-284.68332,250,15559.238174
-282.90677,250,15559.238174
-387.95828,250,15559.238174
-279.40866,250,15559.238174
-497.6576,250,15559.238174
-232.18231,250,15561.916181
-236.98836,250,15569.30518
-285.82718,250,15569.306186
-435.42957,250,15569.306186
-557.95966,250,15569.306186
-218.6404,250,15569.306186
-251.8185,250,15569.306186
-404.77646,250,15572.08117
-236.9615,250,15578.614934
-263.2836,250,15578.614934
-419.09982,250,15578.614934
-167.32481,250,15578.614934
-335.45004,250,15578.614934
-589.01,250,15578.614934
-287.70444,250,15581.35576
-212.73561,250,15587.522881
-303.7227,250,15587.522881
-309.92966,250,15587.522881
-234.35641,250,15587.522881
-253.93707,250,15587.522881
-301.34918,250,15587.522881
-374.03937,250,15590.151579
-321.4913,250,15596.647962
-320.67297,250,15596.647962
-215.20184,250,15596.647962
-209.15314,250,15596.647962
-253.71999,250,15596.647962
-382.22336,250,15596.647962
-406.29004,250,15599.537982
-271.17093,250,15607.048621
-337.55142,250,15607.048621
-357.58994,250,15607.048621
-258.8797,250,15607.048621
-195.09781,250,15607.048621
-439.1776,250,15607.048621
-378.36874,250,15609.908415
-354.24054,250,15616.065485
-420.1777,250,15616.066504
-306.19928,250,15616.066504
-521.6072,250,15616.066504
-452.04904,250,15616.066504
-165.15039,250,15616.066504
-385.91077,250,15618.717583
-246.20659,250,15624.827982
-605.4099,250,15624.827982
-331.3957,250,15624.827982
-312.70016,250,15624.827982
-202.93294,250,15624.827982
-247.18228,250,15624.827982
-247.5927,250,15627.488117
-291.2336,250,15633.671328
-411.1905,250,15633.671328
-183.24709,250,15633.671328
-376.1941,250,15633.671328
-463.02167,250,15633.671328
-291.7885,250,15633.672349
-273.18506,250,15636.413068
-291.5572,250,15644.060611
-318.05637,250,15644.060611
-518.2718,250,15644.060611
-214.73524,250,15644.060611
-332.65253,250,15644.060611
-245.33833,250,15644.060611
-348.90677,250,15646.718174
-294.39822,250,15652.94589
-226.95451,250,15652.94589
-245.71039,250,15652.94589
-265.46185,250,15652.94589
-246.9037,250,15652.94589
-287.86108,250,15652.94589
-340.4845,250,15655.63215
-106.704575,250,15661.682635
-286.31848,250,15661.682635
-261.3265,250,15661.682635
-213.42966,250,15661.682635
-219.63852,250,15661.682635
-285.64328,250,15661.682635
-247.45555,250,15664.456833
-345.39255,250,15670.694002
-215.84853,250,15670.694002
-494.51297,250,15670.694002
-168.55241,250,15670.694002
-332.88416,250,15670.694002
-303.00256,250,15670.694002
-244.26134,250,15673.302142
-232.82993,250,15680.670156
-380.68387,250,15680.670156
-316.8928,250,15680.670156
-204.8736,250,15680.670156
-339.78073,250,15680.670156
-430.26242,250,15680.670156
-577.52295,250,15683.311974
-436.33856,250,15689.449282
-307.51202,250,15689.449282
-482.23102,250,15689.449282
-431.869,250,15689.449282
-294.28943,250,15689.449282
-320.10852,250,15689.449282
-314.7863,250,15692.214635
-633.3839,250,15698.398393
-124.512924,250,15698.398393
-181.9564,250,15698.398393
-251.94913,250,15698.398393
-325.3565,250,15698.398393
-312.94296,250,15698.399396
-241.13866,250,15701.09118
-196.7213,250,15707.399715
-340.43848,250,15707.399715
-364.7666,250,15707.399715
-368.65753,250,15707.399715
-337.9693,250,15707.399715
-315.99008,250,15707.399715
-350.31183,250,15710.104267
-243.96542,250,15717.521378
-450.9489,250,15717.521378
-451.6687,250,15717.521378
-244.05775,250,15717.521378
-326.6236,250,15717.521378
-247.1731,250,15717.521378
-350.31723,250,15720.335013
-274.86758,250,15726.405554
-219.62358,250,15726.405554
-301.54874,250,15726.405554
-494.60306,250,15726.405554
-237.91795,250,15726.405554
-332.55408,250,15726.405554
-260.83087,250,15729.191657
-274.8459,250,15735.328547
-220.2395,250,15735.328547
-313.2438,250,15735.328547
-247.37428,250,15735.328547
-377.36978,250,15735.328547
-357.94122,250,15735.328547
-409.9008,250,15737.934825
-345.05075,250,15744.01996
-413.72797,250,15744.01996
-249.22809,250,15744.01996
-359.7509,250,15744.01996
-243.53917,250,15744.01996
-354.3264,250,15744.01996
-310.4573,250,15746.649217
-236.85213,250,15753.993058
-357.88098,250,15753.993058
-316.76273,250,15753.993058
-214.57524,250,15753.993058
-219.7804,250,15753.993058
-455.73737,250,15753.993058
-343.44904,250,15756.8148
-364.54312,250,15762.995704
-478.3858,250,15762.995704
-264.4343,250,15762.995704
-161.02457,250,15762.995704
-286.21176,250,15762.995704
-253.45248,250,15762.995704
-392.33847,250,15765.603218
-474.65082,250,15771.859329
-332.3333,250,15771.859329
-266.30615,250,15771.859329
-161.45436,250,15771.859329
-372.80112,250,15771.859329
-250.70602,250,15771.859329
-422.0912,250,15774.630405
-249.00302,250,15780.703672
-215.87427,250,15780.703672
-221.14146,250,15780.703672
-204.68703,250,15780.703672
-558.61487,250,15780.703672
-321.6859,250,15780.703672
-425.36633,250,15783.467454
-194.4033,250,15789.531725
-275.39862,250,15789.531725
-461.38742,250,15789.531725
-224.91922,250,15789.531725
-371.26718,250,15789.531725
-606.9602,250,15789.531725
-192.75725,250,15793.641517
-353.79657,250,15800.223094
-313.64407,250,15800.223094
-352.2531,250,15800.223094
-283.856,250,15800.223094
-333.82693,250,15800.223094
-462.44098,250,15800.223094
-405.62354,250,15802.855366
-277.3634,250,15808.986358
-265.3369,250,15808.986358
-437.92484,250,15808.986358
-206.50421,250,15808.986358
-265.93576,250,15808.986358
-257.08344,250,15808.986358
-314.5022,250,15811.617925
-342.89456,250,15817.714256
-261.98532,250,15817.714256
-404.15912,250,15817.714256
-427.91656,250,15817.714256
-327.9026,250,15817.714256
-359.2118,250,15817.714256
-303.07565,250,15820.511679
-445.391,250,15826.601245
-409.4876,250,15826.601245
-298.86914,250,15826.601245
-306.19788,250,15826.601245
-303.9555,250,15826.601245
-485.10596,250,15826.601245
-414.1874,250,15830.554844
-378.95947,250,15836.651941
-326.74905,250,15836.651941
-369.3858,250,15836.651941
-318.3929,250,15836.651941
-274.26657,250,15836.651941
-340.49872,250,15836.651941
-561.0841,250,15839.457439
-218.41731,250,15845.741368
-295.29877,250,15845.741368
-287.1785,250,15845.741368
-249.45251,250,15845.741368
-209.5686,250,15845.742368
-421.3456,250,15845.742368
-204.19579,250,15848.386491
-211.97087,250,15854.630497
-295.69177,250,15854.630497
-309.94107,250,15854.630497
-240.67493,250,15854.630497
-408.97754,250,15854.630497
-398.5437,250,15854.630497
-149.73637,250,15857.309998
-273.9482,250,15863.588682
-366.55164,250,15863.588682
-470.29913,250,15863.588682
-221.06128,250,15863.588682
-385.63086,250,15863.588682
-385.8116,250,15863.588682
-405.26688,250,15867.478222
-404.05807,250,15873.655887
-296.31415,250,15873.655887
-309.41992,250,15873.655887
-333.11722,250,15873.655887
-335.2047,250,15873.655887
-284.1508,250,15873.655887
-139.84808,250,15876.264596
-317.12653,250,15882.626595
-304.66785,250,15882.627614
-615.34845,250,15882.627614
-227.84198,250,15882.627614
-282.25452,250,15882.627614
-249.92964,250,15882.627614
-299.76285,250,15885.378074
-382.79364,250,15891.514665
-348.31964,250,15891.514665
-268.04947,250,15891.514665
-308.08215,250,15891.514665
-105.597534,250,15891.514665
-193.57594,250,15891.515664
-205.52893,250,15894.221693
-269.84625,250,15900.33324
-230.52533,250,15900.33324
-444.4518,250,15900.33324
-440.29944,250,15900.33324
-344.60214,250,15900.33324
-310.13785,250,15900.33324
-329.64288,250,15904.431401
-315.19843,250,15910.585915
-281.68652,250,15910.585915
-281.53885,250,15910.585915
-424.83188,250,15910.585915
-206.8348,250,15910.585915
-601.1246,250,15910.585915
-287.52298,250,15913.510278
-374.88977,250,15919.653737
-316.20407,250,15919.653737
-389.10242,250,15919.653737
-268.11002,250,15919.653737
-261.91968,250,15919.653737
-220.16525,250,15919.653737
-270.18304,250,15922.370476
-252.14906,250,15928.5036
-527.0084,250,15928.5036
-398.17056,250,15928.5036
-241.64798,250,15928.5036
-607.4514,250,15928.5036
-290.2044,250,15928.5036
-185.41533,250,15931.091313
-319.3806,250,15937.235223
-303.1116,250,15937.235223
-230.81786,250,15937.235223
-300.9665,250,15937.235223
-323.76025,250,15937.235223
-334.27347,250,15937.235223
-226.41266,250,15939.946472
-192.50317,250,15947.28038
-516.265,250,15947.28038
-207.7885,250,15947.28038
-246.87477,250,15947.28038
-332.22897,250,15947.28038
-295.21127,250,15947.28038
-352.4117,250,15949.994558
-285.91693,250,15956.167036
-339.33267,250,15956.167036
-367.92804,250,15956.167036
-189.13785,250,15956.167036
-242.5233,250,15956.167036
-510.9001,250,15956.167036
-258.2786,250,15958.894377
-285.97974,250,15964.909661
-250.63501,250,15964.909661
-319.76837,250,15964.910648
-216.83496,250,15964.910648
-279.1217,250,15964.910648
-289.22516,250,15964.910648
-632.9117,250,15967.703712
-341.1613,250,15974.042632
-222.23274,250,15974.042632
-364.38824,250,15974.042632
-251.04007,250,15974.042632
-448.93616,250,15974.042632
-462.1474,250,15974.042632
-265.9466,250,15976.626559
-309.71912,250,15983.921453
-354.18384,250,15983.921453
-343.7884,250,15983.921453
-510.44363,250,15983.921453
-312.10663,250,15983.921453
-397.1852,250,15983.921453
-328.06046,250,15986.593817
-240.12978,250,15992.977222
-235.79584,250,15992.977222
-251.67818,250,15992.977222
-350.50034,250,15992.977222
-236.78535,250,15992.977222
-223.94183,250,15992.977222
-372.5237,250,15995.766444
-442.25702,250,16002.004809
-286.54865,250,16002.004809
-420.0533,250,16002.004809
-307.2644,250,16002.004809
-463.3396,250,16002.004809
-269.3574,250,16002.004809
-240.90466,250,16004.632315
-300.66278,250,16010.82624
-580.1358,250,16010.82624
-229.63507,250,16010.82624
-350.8189,250,16010.82624
-349.5889,250,16010.82624
-264.5064,250,16010.82624
-319.24252,250,16013.501459
-377.86005,250,16020.862181
-400.38623,250,16020.862181
-302.5557,250,16020.862181
-354.15753,250,16020.862181
-285.92987,250,16020.862181
-349.33444,250,16020.862181
-301.89612,250,16023.674499
-357.61316,250,16029.68198
-296.44235,250,16029.68198
-292.27707,250,16029.68198
-258.57892,250,16029.68198
-249.21468,250,16029.68198
-179.79591,250,16029.68198
-279.42047,250,16032.432759
-219.80856,250,16038.663907
-382.63144,250,16038.664929
-499.398,250,16038.664929
-394.05933,250,16038.664929
-356.9036,250,16038.664929
-267.6721,250,16038.664929
-247.53322,250,16041.441884
-306.89908,250,16047.64155
-280.81525,250,16047.64155
-257.7156,250,16047.64155
-305.18774,250,16047.64155
-377.33838,250,16047.64155
-407.0836,250,16047.64155
-208.30927,250,16050.234723
-263.47922,250,16057.482024
-299.2986,250,16057.482024
-200.30977,250,16057.483224
-206.82904,250,16057.483224
-317.3612,250,16057.483224
-415.6828,250,16057.483224
-245.87085,250,16060.285674
-186.36102,250,16066.374813
-357.59976,250,16066.374813
-224.32553,250,16066.374813
-334.16693,250,16066.374813
-406.21133,250,16066.374813
-281.73724,250,16066.374813
-257.77628,250,16068.971409
-360.04803,250,16074.956475
-273.90195,250,16074.956475
-392.4508,250,16074.956475
-332.77338,250,16074.956475
-470.7479,250,16074.956475
-341.1999,250,16074.956475
-269.4352,250,16077.590161
-376.79855,250,16083.72456
-239.32509,250,16083.72456
-233.40703,250,16083.72456
-494.44885,250,16083.72456
-235.99135,250,16083.72456
-366.04343,250,16083.72456
-332.85464,250,16086.368448
-328.65558,250,16093.828248
-352.092,250,16093.828248
-385.05713,250,16093.828248
-469.16345,250,16093.829262
-279.6769,250,16093.829262
-302.74573,250,16093.829262
-416.5647,250,16096.640102
-219.52785,250,16102.981094
-230.2989,250,16102.981094
-396.73056,250,16102.981094
-264.60965,250,16102.981094
-298.3342,250,16102.981094
-199.09486,250,16102.981094
-383.5208,250,16105.683382
-333.0583,250,16111.809431
-329.9303,250,16111.809431
-252.87602,250,16111.809431
-329.95895,250,16111.809431
-264.2313,250,16111.810418
-407.65695,250,16111.810418
-226.23708,250,16114.432927
-321.49966,250,16120.642326
-264.648,250,16120.642326
-519.2736,250,16120.642326
-585.7614,250,16120.642326
-234.43202,250,16120.642326
-399.4226,250,16120.642326
-442.4125,250,16123.374411
-126.33442,250,16130.781199
-268.89392,250,16130.781199
-234.1608,250,16130.781199
-546.1612,250,16130.781199
-375.44138,250,16130.781199
-322.8756,250,16130.781199
-313.89044,250,16133.441189
-206.09808,250,16139.549077
-202.76001,250,16139.549077
-317.4506,250,16139.549077
-195.0909,250,16139.549077
-221.12227,250,16139.549077
-220.7352,250,16139.549077
-435.6322,250,16142.179816
-295.8504,250,16148.30924
-399.3898,250,16148.30924
-313.1069,250,16148.30924
-268.26157,250,16148.30924
-460.46695,250,16148.30924
-269.59668,250,16148.30924
-240.91478,250,16150.897049
-505.1001,250,16157.178619
-294.03168,250,16157.178619
-359.72946,250,16157.178619
-272.53067,250,16157.179176
-314.37302,250,16157.179176
-315.63083,250,16157.179176
-493.07004,250,16159.921992
-367.4305,250,16167.457742
-344.84155,250,16167.457742
-303.09943,250,16167.457742
-259.11124,250,16167.457742
-209.53842,250,16167.457742
-460.82407,250,16167.457742
-291.22,250,16170.155687
-250.8486,250,16176.352669
-362.57172,250,16176.352669
-371.58447,250,16176.352669
-249.9589,250,16176.352669
-289.78174,250,16176.352669
-330.60123,250,16176.352669
-282.25015,250,16179.344173
-368.82498,250,16185.790758
-279.2031,250,16185.790758
-443.26413,250,16185.790758
-294.28598,250,16185.790758
-412.4061,250,16185.790758
-282.75906,250,16185.790758
-395.65475,250,16188.421581
-328.35895,250,16194.513509
-330.7967,250,16194.513509
-276.42184,250,16194.513509
-451.9922,250,16194.513509
-286.42923,250,16194.513509
-345.28073,250,16194.513509
-516.89166,250,16197.301074
-332.4361,250,16203.444542
-484.1067,250,16203.444542
-260.66324,250,16203.444542
-228.95198,250,16203.444542
-303.02182,250,16203.444542
-406.89978,250,16203.444542
-407.62833,250,16207.349795
-328.09106,250,16213.473579
-289.4268,250,16213.473579
-269.83484,250,16213.473579
-368.5175,250,16213.473579
-216.65553,250,16213.473579
-307.80124,250,16213.473579
-393.37213,250,16216.126095
-291.11014,250,16222.252008
-307.4601,250,16222.252008
-237.82289,250,16222.252008
-289.84616,250,16222.252008
-352.55246,250,16222.252008
-489.617,250,16222.252008
-176.14607,250,16225.004942
-233.25749,250,16230.934595
-284.35324,250,16230.934595
-320.86957,250,16230.934595
-419.4313,250,16230.934595
-286.35822,250,16230.934595
-352.26733,250,16230.934595
-280.06412,250,16233.710446
-191.94785,250,16239.958156
-329.91257,250,16239.958156
-125.48598,250,16239.958156
-351.1347,250,16239.958156
-321.26953,250,16239.958156
-466.03143,250,16239.958156
-305.71646,250,16243.815355
-333.33224,250,16249.934237
-288.72876,250,16249.934237
-323.4295,250,16249.934237
-291.012,250,16249.934237
-289.81888,250,16249.934237
-292.12115,250,16249.934237
-424.3746,250,16252.701895
-276.28537,250,16258.847064
-287.03613,250,16258.847064
-389.1286,250,16258.848061
-330.99753,250,16258.848061
-240.35698,250,16258.848061
-372.71768,250,16258.848061
-316.19324,250,16261.62258
-343.43433,250,16267.783432
-337.21017,250,16267.783432
-245.87993,250,16267.783432
-299.2503,250,16267.783432
-273.39194,250,16267.783432
-288.65894,250,16267.783432
-296.97675,250,16270.637298
-334.6384,250,16276.81904
-334.24457,250,16276.823036
-202.8453,250,16276.823036
-282.29178,250,16276.823036
-358.63867,250,16276.824035
-279.44614,250,16276.824035
-263.63907,250,16280.78708
-348.19254,250,16286.854203
-394.4192,250,16286.854203
-385.32285,250,16286.854203
-598.07117,250,16286.854203
-294.42996,250,16286.854203
-257.60742,250,16286.854203
-307.68393,250,16289.69278
-266.27618,250,16295.777674
-249.82303,250,16295.777674
-216.42212,250,16295.777674
-270.8369,250,16295.777674
-307.8842,250,16295.777674
-383.72733,250,16295.777674
-294.3574,250,16298.710717
-535.3343,250,16304.994467
-330.48587,250,16304.994467
-281.14816,250,16304.994467
-290.97598,250,16304.994467
-299.57175,250,16304.994467
-239.95528,250,16304.994467
-206.69994,250,16307.664444
-437.83005,250,16313.783383
-276.25098,250,16313.783383
-301.96735,250,16313.783383
-177.64314,250,16313.783383
-324.15262,250,16313.783383
-329.03683,250,16313.783383
-421.13013,250,16316.467532
-310.7514,250,16324.005389
-276.978,250,16324.005389
-334.425,250,16324.005389
-174.38876,250,16324.005389
-476.08264,250,16324.005389
-442.0525,250,16324.005389
-196.26567,250,16326.691142
-228.76878,250,16333.100327
-401.83658,250,16333.101324
-293.03458,250,16333.101324
-362.2546,250,16333.101324
-370.3083,250,16333.101324
-451.40323,250,16333.101324
-249.6281,250,16335.841835
-314.48914,250,16341.963352
-337.15628,250,16341.963352
-325.40167,250,16341.963352
-145.72694,250,16341.963352
-425.61142,250,16341.963352
-220.1915,250,16341.963352
-220.12444,250,16344.559273
-304.44824,250,16350.660696
-272.90497,250,16350.660696
-307.1876,250,16350.660696
-420.78775,250,16350.660696
-417.96368,250,16350.660696
-270.7021,250,16350.660696
-237.99644,250,16353.230259
-498.71515,250,16360.623653
-443.99188,250,16360.623653
-291.28662,250,16360.623653
-269.48904,250,16360.623653
-353.22037,250,16360.623653
-468.55225,250,16360.623653
-397.95673,250,16363.305768
-325.53253,250,16369.649599
-272.10065,250,16369.649599
-363.2898,250,16369.649599
-402.75473,250,16369.649599
-197.97083,250,16369.649599
-213.39243,250,16369.649599
-384.06442,250,16372.421702
-312.81772,250,16378.515608
-322.51358,250,16378.515608
-385.87915,250,16378.515608
-454.63126,250,16378.515608
-165.96307,250,16378.515608
-422.18524,250,16378.515608
-204.48848,250,16381.277774
-391.28455,250,16387.661221
-266.22388,250,16387.661221
-240.3054,250,16387.661221
-280.07767,250,16387.661221
-247.79659,250,16387.661221
-354.66147,250,16387.661221
-281.27075,250,16390.531281
-287.68512,250,16398.011067
-366.86063,250,16398.011067
-379.87408,250,16398.011067
-596.9213,250,16398.011067
-282.38788,250,16398.012065
-275.3267,250,16398.012065
-274.37488,250,16400.607616
-342.232,250,16406.735379
-359.88953,250,16406.735379
-442.25598,250,16406.735379
-438.5448,250,16406.735379
-158.7221,250,16406.735379
-383.9253,250,16406.735379
-142.61618,250,16409.423704
-418.98352,250,16415.561627
-154.90985,250,16415.562639
-385.96494,250,16415.562639
-276.15082,250,16415.562639
-191.14908,250,16415.562639
-238.28021,250,16415.562639
-447.64252,250,16418.24198
-447.82693,250,16424.40484
-234.66588,250,16424.40484
-408.97186,250,16424.40484
-192.1391,250,16424.40484
-562.47595,250,16424.40484
-269.14352,250,16424.40484
-380.23785,250,16427.037088
-358.02924,250,16434.645555
-508.22885,250,16434.645555
-272.08698,250,16434.645555
-138.16348,250,16434.645555
-282.5748,250,16434.645555
-296.68213,250,16434.645555
-607.1879,250,16437.299572
-227.73131,250,16443.454652
-467.6037,250,16443.454652
-395.39114,250,16443.454652
-304.77808,250,16443.454652
-183.83534,250,16443.454652
-444.92456,250,16443.454652
-391.0073,250,16446.144638
-299.09952,250,16452.356637
-414.634,250,16452.356637
-288.91522,250,16452.356637
-269.1897,250,16452.356637
-327.70667,250,16452.356637
-305.9698,250,16452.356637
-340.3184,250,16455.111035
-259.8414,250,16461.255863
-216.9059,250,16461.255863
-181.42918,250,16461.255863
-469.6292,250,16461.255863
-384.07166,250,16461.255863
-279.09283,250,16461.255863
-326.63016,250,16463.931576
-236.78754,250,16471.330466
-358.40585,250,16471.330466
-186.90485,250,16471.330466
-286.6091,250,16471.330466
-259.36624,250,16471.330466
-191.32767,250,16471.330466
-438.5595,250,16473.973533
-512.976,250,16480.220677
-369.07568,250,16480.220677
-580.97656,250,16480.220677
-238.76619,250,16480.220677
-331.14752,250,16480.220677
-373.4406,250,16480.220677
-412.3593,250,16483.09816
-261.96786,250,16489.438634
-343.91125,250,16489.438634
-214.87175,250,16489.438634
-400.4766,250,16489.438634
-260.49115,250,16489.438634
-397.01898,250,16489.438634
-342.1642,250,16492.087296
-352.0026,250,16498.666828
-470.40097,250,16498.666828
-207.1347,250,16498.666828
-253.91432,250,16498.666828
-475.903,250,16498.666828
-473.01343,250,16498.666828
-318.66196,250,16501.320954
-222.63019,250,16508.748219
-216.23486,250,16508.748219
-317.11783,250,16508.748219
-156.98102,250,16508.748219
-631.2515,250,16508.748219
-232.99908,250,16508.748219
-287.7232,250,16511.614874
-369.44675,250,16517.823957
-399.42413,250,16517.823957
-577.8164,250,16517.823957
-346.39868,250,16517.823957
-274.118,250,16517.823957
-210.55153,250,16517.823957
-345.43024,250,16520.475601
-666.5297,250,16526.582722
-272.55154,250,16526.582722
-250.83382,250,16526.582722
-340.0291,250,16526.582722
-256.79132,250,16526.582722
-400.5046,250,16526.582722
-286.6683,250,16529.184555
-407.22903,250,16535.325067
-196.5802,250,16535.325067
-420.58987,250,16535.325067
-273.2512,250,16535.325067
-354.07535,250,16535.325067
-296.24457,250,16535.325067
-231.93742,250,16538.03211
-292.8717,250,16545.522518
-276.65524,250,16545.522518
-345.20224,250,16545.522518
-364.9954,250,16545.522518
-599.2768,250,16545.522518
-312.49094,250,16545.523519
-574.6709,250,16548.231228
-244.64645,250,16554.350986
-254.86365,250,16554.350986
-255.69957,250,16554.350986
-372.20255,250,16554.350986
-581.9693,250,16554.350986
-506.46475,250,16554.350986
-402.78833,250,16556.969616
-310.0919,250,16563.287391
-413.9711,250,16563.29139
-231.85303,250,16563.29139
-305.98868,250,16563.29139
-518.1445,250,16563.29139
-312.57022,250,16563.29139
-203.85388,250,16565.966249
-336.1817,250,16572.085969
-337.19208,250,16572.085969
-342.92053,250,16572.085969
-426.5125,250,16572.085969
-329.6667,250,16572.085969
-416.4183,250,16572.085969
-393.47964,250,16574.835115
-445.84436,250,16580.929603
-273.51907,250,16580.929603
-113.108795,250,16580.929603
-326.905,250,16580.929603
-339.5248,250,16580.929603
-361.4373,250,16580.929603
-508.3603,250,16584.797208
-303.436,250,16590.817306
-272.29367,250,16590.817306
-258.146,250,16590.817306
-207.57053,250,16590.817306
-284.34174,250,16590.817306
-480.9806,250,16590.817306
-411.28665,250,16593.463863
-264.59625,250,16599.627872
-306.83246,250,16599.627872
-373.3968,250,16599.627872
-233.43422,250,16599.627872
-275.4911,250,16599.627872
-288.15167,250,16599.627872
-359.13443,250,16602.324591
-99.826004,250,16608.212302
-279.37436,250,16608.212302
-524.52637,250,16608.212302
-315.9296,250,16608.212302
-431.61487,250,16608.212302
-297.15536,250,16608.212302
-264.15585,250,16610.903507
-388.00302,250,16616.979111
-339.56866,250,16616.979111
-309.443,250,16616.979111
-363.20212,250,16616.979111
-262.107,250,16616.979111
-217.65608,250,16616.979111
-281.68948,250,16620.810699
-254.85095,250,16626.964054
-230.15552,250,16626.964054
-129.3964,250,16626.964054
-276.79898,250,16626.964054
-472.60748,250,16626.964054
-292.19897,250,16626.964054
-376.0335,250,16629.698044
-471.676,250,16635.723859
-341.5201,250,16635.723859
-288.60928,250,16635.723859
-419.737,250,16635.723859
-306.53058,250,16635.723859
-291.59964,250,16635.723859
-387.39896,250,16638.46821
-512.8898,250,16644.470032
-229.97887,250,16644.470032
-435.10956,250,16644.470032
-353.12088,250,16644.470032
-193.45532,250,16644.470032
-291.34622,250,16644.470032
-172.98793,250,16647.04474
-218.86127,250,16653.017943
-437.74304,250,16653.017943
-289.39218,250,16653.017943
-306.39294,250,16653.017943
-264.8075,250,16653.017943
-340.4596,250,16653.017943
-443.25537,250,16656.936922
-239.2516,250,16663.108455
-309.2727,250,16663.108455
-284.02982,250,16663.108455
-422.85516,250,16663.108455
-322.22,250,16663.108455
-376.8638,250,16663.108455
-453.06406,250,16665.76749
-208.88551,250,16671.753281
-363.8873,250,16671.757272
-220.25558,250,16671.757272
-368.71475,250,16671.757272
-427.69214,250,16671.757272
-280.17053,250,16671.757272
-261.61612,250,16674.371598
-381.3666,250,16680.503165
-358.253,250,16680.503701
-324.0032,250,16680.503701
-363.4938,250,16680.503701
-290.87506,250,16680.503701
-237.00853,250,16680.503701
-438.6749,250,16683.134012
-397.12622,250,16689.239833
-333.11102,250,16689.239833
-442.96793,250,16689.239833
-156.67387,250,16689.239833
-219.964,250,16689.239833
-279.28934,250,16689.239833
-320.3075,250,16692.08861
-423.3881,250,16699.911444
-112.032166,250,16699.911444
-379.07812,250,16699.911444
-500.59937,250,16699.911444
-214.77225,250,16699.911444
-259.3775,250,16699.911444
-261.00626,250,16702.61095
-520.53766,250,16708.616382
-322.23407,250,16708.616382
-297.1058,250,16708.616382
-381.3878,250,16708.616382
-346.95535,250,16708.616382
-178.58192,250,16708.616382
-392.8115,250,16711.365072
-237.09744,250,16717.559123
-324.4491,250,16717.565221
-509.74008,250,16717.565221
-307.21338,250,16717.565221
-312.77872,250,16717.565221
-180.52426,250,16717.565221
-175.06525,250,16720.219391
-345.89276,250,16726.288127
-260.34775,250,16726.288127
-304.59372,250,16726.288127
-344.05005,250,16726.288127
-368.68945,250,16726.288127
-285.47888,250,16726.289147
-377.06915,250,16728.899205
-315.61017,250,16736.312743
-108.60033,250,16736.312743
-265.1169,250,16736.312743
-270.53528,250,16736.312743
-318.93954,250,16736.312743
-242.32704,250,16736.312743
-396.17975,250,16739.065052
-352.68973,250,16745.238557
-278.9174,250,16745.238557
-172.27606,250,16745.238557
-357.12762,250,16745.238557
-261.49216,250,16745.238557
-513.45746,250,16745.238557
-281.61926,250,16747.94295
-628.16486,250,16754.091615
-70.525024,250,16754.091615
-426.18216,250,16754.091615
-354.09787,250,16754.091615
-354.87155,250,16754.091615
-227.42815,250,16754.091615
-385.01382,250,16756.763617
-403.87033,250,16763.073957
-417.37616,250,16763.073957
-426.41724,250,16763.073957
-248.81776,250,16763.073957
-169.53922,250,16763.073957
-188.86964,250,16763.073957
-273.3375,250,16765.716938
-293.0613,250,16773.123668
-278.2866,250,16773.123668
-260.49124,250,16773.123668
-232.16457,250,16773.123668
-279.5941,250,16773.123668
-266.0013,250,16773.123668
-446.94095,250,16775.803811
-402.20306,250,16782.163224
-358.29602,250,16782.163224
-178.57701,250,16782.163224
-206.87512,250,16782.163224
-361.14084,250,16782.163224
-257.01782,250,16782.163224
-274.50464,250,16784.861577
-415.19803,250,16791.039474
-466.57202,250,16791.040493
-351.1413,250,16791.040493
-461.81763,250,16791.040493
-497.87677,250,16791.040493
-298.81924,250,16791.040493
-274.71225,250,16793.658251
-392.74603,250,16799.840649
-156.53404,250,16799.840649
-301.70572,250,16799.840649
-325.16046,250,16799.840649
-299.00726,250,16799.840649
-346.6059,250,16799.840649
-403.43484,250,16802.56912
-271.42947,250,16809.992059
-311.6064,250,16809.992059
-289.1882,250,16809.992059
-350.6415,250,16809.992059
-368.99487,250,16809.992059
-596.8239,250,16809.992059
-261.55783,250,16812.633323
-174.95593,250,16818.684313
-336.4122,250,16818.684313
-617.9801,250,16818.684313
-226.47868,250,16818.685308
-297.84827,250,16818.685308
-310.272,250,16818.685308
-332.557,250,16821.529801
-290.26733,250,16827.739235
-459.92242,250,16827.739235
-449.27228,250,16827.739235
-268.19604,250,16827.739235
-655.06134,250,16827.739235
-208.19078,250,16827.739235
-380.27307,250,16830.502558
-477.46164,250,16836.610168
-439.52643,250,16836.610168
-363.55313,250,16836.610168
-344.51593,250,16836.610168
-368.38202,250,16836.610168
-369.36227,250,16836.610168
-496.26633,250,16839.267623
-627.5856,250,16846.599699
-311.7929,250,16846.600715
-345.4605,250,16846.600715
-237.04982,250,16846.600715
-487.64072,250,16846.600715
-434.8682,250,16846.600715
-400.93408,250,16849.369875
-312.82416,250,16855.491547
-280.6327,250,16855.491547
-171.00798,250,16855.491547
-362.41452,250,16855.491547
-218.82376,250,16855.491547
-324.8069,250,16855.491547
-291.25027,250,16858.207793
-290.57132,250,16864.770634
-481.63782,250,16864.770634
-311.14105,250,16864.770634
-419.17148,250,16864.770634
-292.495,250,16864.770634
-495.58917,250,16864.770634
-214.47066,250,16867.635868
-324.2148,250,16873.944691
-341.47342,250,16873.944691
-346.6134,250,16873.944691
-554.9317,250,16873.944691
-235.86884,250,16873.944691
-388.55905,250,16873.944691
-305.732,250,16876.531265
-288.03354,250,16884.025509
-296.44803,250,16884.025509
-269.83368,250,16884.025509
-489.65128,250,16884.025509
-329.8327,250,16884.025509
-188.48763,250,16884.025509
-486.84607,250,16886.640406
-321.47858,250,16893.058233
-591.12964,250,16893.058233
-343.49686,250,16893.058233
-185.84851,250,16893.058233
-169.462,250,16893.058233
-175.26839,250,16893.058233
-331.79065,250,16895.91124
-292.14963,250,16902.316242
-451.8263,250,16902.316242
-365.0322,250,16902.316242
-193.1172,250,16902.316242
-174.09091,250,16902.316242
-238.72,250,16902.316242
-557.14844,250,16905.209624
-190.36182,250,16911.57006
-304.8672,250,16911.57006
-353.8133,250,16911.57006
-340.96844,250,16911.57006
-189.77528,250,16911.57006
-162.97537,250,16911.57006
-337.60098,250,16914.190782
-334.06516,250,16921.490886
-312.87006,250,16921.490886
-378.40665,250,16921.490886
-356.20877,250,16921.490886
-325.7518,250,16921.490886
-269.97852,250,16921.490886
-339.12067,250,16924.122138
-411.2718,250,16930.451346
-340.306,250,16930.451346
-345.12393,250,16930.451346
-280.9689,250,16930.451346
-295.41272,250,16930.451346
-359.9326,250,16930.451346
-425.8506,250,16933.226905
-283.75687,250,16939.416581
-355.4257,250,16939.416581
-267.0088,250,16939.416581
-300.57098,250,16939.416581
-227.27449,250,16939.416581
-378.45978,250,16939.416581
-186.7673,250,16942.099466
-370.38828,250,16948.127417
-235.84007,250,16948.127417
-361.26352,250,16948.127417
-226.03815,250,16948.127417
-261.05908,250,16948.127417
-227.868,250,16948.127417
-442.52164,250,16950.760243
-210.2469,250,16958.504652
-559.7946,250,16958.504652
-322.77112,250,16958.504652
-320.42813,250,16958.504652
-218.63306,250,16958.504652
-197.8692,250,16958.504652
-466.21365,250,16961.102417
-253.4839,250,16967.189524
-231.35968,250,16967.190529
-295.45923,250,16967.190529
-446.00507,250,16967.190529
-488.5992,250,16967.190529
-310.832,250,16967.190529
-367.41556,250,16969.782574
-168.97302,250,16975.877579
-265.7592,250,16975.877579
-216.60445,250,16975.877579
-381.298,250,16975.877579
-179.81552,250,16975.877579
-393.43918,250,16975.877579
-176.76347,250,16978.491648
-474.44287,250,16984.59319
-262.87204,250,16984.59319
-236.52322,250,16984.59319
-357.37625,250,16984.59319
-233.70093,250,16984.59319
-288.29208,250,16984.59319
-294.35718,250,16987.513444
-350.3951,250,16994.017786
-185.821,250,16994.017786
-398.62354,250,16994.017786
-439.74966,250,16994.017786
-713.99274,250,16994.017786
-303.003,250,16994.017786
-340.45206,250,16998.25362
-549.3737,250,17004.797185
-360.5537,250,17004.797185
-373.99344,250,17004.797185
-257.58075,250,17004.797185
-332.92026,250,17004.797185
-283.12927,250,17004.797185
-391.91946,250,17007.727312
-369.3836,250,17014.192851
-314.79782,250,17014.192851
-174.69644,250,17014.192851
-281.42337,250,17014.192851
-291.58466,250,17014.192851
-367.2259,250,17014.192851
-297.8607,250,17016.909131
-242.2613,250,17023.483595
-160.35237,250,17023.483595
-442.18924,250,17023.483595
-305.29398,250,17023.483595
-230.12462,250,17023.483595
-216.8147,250,17023.483595
-475.23218,250,17026.222294
-194.97737,250,17032.358258
-327.6871,250,17032.358258
-423.42703,250,17032.358258
-287.74286,250,17032.358258
-326.36978,250,17032.358258
-408.02048,250,17032.358258
-285.4156,250,17036.254566
-366.1094,250,17042.437233
-485.20694,250,17042.437233
-288.0641,250,17042.437233
-559.736,250,17042.437233
-206.75874,250,17042.437233
-376.17795,250,17042.437233
-289.878,250,17045.245385
-466.27905,250,17051.995205
-210.22908,250,17051.995205
-279.5453,250,17051.995205
-498.01898,250,17051.995205
-323.15182,250,17051.995205
-282.3219,250,17051.995205
-321.5603,250,17054.981639
-315.92123,250,17061.142226
-240.1462,250,17061.142226
-325.2056,250,17061.143222
-270.35913,250,17061.143222
-319.18457,250,17061.143222
-316.807,250,17061.143222
-443.62448,250,17063.76227
-317.87845,250,17069.93975
-174.32811,250,17069.93975
-493.16165,250,17069.93975
-455.3554,250,17069.93975
-239.2981,250,17069.93975
-209.95802,250,17069.93975
-354.96774,250,17073.815261
-448.21057,250,17080.013165
-300.13098,250,17080.013165
-450.91248,250,17080.013165
-372.16312,250,17080.013165
-263.76495,250,17080.013165
-265.52768,250,17080.013165
-330.52692,250,17082.776247
-496.52042,250,17089.357741
-218.28888,250,17089.357741
-386.20297,250,17089.357741
-298.13245,250,17089.357741
-292.43948,250,17089.357741
-277.83932,250,17089.357741
-211.43182,250,17092.236397
-177.64769,250,17098.699949
-300.77563,250,17098.699949
-397.1841,250,17098.699949
-329.8186,250,17098.699949
-395.10532,250,17098.699949
-314.8472,250,17098.699949
-279.49963,250,17101.479731
-419.52972,250,17107.589813
-142.44919,250,17107.589813
-202.19917,250,17107.589813
-301.49066,250,17107.589813
-360.53958,250,17107.589813
-370.36166,250,17107.589813
-346.39014,250,17110.391854
-276.26355,250,17117.869016
-391.39636,250,17117.869999
-361.79227,250,17117.869999
-295.3183,250,17117.869999
-381.9089,250,17117.869999
-291.9621,250,17117.869999
-250.09862,250,17120.543965
-631.9998,250,17126.702688
-371.126,250,17126.702688
-292.61572,250,17126.702688
-240.63881,250,17126.702688
-561.5632,250,17126.702688
-346.4593,250,17126.702688
-197.61646,250,17129.366565
-295.47278,250,17135.34356
-281.66147,250,17135.34356
-428.28775,250,17135.34356
-443.74826,250,17135.34356
-350.86533,250,17135.34356
-247.62837,250,17135.34356
-160.99234,250,17138.140915
-330.86505,250,17144.378928
-252.7887,250,17144.378928
-427.57486,250,17144.378928
-346.1244,250,17144.379932
-153.19557,250,17144.379932
-352.4674,250,17144.379932
-331.75928,250,17147.042742
-181.01775,250,17154.521975
-269.3062,250,17154.521975
-332.02185,250,17154.521975
-241.9299,250,17154.521975
-397.98187,250,17154.521975
-202.87878,250,17154.521975
-133.21227,250,17157.20577
-370.28006,250,17163.433902
-387.50357,250,17163.433902
-246.16101,250,17163.433902
-503.77283,250,17163.433902
-414.60666,250,17163.433902
-412.75345,250,17163.433902
-274.64835,250,17166.289348
-373.39774,250,17172.311309
-272.4123,250,17172.311309
-278.33823,250,17172.311309
-222.51855,250,17172.311309
-339.78323,250,17172.311309
-224.68884,250,17172.311309
-198.29028,250,17175.018682
-316.3937,250,17181.250411
-364.88107,250,17181.250411
-425.71106,250,17181.250411
-279.34247,250,17181.250411
-262.45206,250,17181.250411
-213.57642,250,17181.250411
-231.62895,250,17183.863309
-276.30576,250,17191.250834
-289.83264,250,17191.250834
-314.7749,250,17191.250834
-744.6147,250,17191.250834
-238.10371,250,17191.250834
-413.08118,250,17191.250834
-244.39258,250,17193.856898
-297.87747,250,17200.132233
-348.88602,250,17200.132233
-298.39978,250,17200.132233
-104.48413,250,17200.132233
-304.97906,250,17200.132233
-479.6409,250,17200.132233
-289.436,250,17202.8523
-193.0247,250,17209.008299
-331.64386,250,17209.008299
-342.98892,250,17209.008299
-162.75117,250,17209.008299
-313.03317,250,17209.008299
-176.17485,250,17209.008299
-234.0057,250,17211.695236
-301.7644,250,17217.784326
-255.54713,250,17217.784326
-327.20062,250,17217.784326
-370.5516,250,17217.784326
-419.9753,250,17217.784326
-359.39957,250,17217.784326
-177.25797,250,17220.830637
-127.613914,250,17228.550253
-264.4597,250,17228.550253
-446.80142,250,17228.550253
-375.3561,250,17228.550253
-428.05658,250,17228.550253
-302.02582,250,17228.550253
-372.16635,250,17231.354204
-264.5193,250,17237.435306
-394.80777,250,17237.435306
-272.94257,250,17237.435306
-196.14806,250,17237.435306
-397.56766,250,17237.435306
-422.5388,250,17237.435306
-315.71466,250,17240.098065
-339.2278,250,17246.350094
-361.37582,250,17246.350094
-340.0912,250,17246.350094
-387.04147,250,17246.350094
-237.38242,250,17246.350094
-362.2438,250,17246.350094
-384.25873,250,17248.995859
-560.50726,250,17255.150428
-321.3224,250,17255.150428
-172.48964,250,17255.150428
-352.70456,250,17255.150428
-248.13318,250,17255.150428
-325.3622,250,17255.150428
-226.41164,250,17257.859379
-361.12238,250,17265.24987
-438.66876,250,17265.24987
-343.00214,250,17265.24987
-477.63696,250,17265.24987
-324.56616,250,17265.24987
-335.79205,250,17265.24987
-291.8986,250,17268.008497
-288.33417,250,17274.164202
-320.1066,250,17274.164202
-131.78415,250,17274.164202
-276.0708,250,17274.164202
-268.72137,250,17274.164202
-474.92746,250,17274.164202
-303.56427,250,17276.888358
-349.14136,250,17283.084918
-231.72823,250,17283.085937
-324.29907,250,17283.085937
-333.74884,250,17283.085937
-290.6986,250,17283.085937
-225.45909,250,17283.085937
-451.06403,250,17285.848949
-397.76498,250,17292.105359
-209.04489,250,17292.105359
-400.52133,250,17292.105359
-581.88135,250,17292.105359
-199.7347,250,17292.105359
-248.70685,250,17292.105359
-573.7694,250,17294.750577
-229.72134,250,17302.244099
-419.89166,250,17302.244099
-218.02153,250,17302.244099
-202.60374,250,17302.244099
-214.87619,250,17302.244099
-257.71378,250,17302.244099
-362.8039,250,17304.956163
-287.78366,250,17311.088657
-350.70117,250,17311.088657
-417.21204,250,17311.088657
-295.38553,250,17311.088657
-273.83975,250,17311.088657
-416.3177,250,17311.088657
-177.60532,250,17313.820347
-350.91202,250,17319.905706
-335.06754,250,17319.905706
-325.8989,250,17319.905706
-135.13457,250,17319.905706
-190.10553,250,17319.905706
-277.3469,250,17319.905706
-276.31644,250,17322.667895
-513.8495,250,17329.098318
-240.14217,250,17329.098318
-302.1665,250,17329.098318
-318.65134,250,17329.098318
-222.1153,250,17329.098318
-349.91098,250,17329.098318
-363.10037,250,17331.744297
-595.26825,250,17339.133096
-181.87946,250,17339.134645
-521.62933,250,17339.134645
-470.1336,250,17339.134645
-562.0995,250,17339.134645
-542.4895,250,17339.134645
-586.97546,250,17341.849307
-430.10767,250,17347.957133
-384.32474,250,17347.957133
-303.63986,250,17347.957133
-310.9726,250,17347.957133
-385.22092,250,17347.957133
-248.34581,250,17347.957133
-219.49947,250,17350.785338
-296.1721,250,17357.025966
-297.8211,250,17357.025966
-229.64397,250,17357.025966
-359.45126,250,17357.025966
-375.87192,250,17357.025966
-327.41455,250,17357.025966
-220.33192,250,17359.684932
-539.84735,250,17365.865706
-339.35803,250,17365.865706
-278.3484,250,17365.865706
-326.25708,250,17365.865706
-317.12823,250,17365.865706
-333.2767,250,17365.865706
-278.17776,250,17368.567606
-232.49992,250,17374.73331
-302.97427,250,17374.73331
-260.52603,250,17374.73331
-337.0147,250,17374.73331
-337.0421,250,17374.73331
-182.75531,250,17374.73331
-234.64833,250,17378.817911
-413.15192,250,17385.086295
-203.70415,250,17385.086295
-335.33444,250,17385.086295
-266.05197,250,17385.086295
-177.56757,250,17385.086295
-207.19548,250,17385.086295
-313.8614,250,17387.783142
-167.86476,250,17393.792354
-261.02188,250,17393.792354
-210.8602,250,17393.79338
-362.8,250,17393.79338
-521.19385,250,17393.79338
-356.2244,250,17393.79338
-372.31232,250,17396.57691
-308.8486,250,17402.917175
-215.30316,250,17402.917175
-75.47882,250,17402.917175
-632.33685,250,17402.917175
-460.85242,250,17402.917175
-252.63434,250,17402.917175
-282.90735,250,17405.638945
-274.28796,250,17411.866232
-352.11865,250,17411.866232
-445.5076,250,17411.866232
-320.51627,250,17411.866232
-285.4614,250,17411.866232
-402.73856,250,17411.866232
-293.7395,250,17415.824531
-176.81416,250,17421.996356
-266.68842,250,17421.996356
-371.5519,250,17421.996356
-489.58987,250,17421.997377
-345.9398,250,17421.997377
-174.15791,250,17421.997377
-462.90167,250,17424.754666
-350.2276,250,17430.802673
-268.53793,250,17430.802673
-305.11957,250,17430.802673
-375.55783,250,17430.802673
-280.32614,250,17430.802673
-173.36629,250,17430.802673
-224.9935,250,17433.436794
-459.49484,250,17439.868654
-465.88614,250,17439.868654
-485.82547,250,17439.868654
-333.36707,250,17439.868654
-481.85254,250,17439.869715
-236.72438,250,17439.869715
-345.04507,250,17442.488209
-273.50613,250,17448.587045
-395.43445,250,17448.587045
-413.04587,250,17448.587045
-238.28761,250,17448.587045
-299.23486,250,17448.587045
-239.98518,250,17448.587045
-356.39117,250,17452.6078
-310.96606,250,17458.723974
-390.1746,250,17458.723974
-365.45746,250,17458.723974
-131.13303,250,17458.723974
-452.289,250,17458.723974
-310.96396,250,17458.723974
-299.62973,250,17461.501731
-340.16095,250,17467.705737
-322.2325,250,17467.705737
-311.56454,250,17467.705737
-276.98303,250,17467.705737
-342.41235,250,17467.705737
-356.59283,250,17467.705737
-386.02716,250,17470.386315
-663.7389,250,17476.566475
-327.67847,250,17476.566475
-345.02673,250,17476.566475
-273.95953,250,17476.566475
-279.6936,250,17476.566475
-320.30447,250,17476.566475
-208.25943,250,17479.197696
-407.58282,250,17485.561614
-206.30243,250,17485.561614
-364.5794,250,17485.561614
-200.00735,250,17485.561614
-300.8962,250,17485.561614
-258.5803,250,17485.561614
-244.01648,250,17488.198398
-466.14285,250,17495.576856
-312.70935,250,17495.576856
-276.74753,250,17495.576856
-292.39603,250,17495.576856
-299.4636,250,17495.576856
-239.51147,250,17495.576856
-159.97559,250,17498.25808
-394.8232,250,17504.401477
-361.94882,250,17504.401477
-257.84103,250,17504.401477
-522.47485,250,17504.401477
-275.2777,250,17504.401477
-314.99173,250,17504.401477
-299.5324,250,17507.162198
-184.18828,250,17513.172569
-385.1027,250,17513.172569
-205.04367,250,17513.172569
-300.05972,250,17513.172569
-466.5149,250,17513.172569
-411.78052,250,17513.172569
-252.7237,250,17515.897708
-333.89313,250,17522.039129
-483.09143,250,17522.039129
-371.33887,250,17522.039129
-401.75916,250,17522.039129
-123.532715,250,17522.039129
-264.801,250,17522.039129
-418.76862,250,17524.697582
-129.5065,250,17532.079911
-290.84927,250,17532.079911
-404.76672,250,17532.079911
-255.07333,250,17532.079911
-417.34366,250,17532.079911
-295.7977,250,17532.079911
-574.703,250,17534.753425
-328.6681,250,17540.918057
-298.83224,250,17540.918057
-125.88685,250,17540.918057
-431.6264,250,17540.918057
-569.5902,250,17540.918057
-262.77612,250,17540.918057
-335.9896,250,17543.632052
-263.57977,250,17549.995079
-113.6733,250,17549.995079
-502.632,250,17549.995079
-207.67787,250,17549.995079
-270.0751,250,17549.995079
-333.66348,250,17549.995079
-228.82104,250,17552.628594
-346.5571,250,17558.859494
-278.4824,250,17558.859494
-328.04248,250,17558.859494
-308.48685,250,17558.859494
-328.37943,250,17558.859494
-375.01224,250,17558.859494
-251.97438,250,17561.451721
-370.2929,250,17568.902293
-302.33084,250,17568.902293
-376.58365,250,17568.902293
-199.13075,250,17568.902293
-428.98016,250,17568.902293
-355.15063,250,17568.902293
-403.4835,250,17571.522597
-412.51035,250,17577.64935
-331.30908,250,17577.64935
-222.52357,250,17577.64935
-278.32965,250,17577.64935
-187.30844,250,17577.64935
-148.97676,250,17577.64935
-136.91185,250,17580.406407
-276.42612,250,17586.376315
-385.24814,250,17586.376315
-345.1767,250,17586.376315
-228.42981,250,17586.376315
-323.21667,250,17586.376315
-309.28348,250,17586.376315
-234.3414,250,17589.153767
-241.42963,250,17595.726396
-227.336,250,17595.726396
-343.056,250,17595.726396
-337.2441,250,17595.726396
-276.79285,250,17595.726396
-311.2352,250,17595.726396
-311.97382,250,17598.745677
-101.79916,250,17606.202858
-311.79196,250,17606.202858
-282.66156,250,17606.202858
-340.89313,250,17606.202858
-288.58627,250,17606.202858
-217.3531,250,17606.202858
-294.37646,250,17608.998956
-365.22073,250,17615.252927
-347.11932,250,17615.252927
-223.54749,250,17615.252927
-344.8524,250,17615.252927
-337.0073,250,17615.252927
-292.37448,250,17615.252927
-436.97598,250,17618.135288
-212.04384,250,17624.343455
-322.25385,250,17624.343455
-256.5657,250,17624.344479
-343.66705,250,17624.344479
-435.50446,250,17624.344479
-254.54353,250,17624.344479
-185.86111,250,17626.977964
-229.11307,250,17633.067146
-271.6369,250,17633.067146
-355.70828,250,17633.067146
-380.70154,250,17633.067146
-305.36285,250,17633.067146
-347.1457,250,17633.067146
-427.50153,250,17635.719861
-198.81229,250,17643.139431
-461.62177,250,17643.140446
-374.11935,250,17643.140446
-243.58087,250,17643.140446
-277.8392,250,17643.140446
-583.83105,250,17643.140446
-233.65742,250,17645.966059
-459.4063,250,17652.227695
-305.72168,250,17652.227695
-198.32956,250,17652.227695
-380.06226,250,17652.227695
-568.7235,250,17652.227695
-319.2908,250,17652.227695
-249.96399,250,17654.817966
-154.45277,250,17661.014803
-415.9277,250,17661.014803
-86.723175,250,17661.014803
-424.9165,250,17661.014803
-347.01727,250,17661.014803
-332.47452,250,17661.014803
-246.59233,250,17663.66075
-238.52477,250,17669.897969
-249.82985,250,17669.898969
-347.25217,250,17669.898969
-325.03918,250,17669.898969
-427.1632,250,17669.898969
-348.22787,250,17669.898969
-333.46423,250,17672.559616
-190.41357,250,17680.357742
-374.73523,250,17680.357742
-207.91512,250,17680.357742
-211.7458,250,17680.357742
-318.6743,250,17680.357742
-333.31796,250,17680.357742
-382.53632,250,17683.122382
-320.80075,250,17689.539003
-431.34525,250,17689.539003
-245.79597,250,17689.539003
-455.72977,250,17689.539003
-361.4032,250,17689.539003
-158.2551,250,17689.540003
-390.05573,250,17692.270083
-350.4705,250,17698.411246
-347.26718,250,17698.412338
-297.52957,250,17698.412338
-189.53586,250,17698.412338
-280.76584,250,17698.412338
-331.74518,250,17698.412338
-241.6391,250,17701.033585
-212.26202,250,17707.198771
-232.32765,250,17707.199685
-391.21796,250,17707.199685
-157.12947,250,17707.199685
-230.13095,250,17707.199685
-384.44498,250,17707.199685
-214.2634,250,17709.968662
-342.0789,250,17717.623998
-384.61105,250,17717.624612
-373.72647,250,17717.624612
-169.84265,250,17717.624612
-429.2263,250,17717.624612
-336.0794,250,17717.624612
-269.07986,250,17720.284342
-363.5881,250,17726.273048
-344.31766,250,17726.273048
-441.40256,250,17726.273048
-302.9177,250,17726.273048
-263.80875,250,17726.273048
-323.63562,250,17726.273048
-276.86768,250,17729.014847
-492.37238,250,17735.040892
-366.74774,250,17735.040892
-301.8109,250,17735.040892
-260.15018,250,17735.040892
-213.3284,250,17735.040892
-243.65369,250,17735.040892
-131.90147,250,17737.792969
-260.57306,250,17744.039066
-295.89365,250,17744.039066
-318.34445,250,17744.039066
-359.56915,250,17744.039066
-623.1289,250,17744.039066
-500.25946,250,17744.039066
-332.30154,250,17746.789036
-485.5707,250,17754.437053
-396.55725,250,17754.437053
-266.5543,250,17754.437053
-383.78275,250,17754.437053
-415.62723,250,17754.437053
-233.75267,250,17754.437053
-337.37616,250,17756.921705
-265.14078,250,17763.022291
-306.05313,250,17763.022291
-306.69357,250,17763.022291
-732.7973,250,17763.022291
-309.3268,250,17763.022291
-395.2592,250,17763.022291
-352.33572,250,17765.819268
-549.3495,250,17772.39794
-296.1791,250,17772.39794
-283.49948,250,17772.39794
-261.59842,250,17772.39794
-599.90027,250,17772.39794
-403.16928,250,17772.39794
-273.2911,250,17775.311539
-459.74734,250,17781.643317
-202.47607,250,17781.643317
-115.93606,250,17781.643317
-217.86325,250,17781.643317
-464.73117,250,17781.643317
-200.12488,250,17781.643317
-330.1474,250,17784.345945
-365.18832,250,17790.545893
-432.82083,250,17790.545893
-320.86554,250,17790.545893
-585.3145,250,17790.545893
-368.2343,250,17790.545893
-399.94,250,17790.545893
-513.23,250,17794.470885
-311.41022,250,17800.858191
-404.3826,250,17800.858191
-275.90982,250,17800.858191
-383.34482,250,17800.858191
-279.5168,250,17800.858191
-217.16028,250,17800.858191
-281.3271,250,17803.657018
-286.57056,250,17809.731132
-250.46342,250,17809.731132
-390.529,250,17809.731132
-294.4755,250,17809.731132
-259.07822,250,17809.731132
-398.11127,250,17809.731132
-223.96248,250,17812.596482
-257.2755,250,17818.665104
-551.03925,250,17818.665104
-174.10722,250,17818.665104
-260.11295,250,17818.665104
-272.1312,250,17818.665104
-250.53687,250,17818.665104
-388.82602,250,17821.291147
-230.23383,250,17827.460711
-299.34982,250,17827.460711
-334.93253,250,17827.460711
-416.59317,250,17827.460711
-63.458424,250,17827.460711
-564.0215,250,17827.460711
-327.96704,250,17831.442091
-230.92772,250,17837.491116
-365.1784,250,17837.491116
-314.77048,250,17837.491116
-435.48145,250,17837.491116
-165.53773,250,17837.491116
-250.71434,250,17837.491116
-562.9855,250,17840.253214
-252.32846,250,17846.333255
-359.90024,250,17846.333255
-480.85895,250,17846.33426
-261.28333,250,17846.33426
-425.78534,250,17846.33426
-198.90596,250,17846.33426
-377.40765,250,17849.040493
-215.02995,250,17855.107049
-287.0622,250,17855.112067
-261.86145,250,17855.112067
-246.75485,250,17855.112067
-226.57008,250,17855.112067
-549.27655,250,17855.112067
-500.48743,250,17858.366212
-333.28445,250,17864.982484
-372.84558,250,17864.982484
-493.49594,250,17864.982484
-358.86832,250,17864.982484
-383.1959,250,17864.982484
-241.5532,250,17864.982484
-453.4685,250,17868.986853
-448.3116,250,17874.935914
-356.00476,250,17874.935914
-278.09634,250,17874.935914
-426.33768,250,17874.935914
-162.97354,250,17874.935914
-164.56802,250,17874.936486
-507.79028,250,17877.826467
-566.192,250,17883.981916
-341.93082,250,17883.981916
-278.6749,250,17883.981916
-267.644,250,17883.981916
-115.089935,250,17883.981916
-253.90698,250,17883.981916
-222.48155,250,17886.649621
-328.9152,250,17893.83336
-350.38376,250,17893.83336
-268.9798,250,17893.83336
-367.95303,250,17893.83336
-294.03702,250,17893.83336
-324.9892,250,17893.83336
-277.6275,250,17896.956573
-333.39728,250,17903.740055
-273.30838,250,17903.740055
-334.9753,250,17903.740055
-267.69678,250,17903.740055
-251.6572,250,17903.740055
-291.49985,250,17903.740055
-292.5472,250,17906.521629
-343.7939,250,17914.004994
-425.50922,250,17914.004994
-440.21304,250,17914.004994
-372.18732,250,17914.004994
-400.08835,250,17914.004994
-345.24738,250,17914.004994
-217.31094,250,17916.646152
-295.52603,250,17922.924039
-297.97153,250,17922.924039
-262.26202,250,17922.924039
-190.81029,250,17922.924039
-197.41557,250,17922.924039
-386.58447,250,17922.924039
-214.44005,250,17925.56547
-341.9312,250,17931.91963
-305.7604,250,17931.92065
-352.79224,250,17931.92065
-245.16405,250,17931.92065
-378.3383,250,17931.92065
-307.5678,250,17931.92065
-330.9138,250,17934.588238
-536.8808,250,17940.656218
-349.09882,250,17940.656218
-316.0333,250,17940.656218
-140.68144,250,17940.656218
-191.39883,250,17940.656218
-318.85187,250,17940.656218
-388.10132,250,17943.414352
-364.34625,250,17950.947569
-557.72284,250,17950.951559
-303.14642,250,17950.951559
-343.43726,250,17950.951559
-315.09467,250,17950.951559
-368.7868,250,17950.951559
-259.61658,250,17953.709988
-328.22754,250,17959.876786
-558.5332,250,17959.876786
-288.41092,250,17959.876786
-463.3923,250,17959.876786
-356.45645,250,17959.876786
-299.7039,250,17959.876786
-361.24496,250,17962.573965
-376.72784,250,17968.696139
-323.5452,250,17968.696139
-394.8614,250,17968.696139
-284.1737,250,17968.696139
-338.8071,250,17968.696139
-210.636,250,17968.696139
-236.14226,250,17971.338658
-338.34787,250,17977.545082
-360.49768,250,17977.545082
-344.3683,250,17977.545082
-505.43408,250,17977.545082
-405.59558,250,17977.545082
-444.3467,250,17977.545082
-416.19867,250,17980.29611
-449.72385,250,17987.883484
-265.6182,250,17987.883484
-373.56766,250,17987.883484
-182.0909,250,17987.883484
-357.34006,250,17987.883484
-291.16776,250,17987.883484
-330.7318,250,17990.765548
-413.96597,250,17996.895143
-205.66943,250,17996.896558
-273.75296,250,17996.896558
-210.86581,250,17996.896558
-294.06543,250,17996.896558
-336.29745,250,17996.896558
-620.7095,250,17999.586175
-348.08978,250,18006.127802
-249.81584,250,18006.128311
-370.43384,250,18006.128311
-246.0671,250,18006.128311
-338.96826,250,18006.128311
-337.10995,250,18006.128311
-228.04968,250,18008.91679
-249.33357,250,18015.192311
-429.0969,250,18015.192311
-241.96898,250,18015.192311
-369.08023,250,18015.192311
-344.18433,250,18015.192311
-137.76941,250,18015.193313
-404.354,250,18017.953773
-236.10327,250,18025.359383
-644.3734,250,18025.360406
-199.94159,250,18025.360406
-225.44566,250,18025.360406
-393.2815,250,18025.360406
-483.2556,250,18025.360406
-293.63568,250,18028.041499
-379.19724,250,18034.148406
-353.12585,250,18034.148406
-441.1774,250,18034.148406
-398.53485,250,18034.148406
-486.2683,250,18034.148406
-384.3939,250,18034.148406
-388.79544,250,18036.817958
-557.1594,250,18043.031378
-328.94144,250,18043.031378
-267.17908,250,18043.031378
-334.20184,250,18043.031378
-153.65947,250,18043.031378
-359.60822,250,18043.031378
-245.07362,250,18045.682707
-758.49133,250,18051.829661
-462.73172,250,18051.829661
-269.15686,250,18051.829661
-359.76926,250,18051.829661
-276.25363,250,18051.829661
-482.6916,250,18051.829661
-319.93256,250,18054.484183
-356.69763,250,18061.937146
-256.4733,250,18061.937146
-379.9053,250,18061.937146
-364.9937,250,18061.937146
-263.77454,250,18061.937146
-286.84055,250,18061.938144
-233.83704,250,18064.659242
-191.35724,250,18070.865679
-319.8425,250,18070.865679
-374.25064,250,18070.865679
-129.03651,250,18070.865679
-317.24057,250,18070.865679
-299.38342,250,18070.865679
-356.4365,250,18073.57285
-391.5125,250,18079.994092
-352.15286,250,18079.994092
-611.42053,250,18079.994092
-319.37466,250,18079.994092
-333.46637,250,18079.994092
-163.06944,250,18079.994092
-227.3152,250,18082.625609
-413.53085,250,18088.752716
-299.24966,250,18088.752716
-241.5735,250,18088.752716
-322.3758,250,18088.752716
-254.50914,250,18088.752716
-371.6302,250,18088.752716
-207.90225,250,18091.572984
-307.5076,250,18098.888459
-269.69672,250,18098.888459
-455.86447,250,18098.888459
-312.38528,250,18098.888459
-625.25116,250,18098.888459
-375.4758,250,18098.888459
-322.90546,250,18101.544213
-364.0486,250,18107.800586
-314.2256,250,18107.800586
-203.37302,250,18107.800586
-326.44165,250,18107.801584
-160.94641,250,18107.801584
-518.23114,250,18107.801584
-370.07358,250,18110.477085
-493.57263,250,18116.573626
-251.0483,250,18116.573626
-540.9459,250,18116.573626
-407.2082,250,18116.573626
-503.3783,250,18116.573626
-310.01456,250,18116.573626
-178.50664,250,18119.347199
-280.0706,250,18125.504002
-450.25754,250,18125.504002
-545.8955,250,18125.504002
-605.20496,250,18125.504002
-375.9645,250,18125.504002
-146.73648,250,18125.504002
-267.1208,250,18128.175795
-58.13418,250,18135.61566
-349.77548,250,18135.61566
-294.22778,250,18135.61566
-253.69373,250,18135.61566
-222.74695,250,18135.61566
-309.102,250,18135.61566
-409.7824,250,18138.278514
-312.32773,250,18144.645403
-416.94757,250,18144.645403
-322.58975,250,18144.645403
-250.17639,250,18144.645403
-474.32645,250,18144.645403
-230.87881,250,18144.645403
-440.02588,250,18147.430996
-256.45206,250,18153.471953
-383.9921,250,18153.471953
-263.44162,250,18153.471953
-387.30594,250,18153.471953
-430.42285,250,18153.472956
-599.4896,250,18153.472956
-209.91975,250,18156.226653
-423.2083,250,18162.41474
-259.61945,250,18162.415749
-188.13638,250,18162.415749
-272.10434,250,18162.415749
-334.887,250,18162.415749
-313.76474,250,18162.415749
-374.42728,250,18165.149414
-211.20415,250,18171.317548
-581.89594,250,18171.317548
-512.07404,250,18171.317548
-444.18942,250,18171.317548
-253.41983,250,18171.317548
-201.45833,250,18171.317548
-278.35016,250,18175.148093
-358.83502,250,18181.204111
-354.15277,250,18181.204111
-343.94693,250,18181.204111
-200.98454,250,18181.204111
-418.18097,250,18181.204111
-291.95248,250,18181.204111
-303.07428,250,18183.943917
-159.75757,250,18190.061484
-137.03996,250,18190.061484
-528.18835,250,18190.061484
-203.72678,250,18190.061484
-344.9392,250,18190.061484
-419.48578,250,18190.061484
-426.86075,250,18192.725575
-312.88077,250,18198.842278
-545.54926,250,18198.842278
-252.00183,250,18198.842278
-392.72208,250,18198.842278
-296.05954,250,18198.842278
-316.71283,250,18198.842278
-302.33786,250,18201.522916
-381.61786,250,18207.79363
-182.70099,250,18207.79363
-303.54138,250,18207.79363
-295.69058,250,18207.79363
-270.04086,250,18207.79363
-278.8178,250,18207.79363
-317.32584,250,18211.900741
-293.37466,250,18218.047429
-85.576965,250,18218.047429
-417.8354,250,18218.047429
-327.74805,250,18218.047429
-320.61206,250,18218.047429
-605.3133,250,18218.047429
-274.47284,250,18220.673171
-235.59396,250,18226.84789
-636.2133,250,18226.84789
-483.57565,250,18226.84789
-95.74766,250,18226.84789
-446.13464,250,18226.84789
-207.90746,250,18226.84789
-538.22,250,18229.518314
-315.01932,250,18235.681813
-123.7265,250,18235.681813
-238.7963,250,18235.681813
-245.88751,250,18235.681813
-286.66177,250,18235.681813
-287.4282,250,18235.681813
-217.64145,250,18238.445121
-294.7389,250,18244.624355
-181.1171,250,18244.624355
-484.9394,250,18244.624355
-312.2548,250,18244.624355
-339.79202,250,18244.624355
-292.6571,250,18244.624355
-289.27298,250,18248.561707
-265.56186,250,18254.748514
-323.45953,250,18254.748514
-280.61945,250,18254.748514
-303.05997,250,18254.749525
-194.58275,250,18254.749525
-227.47609,250,18254.749525
-237.28784,250,18257.397583
-253.59706,250,18263.669127
-251.45738,250,18263.669127
-511.96445,250,18263.669127
-248.30829,250,18263.669127
-327.67786,250,18263.669127
-322.39316,250,18263.669127
-478.29065,250,18266.369262
-315.07227,250,18272.649804
-322.16098,250,18272.649804
-303.91898,250,18272.649804
-512.20984,250,18272.649804
-605.33185,250,18272.649804
-248.36777,250,18272.649804
-477.27277,250,18275.367613
-508.77435,250,18281.487685
-202.15022,250,18281.487685
-162.32146,250,18281.487685
-634.01935,250,18281.487685
-270.17734,250,18281.487685
-381.32928,250,18281.487685
-215.94829,250,18284.163837
-239.15771,250,18291.902796
-249.57817,250,18291.902796
-355.8062,250,18291.902796
-217.94765,250,18291.902796
-224.53287,250,18291.902796
-304.0457,250,18291.902796
-339.83124,250,18294.496628
-249.35228,250,18300.851895
-388.59564,250,18300.851895
-474.30695,250,18300.851895
-207.0925,250,18300.851895
-502.42783,250,18300.851895
-468.2179,250,18300.851895
-384.33777,250,18303.459288
-414.76196,250,18309.811903
-147.29391,250,18309.811903
-387.62967,250,18309.811903
-174.38454,250,18309.811903
-468.67566,250,18309.811903
-196.61472,250,18309.811903
-389.19717,250,18312.585233
-467.16055,250,18318.719756
-357.55176,250,18318.719756
-261.412,250,18318.719756
-387.2747,250,18318.719756
-274.1354,250,18318.719756
-546.27716,250,18318.719756
-323.70728,250,18321.352675
-257.44327,250,18328.797786
-353.74902,250,18328.798778
-364.01047,250,18328.798778
-422.65082,250,18328.798778
-517.09717,250,18328.798778
-517.5158,250,18328.798778
-396.68604,250,18331.442628
-336.17117,250,18337.570547
-164.58327,250,18337.570547
-534.4479,250,18337.570547
-346.75336,250,18337.570547
-336.36496,250,18337.570547
-450.92905,250,18337.570547
-285.62054,250,18340.378911
-210.96138,250,18346.550442
-235.42578,250,18346.550442
-270.69733,250,18346.550442
-651.5189,250,18346.550442
-366.74393,250,18346.550442
-380.4741,250,18346.550442
-165.76239,250,18349.211945
-212.80768,250,18355.412139
-349.54248,250,18355.412139
-221.06737,250,18355.412139
-427.60178,250,18355.412139
-307.4725,250,18355.412139
-249.62862,250,18355.412139
-277.17975,250,18358.178638
-357.11737,250,18365.58515
-212.74031,250,18365.58515
-292.83713,250,18365.58515
-311.05966,250,18365.58515
-304.00372,250,18365.58515
-582.261,250,18365.58515
-230.49254,250,18368.254226
-383.21832,250,18374.345394
-429.97842,250,18374.345394
-714.731,250,18374.345394
-432.1827,250,18374.345394
-467.04315,250,18374.345394
-261.21933,250,18374.345394
-323.63907,250,18377.00082
-352.54544,250,18383.181518
-261.1095,250,18383.181518
-291.76535,250,18383.181518
-302.27798,250,18383.181518
-321.2033,250,18383.181518
-275.57578,250,18383.181518
-227.2286,250,18385.827344
-257.24933,250,18391.909787
-461.87973,250,18391.909787
-558.7657,250,18391.909787
-529.5204,250,18391.909787
-428.6103,250,18391.909787
-274.9583,250,18391.909787
-315.1727,250,18394.556536
-331.93393,250,18401.90791
-224.9844,250,18401.90791
-250.05838,250,18401.90791
-398.6241,250,18401.90791
-276.43326,250,18401.90791
-211.73473,250,18401.90791
-336.5116,250,18404.749535
-363.56686,250,18410.927313
-279.24423,250,18410.927313
-314.57712,250,18410.927313
-384.27145,250,18410.927313
-181.83397,250,18410.927313
-273.05292,250,18410.927313
-380.28677,250,18413.528898
-342.11456,250,18419.689089
-144.2542,250,18419.689089
-303.46887,250,18419.689089
-655.03,250,18419.689089
-155.67761,250,18419.690367
-246.3532,250,18419.690367
-646.84564,250,18422.333384
-403.38025,250,18428.51272
-373.7942,250,18428.51272
-290.20346,250,18428.51272
-517.1357,250,18428.51272
-400.72964,250,18428.51272
-317.0552,250,18428.51272
-279.2235,250,18431.248506
-305.78625,250,18438.712883
-227.46231,250,18438.712883
-303.6119,250,18438.712883
-435.55197,250,18438.712883
-295.78952,250,18438.712883
-212.6895,250,18438.712883
-329.9137,250,18441.374224
-415.62436,250,18447.579946
-459.1169,250,18447.579946
-271.53973,250,18447.579946
-414.28607,250,18447.579946
-227.60321,250,18447.579946
-355.50357,250,18447.579946
-232.11972,250,18450.155921
-343.7919,250,18456.201728
-411.4506,250,18456.201728
-340.19382,250,18456.201728
-243.703,250,18456.201728
-619.60376,250,18456.201728
-327.74808,250,18456.201728
-343.24353,250,18458.940066
-325.88782,250,18464.995899
-253.79082,250,18464.995899
-338.36133,250,18464.995899
-173.09268,250,18464.995899
-224.1668,250,18464.995899
-265.95416,250,18464.995899
-449.24133,250,18467.720728
-329.79523,250,18475.38387
-358.0814,250,18475.38387
-295.69717,250,18475.38387
-219.63452,250,18475.38387
-443.8946,250,18475.38387
-381.94775,250,18475.38387
-341.35822,250,18477.993373
-288.60458,250,18484.107701
-250.57883,250,18484.107701
-362.7132,250,18484.107701
-215.29156,250,18484.107701
-532.69403,250,18484.107701
-264.08994,250,18484.107701
-371.3275,250,18486.727584
-329.38992,250,18493.725901
-242.18259,250,18493.725901
-369.09116,250,18493.725901
-286.74344,250,18493.725901
-276.60678,250,18493.725901
-284.08548,250,18493.725901
-456.63742,250,18496.952902
-489.4249,250,18503.482906
-272.39133,250,18503.482906
-296.50647,250,18503.482906
-334.25443,250,18503.482906
-533.4406,250,18503.482906
-271.80402,250,18503.482906
-148.38733,250,18506.147167
-619.3806,250,18513.535571
-577.00616,250,18513.535571
-221.90768,250,18513.535571
-248.53523,250,18513.535571
-232.69771,250,18513.535571
-197.75061,250,18513.535571
-353.9719,250,18516.148829
-197.3179,250,18522.211185
-344.58133,250,18522.211185
-277.98087,250,18522.211185
-232.2006,250,18522.211185
-272.76474,250,18522.211185
-501.60794,250,18522.211185
-271.1867,250,18524.934341
-220.1642,250,18531.044625
-205.48856,250,18531.044625
-212.4603,250,18531.044625
-351.7657,250,18531.044625
-274.68613,250,18531.044625
-257.36465,250,18531.044625
-359.57318,250,18533.596109
-220.83575,250,18539.77794
-260.00247,250,18539.77794
-322.8948,250,18539.77794
-387.13763,250,18539.77794
-459.70416,250,18539.77794
-381.93756,250,18539.77794
-370.14194,250,18542.411374
-236.29344,250,18548.669625
-158.93741,250,18548.669625
-219.95108,250,18548.669625
-266.54877,250,18548.669625
-259.59885,250,18548.669625
-367.80698,250,18548.669625
-347.03378,250,18552.65575
-396.95035,250,18558.894794
-275.2827,250,18558.89579
-353.3124,250,18558.89579
-273.36182,250,18558.89579
-367.1473,250,18558.89579
-303.98532,250,18558.89579
-382.14294,250,18561.545854
-357.8098,250,18567.740274
-277.6579,250,18567.740274
-273.90445,250,18567.740274
-247.02953,250,18567.740274
-219.11781,250,18567.740274
-366.04514,250,18567.740274
-152.96674,250,18570.383619
-469.25125,250,18576.54054
-461.59467,250,18576.54054
-283.54736,250,18576.54054
-292.26782,250,18576.54054
-381.81293,250,18576.54054
-183.54878,250,18576.54054
-271.74908,250,18579.193351
-215.45741,250,18585.364793
-336.08945,250,18585.364793
-299.91165,250,18585.364793
-281.1493,250,18585.364793
-243.56631,250,18585.365796
-220.04333,250,18585.365796
-323.18027,250,18589.408701
-209.03792,250,18595.5811
-287.78,250,18595.5811
-391.2062,250,18595.5811
-236.29953,250,18595.5811
-256.6619,250,18595.5811
-279.98764,250,18595.5811
-113.85892,250,18598.292267
-249.03482,250,18604.689839
-192.79599,250,18604.690874
-191.92503,250,18604.690874
-343.7322,250,18604.690874
-301.23117,250,18604.690874
-348.51193,250,18604.690874
-346.8249,250,18607.373777
-489.26202,250,18613.520574
-285.2154,250,18613.520574
-343.41696,250,18613.520574
-240.28104,250,18613.520574
-324.06223,250,18613.520574
-267.04602,250,18613.520574
-213.4364,250,18616.146794
-224.15976,250,18622.287768
-354.16022,250,18622.287768
-222.63678,250,18622.287768
-327.34903,250,18622.287768
-265.63824,250,18622.287768
-297.66443,250,18622.287768
-251.29872,250,18626.226473
-370.3954,250,18632.158549
-371.06586,250,18632.158549
-406.1469,250,18632.158549
-382.81918,250,18632.158549
-116.03754,250,18632.158549
-191.05528,250,18632.159538
-395.53366,250,18634.860159
-351.60834,250,18641.006675
-147.59863,250,18641.006675
-92.75369,250,18641.006675
-537.3564,250,18641.006675
-215.31448,250,18641.006675
-441.5796,250,18641.007697
-490.05234,250,18643.595821
-289.91943,250,18649.61498
-198.19498,250,18649.61498
-272.24106,250,18649.61498
-203.30988,250,18649.61498
-275.75537,250,18649.61498
-275.79666,250,18649.615961
-318.43817,250,18652.247973
-325.96515,250,18658.344318
-496.06064,250,18658.344318
-273.49384,250,18658.344318
-354.18146,250,18658.344318
-475.51797,250,18658.344318
-194.9585,250,18658.344318
-213.87637,250,18662.399928
-189.84552,250,18668.629602
-353.30624,250,18668.629602
-180.86139,250,18668.629602
-169.16557,250,18668.629602
-219.85655,250,18668.629602
-347.61865,250,18668.629602
-226.20352,250,18671.379673
-323.34814,250,18677.88975
-10.648984,250,18677.88975
-253.13544,250,18677.88975
-251.44131,250,18677.88975
-454.43784,250,18677.88975
-256.27524,250,18677.88975
-379.38425,250,18681.0734
-304.51993,250,18687.300644
-264.83734,250,18687.300644
-244.33978,250,18687.300644
-338.66895,250,18687.300644
-229.3344,250,18687.300644
-146.57825,250,18687.300644
-522.12854,250,18690.069651
-231.74823,250,18696.243076
-317.242,250,18696.243076
-463.1677,250,18696.243076
-467.13885,250,18696.243076
-332.56635,250,18696.243076
-234.10872,250,18696.243076
-235.83638,250,18699.216973
-502.69083,250,18706.600091
-276.48712,250,18706.600091
-196.22142,250,18706.600091
-349.42325,250,18706.600091
-304.73068,250,18706.600091
-256.2423,250,18706.600091
-249.77322,250,18709.270456
-432.1715,250,18715.412418
-322.5288,250,18715.412418
-171.7174,250,18715.412418
-365.4207,250,18715.412418
-442.47113,250,18715.412418
-145.95572,250,18715.412418
-270.37897,250,18718.110824
-236.06961,250,18724.230171
-404.44568,250,18724.231181
-389.76334,250,18724.231181
-484.3887,250,18724.231181
-352.3233,250,18724.231181
-405.49,250,18724.231181
-304.34586,250,18727.012412
-158.20596,250,18733.270394
-299.22763,250,18733.270394
-348.77274,250,18733.270394
-357.06387,250,18733.270394
-458.27396,250,18733.270394
-230.11842,250,18733.270394
-324.11325,250,18736.113698
-260.58145,250,18743.517903
-329.11035,250,18743.517903
-120.275764,250,18743.517903
-284.55765,250,18743.517903
-334.37177,250,18743.517903
-390.26724,250,18743.517903
-214.47815,250,18746.430865
-566.17004,250,18752.484863
-141.57663,250,18752.484863
-429.1531,250,18752.484863
-464.6659,250,18752.485905
-555.58704,250,18752.485905
-213.884,250,18752.485905
-337.2372,250,18755.246185
-320.79138,250,18761.412999
-388.03708,250,18761.412999
-264.37457,250,18761.412999
-290.7297,250,18761.412999
-299.36804,250,18761.414017
-287.0187,250,18761.414017
-208.64835,250,18764.172762
-246.35309,250,18770.169411
-333.52682,250,18770.169411
-345.9032,250,18770.169411
-292.9277,250,18770.169411
-429.4671,250,18770.169411
-343.1186,250,18770.169411
-305.0547,250,18772.85871
-370.2686,250,18780.248606
-233.73766,250,18780.248606
-259.3238,250,18780.248606
-234.85709,250,18780.248606
-276.01965,250,18780.248606
-218.72232,250,18780.248606
-240.74586,250,18782.883268
-430.08646,250,18789.058142
-371.1466,250,18789.058142
-347.8096,250,18789.058142
-283.64716,250,18789.058142
-320.34592,250,18789.058142
-342.22958,250,18789.058142
-230.42314,250,18791.723169
-310.37903,250,18798.125694
-304.0792,250,18798.125694
-255.73047,250,18798.125694
-313.74408,250,18798.125694
-216.56439,250,18798.125694
-392.60324,250,18798.125694
-287.953,250,18801.160928
-356.59872,250,18807.349378
-283.32834,250,18807.349378
-231.62553,250,18807.349378
-270.01547,250,18807.349378
-415.89258,250,18807.349378
-532.09424,250,18807.349378
-253.50177,250,18810.003729
-346.57632,250,18817.308932
-248.22345,250,18817.308932
-304.3501,250,18817.308932
-694.25867,250,18817.308932
-264.4566,250,18817.308932
-174.06616,250,18817.308932
-267.01102,250,18820.129153
-394.6371,250,18826.239034
-216.70541,250,18826.239034
-296.1337,250,18826.239034
-352.74045,250,18826.239034
-306.95374,250,18826.239034
-582.9193,250,18826.239034
-195.13274,250,18828.983139
-350.66144,250,18835.131174
-345.14908,250,18835.131174
-322.02832,250,18835.131174
-277.6447,250,18835.131174
-294.91547,250,18835.131174
-204.09445,250,18835.131174
-172.81691,250,18837.789904
-414.32336,250,18843.683797
-238.29333,250,18843.683797
-422.72595,250,18843.684801
-338.80392,250,18843.684801
-137.78377,250,18843.684801
-381.37015,250,18843.684801
-217.47353,250,18846.305293
-268.07025,250,18853.619635
-258.82144,250,18853.620872
-240.983,250,18853.620872
-340.3711,250,18853.620872
-454.90073,250,18853.620872
-543.3777,250,18853.620872
-248.52531,250,18856.367963
-210.54211,250,18862.370955
-231.63234,250,18862.371971
-434.41077,250,18862.371971
-226.36543,250,18862.371971
-323.81323,250,18862.371971
-261.28674,250,18862.371971
-277.71317,250,18865.119652
-325.26154,250,18871.318589
-356.62878,250,18871.318589
-308.5833,250,18871.318589
-333.81577,250,18871.318589
-274.11127,250,18871.318589
-592.65796,250,18871.318589
-382.43484,250,18873.911919
-274.38092,250,18879.954436
-273.57593,250,18879.954436
-248.32791,250,18879.954436
-250.07664,250,18879.954436
-158.77087,250,18879.954436
-317.2789,250,18879.954436
-464.23596,250,18882.666029
-300.40887,250,18889.99993
-244.60706,250,18889.99993
-292.51636,250,18889.99993
-348.23428,250,18889.99993
-298.5974,250,18889.99993
-312.8396,250,18889.99993
-237.82977,250,18892.754573
-407.51154,250,18898.864603
-315.9756,250,18898.864603
-314.60013,250,18898.864603
-245.42941,250,18898.864603
-438.73822,250,18898.864603
-454.82892,250,18898.864603
-342.51227,250,18901.471923
-316.4866,250,18907.623348
-155.25041,250,18907.623348
-375.22278,250,18907.623348
-363.89563,250,18907.623348
-323.71832,250,18907.623348
-237.43463,250,18907.623348
-328.93436,250,18910.530762
-427.84616,250,18916.87295
-338.34814,250,18916.87295
-246.6323,250,18916.87295
-340.0299,250,18916.87295
-272.72827,250,18916.87295
-337.97556,250,18916.87295
-495.72296,250,18919.731152
-190.37985,250,18927.056099
-116.15225,250,18927.056099
-264.2269,250,18927.056099
-185.67982,250,18927.056099
-278.33444,250,18927.056099
-525.85547,250,18927.056099
-363.93304,250,18929.69206
-326.76575,250,18936.017395
-282.96204,250,18936.017395
-473.3987,250,18936.017395
-263.62122,250,18936.017395
-403.91788,250,18936.017395
-347.82245,250,18936.017395
-375.22748,250,18938.812871
-204.54297,250,18944.901867
-269.4066,250,18944.901867
-213.8106,250,18944.901867
-188.31282,250,18944.901867
-182.5436,250,18944.901867
-182.38547,250,18944.901867
-463.1723,250,18947.623652
-176.16211,250,18953.871695
-214.46475,250,18953.871695
-284.47617,250,18953.871695
-131.99664,250,18953.871695
-284.21188,250,18953.871695
-378.57086,250,18953.871695
-586.84845,250,18956.52072
-213.62279,250,18962.638327
-168.89333,250,18962.638327
-370.7141,250,18962.638327
-275.2861,250,18962.638327
-264.87302,250,18962.638327
-182.09006,250,18962.638327
-250.17336,250,18966.600773
-296.92484,250,18972.977248
-288.81653,250,18972.977248
-195.36465,250,18972.977248
-399.77823,250,18972.977248
-211.83794,250,18972.977248
-377.07037,250,18972.977248
-268.45975,250,18975.732575
-320.1731,250,18981.955103
-381.65985,250,18981.955103
-317.59756,250,18981.955103
-383.57074,250,18981.955103
-309.18893,250,18981.955103
-590.10297,250,18981.956111
-251.59721,250,18984.611294
-187.12195,250,18990.756426
-334.4707,250,18990.756426
-247.59746,250,18990.756426
-309.14566,250,18990.756426
-320.1651,250,18990.757444
-475.3139,250,18990.757444
-182.36314,250,18993.381619
-514.1029,250,18999.79601
-524.9764,250,18999.79601
-263.26514,250,18999.79601
-258.97833,250,18999.79601
-509.424,250,18999.79601
-418.87827,250,18999.79601
-231.2976,250,19003.710035
-243.1795,250,19009.820907
-413.2696,250,19009.820907
-575.9843,250,19009.820907
-305.7935,250,19009.820907
-226.96095,250,19009.820907
-190.9548,250,19009.820907
-138.22122,250,19012.578274
-196.0719,250,19018.780663
-499.98297,250,19018.780663
-397.83698,250,19018.780663
-272.27365,250,19018.780663
-429.0909,250,19018.780663
-460.09314,250,19018.780663
-429.18402,250,19021.443015
-379.57385,250,19027.793641
-561.77466,250,19027.793641
-468.27493,250,19027.793641
-190.8268,250,19027.793641
-356.28012,250,19027.793641
-247.548,250,19027.793641
-244.10968,250,19030.458601
-264.93314,250,19036.654657
-73.545,250,19036.654657
-403.63754,250,19036.654657
-218.89618,250,19036.654657
-313.4833,250,19036.654657
-338.70667,250,19036.654657
-308.12875,250,19041.101229
-461.1497,250,19047.180654
-197.79199,250,19047.180654
-351.60007,250,19047.180654
-454.226,250,19047.180654
-285.33862,250,19047.180654
-358.56213,250,19047.180654
-269.19888,250,19049.841622
-228.01112,250,19056.059481
-198.23596,250,19056.059481
-367.32065,250,19056.059481
-313.66214,250,19056.059481
-555.2149,250,19056.059481
-336.81073,250,19056.059481
-195.58257,250,19058.771528
-546.4675,250,19065.073135
-410.8564,250,19065.073135
-344.91373,250,19065.073135
-218.52788,250,19065.073135
-330.74594,250,19065.073135
-179.86118,250,19065.073135
-470.3984,250,19067.70936
-229.46155,250,19073.739571
-242.91742,250,19073.739571
-458.78812,250,19073.739571
-253.5671,250,19073.739571
-186.69598,250,19073.739571
-354.01163,250,19073.739571
-394.82898,250,19076.38379
-145.68027,250,19083.822186
-263.7437,250,19083.823546
-272.01456,250,19083.823546
-424.02246,250,19083.823546
-295.6113,250,19083.823546
-318.14203,250,19083.823546
-429.30673,250,19087.10209
-182.28618,250,19094.435558
-458.14014,250,19094.435558
-119.89134,250,19094.435558
-443.5629,250,19094.435558
-456.35568,250,19094.435558
-162.52483,250,19094.435558
-419.82602,250,19097.045008
-474.195,250,19103.179404
-314.43427,250,19103.179404
-139.32785,250,19103.179404
-281.10284,250,19103.180409
-278.76514,250,19103.180409
-326.6724,250,19103.180409
-350.6568,250,19105.889178
-234.57437,250,19111.930666
-393.05975,250,19111.931649
-320.48706,250,19111.931649
-333.5319,250,19111.931649
-387.13943,250,19111.931649
-370.8941,250,19111.931649
-367.17966,250,19114.648299
-286.48904,250,19122.072026
-311.69577,250,19122.072026
-251.3638,250,19122.072026
-409.09668,250,19122.072026
-207.46721,250,19122.072026
-521.8383,250,19122.072026
-382.8278,250,19124.680515
-284.27673,250,19131.033972
-332.46188,250,19131.033972
-365.72287,250,19131.033972
-226.29659,250,19131.033972
-192.00888,250,19131.033972
-365.92004,250,19131.033972
-249.87451,250,19133.627788
-252.33168,250,19139.717472
-366.55392,250,19139.717472
-292.94708,250,19139.717472
-186.27847,250,19139.717472
-230.18684,250,19139.717472
-240.13474,250,19139.717472
-250.27342,250,19142.396361
-344.9997,250,19148.505893
-577.29614,250,19148.505893
-354.57523,250,19148.505893
-388.8303,250,19148.505893
-518.90753,250,19148.505893
-388.22986,250,19148.505893
-212.84702,250,19151.088319
-231.00012,250,19158.365871
-367.74567,250,19158.365871
-320.43692,250,19158.365871
-320.1374,250,19158.365871
-191.9848,250,19158.365871
-499.95547,250,19158.365871
-280.73038,250,19161.031263
-131.10239,250,19167.192533
-222.83484,250,19167.192533
-323.69043,250,19167.192533
-305.16852,250,19167.192533
-264.80194,250,19167.192533
-540.8119,250,19167.192533
-346.75296,250,19169.902485
-422.72113,250,19175.98858
-338.08954,250,19175.98858
-185.6551,250,19175.98858
-211.3102,250,19175.98858
-492.26724,250,19175.98858
-484.9378,250,19175.98858
-458.23245,250,19178.741072
-286.32346,250,19184.878246
-288.03098,250,19184.878246
-290.57196,250,19184.878246
-258.89645,250,19184.878246
-299.26163,250,19184.878246
-336.32022,250,19184.878246
-312.12738,250,19187.452642
-363.9047,250,19195.121531
-230.91351,250,19195.121531
-240.76251,250,19195.121531
-219.85701,250,19195.121531
-343.87277,250,19195.121531
-239.50612,250,19195.121531
-196.92496,250,19197.853191
-300.99344,250,19204.247685
-294.60855,250,19204.247685
-192.46826,250,19204.247685
-135.6029,250,19204.247685
-406.9118,250,19204.247685
-388.82153,250,19204.247685
-347.58902,250,19206.955206
-367.87616,250,19213.494523
-111.45559,250,19213.494523
-175.99869,250,19213.494523
-344.4117,250,19213.494523
-349.69922,250,19213.494523
-224.14655,250,19213.494523
-281.50525,250,19216.154922
-344.61414,250,19222.362383
-193.14392,250,19222.362383
-465.95074,250,19222.362383
-414.39008,250,19222.362383
-326.07513,250,19222.362383
-286.95715,250,19222.362383
-245.50728,250,19225.008898
-343.52,250,19232.344558
-234.61423,250,19232.344558
-477.4828,250,19232.344558
-311.50555,250,19232.344558
-160.21713,250,19232.344558
-204.94946,250,19232.344558
-189.71556,250,19235.082226
-282.25818,250,19241.218253
-166.72789,250,19241.218253
-565.2373,250,19241.218253
-249.30838,250,19241.218253
-390.3424,250,19241.218253
-539.20807,250,19241.218253
-287.83337,250,19244.00512
-242.09776,250,19250.12977
-397.47733,250,19250.12977
-168.33336,250,19250.12977
-299.0253,250,19250.12977
-310.32095,250,19250.12977
-229.39825,250,19250.12977
-325.01254,250,19252.744092
-306.07233,250,19258.860192
-306.44272,250,19258.860192
-286.2273,250,19258.860192
-378.77084,250,19258.860192
-137.65848,250,19258.860192
-118.61079,250,19258.860192
-251.73785,250,19261.673474
-627.9015,250,19269.077408
-391.18802,250,19269.077408
-270.66467,250,19269.077408
-244.54251,250,19269.077408
-177.20639,250,19269.077408
-273.5897,250,19269.077408
-344.74313,250,19271.706953
-448.83176,250,19277.884161
-280.95187,250,19277.884161
-209.75146,250,19277.884161
-228.62753,250,19277.884161
-277.54446,250,19277.884161
-343.59225,250,19277.884161
-185.68661,250,19280.464989
-304.1862,250,19286.489914
-437.90353,250,19286.489914
-285.94836,250,19286.489914
-418.3444,250,19286.489914
-317.08755,250,19286.489914
-213.02992,250,19286.489914
-301.6551,250,19289.097615
-387.7862,250,19295.165738
-404.8092,250,19295.165738
-302.74747,250,19295.165738
-290.9895,250,19295.165738
-237.8383,250,19295.165738
-321.3,250,19295.165738
-237.145,250,19297.788434
-447.8301,250,19305.173183
-510.59872,250,19305.173183
-310.4486,250,19305.174195
-284.0873,250,19305.174195
-313.1207,250,19305.174195
-233.5244,250,19305.174195
-404.1554,250,19307.939657
-215.93517,250,19314.355244
-347.48755,250,19314.355244
-351.42337,250,19314.355244
-340.71808,250,19314.355244
-420.50522,250,19314.355244
-83.86759,250,19314.355244
-178.14578,250,19317.447234
-284.13327,250,19323.685223
-293.2884,250,19323.685223
-310.47165,250,19323.685223
-300.43134,250,19323.685223
-288.46695,250,19323.685223
-317.2905,250,19323.685223
-367.50964,250,19326.42883
-308.96555,250,19332.623274
-281.75092,250,19332.624289
-505.21863,250,19332.624289
-235.05678,250,19332.624289
-213.19925,250,19332.624289
-550.0186,250,19332.624289
-245.18076,250,19335.22731
-200.4816,250,19341.300567
-293.04074,250,19341.300567
-230.8355,250,19341.300567
-286.12854,250,19341.300567
-475.73996,250,19341.300567
-209.62553,250,19341.300567
-304.77673,250,19345.656487
-286.50656,250,19353.29282
-239.56242,250,19353.29282
-196.5748,250,19353.29282
-515.2917,250,19353.29282
-266.62183,250,19353.29282
-281.83313,250,19353.29282
-512.80634,250,19356.72708
-413.71783,250,19365.203403
-478.73233,250,19365.203403
-370.7458,250,19365.203403
-205.19675,250,19365.203403
-422.42316,250,19365.203403
-300.03433,250,19365.203403
-491.92404,250,19368.898307
-293.31552,250,19377.34722
-152.95781,250,19377.34722
-240.10667,250,19377.34722
-179.58829,250,19377.348219
-175.52042,250,19377.348219
-371.34476,250,19377.348219
-202.9654,250,19381.081152
-284.50824,250,19389.616353
-408.3514,250,19389.616353
-273.1998,250,19389.616353
-192.38481,250,19389.616353
-141.11584,250,19389.616353
-421.64252,250,19389.616353
-81.61144,250,19395.835877
-352.3722,250,19404.575282
-475.73053,250,19404.575282
-276.6597,250,19404.575282
-248.8589,250,19404.575282
-119.38751,250,19404.575282
-353.49365,250,19404.575282
-259.73978,250,19408.245331
-296.65018,250,19416.407549
-231.35207,250,19416.407549
-92.5671,250,19416.407549
-403.06537,250,19416.407549
-313.4271,250,19416.407549
-420.01764,250,19416.407549
-262.56784,250,19420.220404
-381.3844,250,19427.036641
-314.2652,250,19427.037641
-344.15515,250,19427.037641
-286.57886,250,19427.037641
-554.71606,250,19427.037641
-457.7109,250,19427.037641
-305.63785,250,19429.74006
-298.89755,250,19435.891249
-294.00513,250,19435.891249
-262.60178,250,19435.891249
-322.40103,250,19435.891249
-137.15259,250,19435.892237
-555.39874,250,19435.892237
-361.36768,250,19439.760178
-294.28635,250,19445.915776
-89.45676,250,19445.915776
-339.5547,250,19445.915776
-250.22433,250,19445.915776
-268.74918,250,19445.915776
-290.4347,250,19445.915776
-284.59988,250,19448.728057
-286.50058,250,19454.69808
-429.98932,250,19454.69808
-169.658,250,19454.699233
-195.5422,250,19454.699233
-315.9766,250,19454.699233
-189.6759,250,19454.699233
-381.9986,250,19457.45661
-382.14984,250,19463.786176
-450.077,250,19463.786176
-282.91946,250,19463.786176
-208.98506,250,19463.786176
-205.56151,250,19463.786176
-241.13864,250,19463.786176
-174.31586,250,19466.550342
-339.92194,250,19472.749341
-121.89963,250,19472.750343
-220.74008,250,19472.750343
-230.17369,250,19472.750343
-452.17786,250,19472.750343
-268.05826,250,19472.750343
-306.08044,250,19475.402565
-488.53824,250,19482.827811
-707.98834,250,19482.827811
-191.57507,250,19482.827811
-194.92758,250,19482.827811
-285.1311,250,19482.827811
-510.37152,250,19482.827811
-302.8908,250,19485.468701
-258.72598,250,19491.642651
-546.9973,250,19491.642651
-490.3371,250,19491.642651
-255.18906,250,19491.642651
-169.91031,250,19491.642651
-371.496,250,19491.642651
-282.76535,250,19494.464017
-469.409,250,19500.623022
-355.02686,250,19500.623022
-284.91733,250,19500.623022
-328.929,250,19500.623022
-225.00818,250,19500.623022
-375.90683,250,19500.623022
-388.96506,250,19503.21834
-312.37622,250,19509.327035
-229.11783,250,19509.327035
-232.291,250,19509.327035
-325.77014,250,19509.327035
-268.40787,250,19509.327035
-369.25867,250,19509.327035
-315.8622,250,19511.93404
-213.29965,250,19519.552354
-380.4182,250,19519.552354
-332.78757,250,19519.552354
-201.07442,250,19519.552354
-307.70453,250,19519.552354
-347.85062,250,19519.552354
-286.70743,250,19522.342234
-234.4326,250,19528.690057
-198.53372,250,19528.690057
-187.04698,250,19528.690057
-266.01535,250,19528.690057
-343.83966,250,19528.690057
-208.49449,250,19528.690057
-495.53363,250,19531.28799
-214.83556,250,19537.418171
-504.16656,250,19537.418171
-278.29526,250,19537.418171
-269.95038,250,19537.418171
-327.91013,250,19537.418171
-399.16336,250,19537.418171
-317.5393,250,19540.11653
-243.03218,250,19546.29058
-570.78174,250,19546.29058
-289.09787,250,19546.29058
-239.05104,250,19546.29058
-394.02518,250,19546.29058
-316.0763,250,19546.29058
-310.47943,250,19548.980873
-296.2629,250,19556.476343
-323.99057,250,19556.476343
-277.19992,250,19556.476343
-391.80225,250,19556.476343
-563.19366,250,19556.476343
-277.34067,250,19556.476343
-378.32623,250,19559.166036
-398.44458,250,19565.23919
-140.59401,250,19565.23919
-437.35635,250,19565.23919
-614.6391,250,19565.23919
-201.05156,250,19565.23919
-161.41907,250,19565.239699
-396.94565,250,19568.00384
-324.86343,250,19574.15391
-411.13486,250,19574.15391
-198.97728,250,19574.15391
-191.53592,250,19574.15391
-506.31277,250,19574.15391
-365.60214,250,19574.15391
-339.87622,250,19576.756462
-410.44623,250,19582.904234
-221.37593,250,19582.904234
-380.397,250,19582.904234
-513.91284,250,19582.904234
-266.73386,250,19582.904234
-153.8559,250,19582.904234
-422.2405,250,19585.537083
-338.1772,250,19593.068452
-314.2654,250,19593.068452
-378.69833,250,19593.069446
-242.61389,250,19593.069446
-254.39088,250,19593.069446
-152.1844,250,19593.069446
-354.83975,250,19595.861049
-606.57776,250,19602.325221
-373.4997,250,19602.325221
-415.0075,250,19602.325221
-278.86325,250,19602.325221
-199.13586,250,19602.325221
-196.32997,250,19602.325221
-144.92696,250,19604.929364
-322.76974,250,19611.043573
-236.8304,250,19611.043573
-466.63733,250,19611.043573
-422.73605,250,19611.043573
-266.6315,250,19611.043573
-235.96536,250,19611.043573
-148.46616,250,19613.659046
-301.67746,250,19619.792758
-230.89386,250,19619.792758
-162.39928,250,19619.792758
-633.85394,250,19619.792758
-360.1863,250,19619.792758
-531.27075,250,19619.792758
-305.94043,250,19622.505113
-565.5119,250,19629.925128
-362.24527,250,19629.925128
-403.10727,250,19629.925128
-389.27893,250,19629.925128
-194.27943,250,19629.925128
-164.27515,250,19629.925128
-267.477,250,19632.566242
-370.92215,250,19638.604532
-263.60416,250,19638.604532
-263.77985,250,19638.604532
-350.6098,250,19638.604532
-441.47556,250,19638.604532
-416.4547,250,19638.604532
-311.3648,250,19641.299774
-242.51875,250,19647.495063
-377.3422,250,19647.495063
-518.7588,250,19647.495063
-248.36821,250,19647.495063
-267.61792,250,19647.495063
-369.1122,250,19647.495063
-151.63821,250,19650.117771
-387.15356,250,19656.302639
-225.43788,250,19656.302639
-254.90765,250,19656.302639
-239.75453,250,19656.303626
-187.40402,250,19656.303626
-563.06494,250,19656.303626
-302.2292,250,19659.173218
-274.72513,250,19666.829895
-336.65137,250,19666.829895
-511.02222,250,19666.829895
-232.63846,250,19666.829895
-161.72571,250,19666.829895
-106.678246,250,19666.829895
-178.90054,250,19669.560592
-312.80447,250,19675.885591
-421.67627,250,19675.885591
-413.27985,250,19675.885591
-333.9744,250,19675.885591
-285.09894,250,19675.886606
-367.1086,250,19675.886606
-426.89087,250,19678.541829
-296.2686,250,19684.820189
-280.8046,250,19684.820189
-447.6341,250,19684.820189
-243.02605,250,19684.820189
-418.444,250,19684.820189
-247.45146,250,19684.820189
-218.5821,250,19687.715691
-326.45352,250,19694.146942
-320.26776,250,19694.146942
-254.5409,250,19694.146942
-344.74136,250,19694.146942
-351.70483,250,19694.146942
-409.62036,250,19694.146942
-219.00964,250,19696.857311
-254.29112,250,19704.81056
-188.91434,250,19704.81056
-295.47485,250,19704.81056
-415.8496,250,19704.81056
-232.35765,250,19704.81056
-205.1198,250,19704.81056
-560.57117,250,19707.620635
-152.24472,250,19713.753949
-417.71494,250,19713.753949
-227.00453,250,19713.753949
-469.8109,250,19713.753949
-346.10727,250,19713.753949
-275.67874,250,19713.753949
-313.98337,250,19716.485883
-298.81317,250,19722.69269
-143.74573,250,19722.69269
-115.87161,250,19722.69269
-552.8607,250,19722.69269
-376.2202,250,19722.69269
-492.6105,250,19722.69269
-282.11206,250,19725.430346
-355.06778,250,19731.457635
-440.2386,250,19731.457635
-337.5728,250,19731.457635
-502.46292,250,19731.457635
-269.44098,250,19731.457635
-143.4098,250,19731.457635
-591.6251,250,19734.04232
-378.3845,250,19741.36647
-499.08356,250,19741.36647
-435.30084,250,19741.36647
-269.5082,250,19741.36647
-369.5878,250,19741.36647
-284.71732,250,19741.36647
-195.69304,250,19744.092063
-182.6961,250,19750.178495
-283.28903,250,19750.179506
-291.6718,250,19750.179506
-336.46744,250,19750.179506
-228.2511,250,19750.179506
-318.351,250,19750.179506
-131.95923,250,19752.8457
-404.2636,250,19759.066786
-283.28384,250,19759.066786
-96.321144,250,19759.066786
-263.20514,250,19759.066786
-231.66145,250,19759.066786
-396.17432,250,19759.066786
-252.55865,250,19761.642553
-302.39832,250,19767.643308
-377.81158,250,19767.644319
-169.20871,250,19767.644319
-412.51157,250,19767.644319
-190.78426,250,19767.644319
-470.18515,250,19767.644319
-134.4989,250,19770.240003
-257.71588,250,19776.308537
-147.38863,250,19776.308537
-193.62978,250,19776.308537
-198.8594,250,19776.308537
-299.62363,250,19776.308537
-308.23407,250,19776.308537
-358.00284,250,19780.220131
-354.66824,250,19786.268222
-350.73898,250,19786.268222
-208.70941,250,19786.268222
-276.3483,250,19786.268222
-246.2591,250,19786.268222
-212.68584,250,19786.268222
-322.02307,250,19789.17254
-242.68065,250,19795.492737
-232.15355,250,19795.492737
-291.42102,250,19795.492737
-353.2512,250,19795.492737
-332.15857,250,19795.492737
-183.36711,250,19795.492737
-356.69882,250,19798.142438
-348.77338,250,19804.369821
-368.8144,250,19804.370824
-326.2044,250,19804.370824
-162.10226,250,19804.370824
-177.80109,250,19804.370824
-411.43362,250,19804.370824
-299.68307,250,19807.001497
-414.62698,250,19813.07266
-271.48532,250,19813.07266
-308.2268,250,19813.07266
-253.91895,250,19813.07266
-244.74722,250,19813.074107
-280.10678,250,19813.074107
-153.48799,250,19817.089931
-363.97876,250,19823.561729
-478.6684,250,19823.562727
-247.88899,250,19823.562727
-307.45703,250,19823.562727
-263.96945,250,19823.562727
-389.32446,250,19823.562727
-505.47925,250,19826.33768
-192.14146,250,19832.502113
-359.29962,250,19832.503115
-69.45702,250,19832.503115
-326.91818,250,19832.503115
-413.68512,250,19832.503115
-451.3669,250,19832.503115
-296.0422,250,19835.215785
-293.5594,250,19841.300685
-464.51212,250,19841.300685
-229.02887,250,19841.300685
-199.32614,250,19841.300685
-117.80231,250,19841.300685
-483.36502,250,19841.300685
-279.33594,250,19843.93557
-290.96405,250,19850.001636
-274.26865,250,19850.001636
-356.20837,250,19850.001636
-251.48666,250,19850.001636
-304.30826,250,19850.001636
-286.58133,250,19850.001636
-239.88069,250,19854.246412
-288.88196,250,19860.484006
-357.2102,250,19860.485021
-249.015,250,19860.485021
-163.71632,250,19860.485021
-147.88487,250,19860.485021
-393.07013,250,19860.485021
-197.9215,250,19863.07785
-203.72173,250,19869.511676
-328.43503,250,19869.511676
-315.648,250,19869.511676
-237.42766,250,19869.511676
-311.03238,250,19869.511676
-317.00104,250,19869.511676
-297.2932,250,19872.145176
-302.8822,250,19878.248779
-264.07394,250,19878.248779
-122.82994,250,19878.248779
-510.1863,250,19878.248779
-445.80444,250,19878.248779
-253.3286,250,19878.248779
-425.61868,250,19880.883421
-249.87086,250,19887.020022
-601.6615,250,19887.020022
-322.2723,250,19887.020022
-390.73303,250,19887.020022
-293.06726,250,19887.020022
-252.26039,250,19887.020022
-352.58997,250,19889.766924
-228.05542,250,19897.000302
-357.53058,250,19897.000302
-334.78934,250,19897.000302
-162.29889,250,19897.000302
-327.15573,250,19897.000302
-309.426,250,19897.000302
-479.34882,250,19899.975634
-67.11456,250,19906.178137
-257.28055,250,19906.178137
-283.2903,250,19906.178137
-396.8912,250,19906.178137
-330.4887,250,19906.178137
-253.88643,250,19906.178137
-296.43344,250,19908.897894
-272.6498,250,19914.968422
-228.81406,250,19914.968422
-217.77156,250,19914.968422
-257.23358,250,19914.968422
-455.92447,250,19914.968422
-340.6535,250,19914.968422
-226.4134,250,19917.719089
-325.07257,250,19924.099965
-242.05789,250,19924.099965
-254.88719,250,19924.099965
-268.4364,250,19924.099965
-219.18019,250,19924.099965
-275.8144,250,19924.099965
-387.89838,250,19926.744882
-149.65285,250,19934.197015
-217.00159,250,19934.197015
-334.58292,250,19934.197015
-444.75797,250,19934.197015
-236.85156,250,19934.197015
-364.25992,250,19934.198032
-698.95935,250,19937.029444
-238.15292,250,19943.242354
13.037468,250,19943.242354
-184.4981,250,19943.242354
-216.10622,250,19943.242354
-145.26146,250,19943.242354
-235.11302,250,19943.242354
-209.97372,250,19945.919888
-536.02545,250,19952.026748
-256.09042,250,19952.026748
-243.31279,250,19952.026748
-323.24426,250,19952.026748
-257.86386,250,19952.026748
-368.77905,250,19952.026748
-389.11353,250,19954.734303
-144.98747,250,19960.817348
-313.5553,250,19960.817348
-290.66348,250,19960.817348
-261.68317,250,19960.817348
-397.61337,250,19960.817348
-113.505486,250,19960.817348
-232.48772,250,19963.450548
-318.48495,250,19970.819646
-329.81528,250,19970.819646
-449.5829,250,19970.819646
-317.75436,250,19970.819646
-442.19775,250,19970.819646
-202.946,250,19970.819646
-366.38126,250,19973.549124
-319.56024,250,19979.681775
-219.68027,250,19979.681775
-311.7731,250,19979.681775
-310.30957,250,19979.681775
-250.00105,250,19979.681775
-321.658,250,19979.681775
-404.99927,250,19982.308255
-590.0559,250,19988.518934
-260.42792,250,19988.518934
-381.10284,250,19988.518934
-438.58466,250,19988.518934
-303.53806,250,19988.518934
-318.7101,250,19988.518934
-344.5711,250,19991.106418
-238.24126,250,19997.213101
-200.12082,250,19997.213101
-520.3452,250,19997.213101
-229.82347,250,19997.213101
-381.70578,250,19997.213101
-372.58868,250,19997.213101
-392.81238,250,19999.825827
-328.7536,250,20007.255483
-137.6417,250,20007.255483
-260.80493,250,20007.255483
-203.82309,250,20007.255483
-158.61568,250,20007.255483
-379.99915,250,20007.255483
-307.91177,250,20010.043755
-309.30347,250,20016.12342
-278.54688,250,20016.124427
-259.54636,250,20016.124427
-238.4092,250,20016.124427
-391.82553,250,20016.124427
-325.29208,250,20016.124427
-368.28238,250,20018.76587
-119.27593,250,20024.966707
-342.35953,250,20024.966707
-445.51077,250,20024.966707
-205.66934,250,20024.966707
-323.86093,250,20024.966707
-252.13052,250,20024.966707
-349.1265,250,20027.589976
-175.7997,250,20033.699977
-361.4522,250,20033.700996
-302.29547,250,20033.700996
-310.73407,250,20033.700996
-335.40585,250,20033.700996
-455.37347,250,20033.700996
-325.22818,250,20036.307848
-305.58,250,20043.675145
-177.11464,250,20043.675145
-371.27032,250,20043.675145
-370.10782,250,20043.675145
-446.17737,250,20043.675145
-333.53525,250,20043.676147
-327.31375,250,20046.483941
-407.5631,250,20052.812608
-308.60406,250,20052.812608
-363.02707,250,20052.812608
-189.01833,250,20052.812608
-207.99217,250,20052.812608
-272.4934,250,20052.812608
-305.9557,250,20055.483594
-252.019,250,20061.63743
-280.29404,250,20061.63743
-500.13794,250,20061.63743
-362.83926,250,20061.63743
-72.31974,250,20061.63743
-267.81384,250,20061.63743
-303.79562,250,20064.243647
-415.64597,250,20070.391798
-494.6242,250,20070.391798
-229.628,250,20070.391798
-339.4304,250,20070.391798
-343.9579,250,20070.391798
-207.31694,250,20070.391798
-389.42776,250,20072.989392
-524.9559,250,20080.402911
-254.08278,250,20080.403892
-409.0507,250,20080.403892
-178.48677,250,20080.403892
-235.71753,250,20080.403892
-277.82806,250,20080.403892
-215.42607,250,20083.170495
-322.51038,250,20089.239066
-398.1869,250,20089.240068
-153.35486,250,20089.240068
-488.8359,250,20089.240068
-97.14525,250,20089.240068
-438.2441,250,20089.240068
-339.8937,250,20091.857036
-636.14264,250,20098.169197
-487.2072,250,20098.169197
-408.25607,250,20098.169197
-278.77423,250,20098.169197
-192.78743,250,20098.169197
-226.27092,250,20098.169197
-348.90085,250,20100.730877
-190.10873,250,20107.123913
-221.30074,250,20107.123913
-370.73993,250,20107.123913
-627.1213,250,20107.123913
-178.30959,250,20107.123913
-470.89145,250,20107.123913
-233.29532,250,20109.8598
-479.42737,250,20117.488125
-187.6231,250,20117.488125
-340.7357,250,20117.488125
-257.9135,250,20117.488125
-251.38692,250,20117.489135
-334.75992,250,20117.489135
-340.757,250,20120.410257
-290.3224,250,20126.533282
-218.54256,250,20126.533282
-456.3198,250,20126.533282
-359.3699,250,20126.533282
-215.22559,250,20126.533282
-283.70316,250,20126.533282
-287.05536,250,20129.146554
-157.82256,250,20135.246032
-303.45364,250,20135.246032
-635.87695,250,20135.246032
-245.50711,250,20135.246032
-363.95724,250,20135.246032
-404.6846,250,20135.246032
-200.80608,250,20137.881965
-225.98067,250,20144.104724
-428.8085,250,20144.104724
-204.067,250,20144.104724
-258.8998,250,20144.104724
-280.04282,250,20144.104724
-230.02904,250,20144.104724
-318.90207,250,20146.744485
-298.37946,250,20152.893109
-327.67145,250,20152.894124
-377.9235,250,20152.894124
-243.03915,250,20152.894124
-308.12827,250,20152.894124
-179.95819,250,20152.894124
-308.08615,250,20156.887671
-340.4371,250,20162.814278
-318.36432,250,20162.814278
-300.99783,250,20162.814278
-349.40143,250,20162.814278
-333.79434,250,20162.815293
-277.74573,250,20162.815293
-275.29056,250,20165.469478
-314.5095,250,20171.676085
-341.37784,250,20171.676629
-454.4873,250,20171.676629
-280.7156,250,20171.676629
-460.77496,250,20171.676629
-278.095,250,20171.676629
-436.89276,250,20174.439015
-521.7205,250,20180.521419
-298.74008,250,20180.521419
-522.1736,250,20180.521419
-242.91655,250,20180.521419
-163.5151,250,20180.521419
-187.28558,250,20180.521419
-248.80586,250,20183.291527
-191.35289,250,20189.424003
-449.33545,250,20189.424003
-487.2497,250,20189.424003
-546.37897,250,20189.424003
-418.06705,250,20189.424003
-223.53911,250,20189.424003
-146.95154,250,20193.25086
-494.60556,250,20199.320489
-163.42886,250,20199.320489
-138.04659,250,20199.320489
-308.8063,250,20199.321497
-235.5798,250,20199.321497
-103.67779,250,20199.321497
-483.23843,250,20202.043015
-286.64603,250,20208.152577
-161.70444,250,20208.153578
-135.54002,250,20208.153578
-256.19754,250,20208.153578
-239.79944,250,20208.153578
-295.2405,250,20208.153578
-287.2089,250,20210.794559
-221.92552,250,20216.940459
-362.8308,250,20216.941953
-337.75705,250,20216.941953
-191.28886,250,20216.941953
-127.50286,250,20216.941953
-407.13315,250,20216.941953
-449.3972,250,20219.581256
-323.10187,250,20225.711518
-357.0602,250,20225.711518
-258.69492,250,20225.711518
-340.2125,250,20225.711518
-463.4876,250,20225.711518
-428.245,250,20225.711518
-573.7006,250,20229.553861
-263.47864,250,20235.684777
-246.87816,250,20235.684777
-226.27705,250,20235.684777
-185.52324,250,20235.684777
-244.82509,250,20235.684777
-343.58194,250,20235.684777
-192.56474,250,20238.411258
-569.0678,250,20244.4809
-356.88293,250,20244.4809
-92.65472,250,20244.4809
-467.29553,250,20244.4809
-270.59402,250,20244.4809
-81.14905,250,20244.4809
-594.9856,250,20247.265139
-317.5688,250,20253.412123
-229.05154,250,20253.412123
-312.5018,250,20253.412123
-339.2362,250,20253.412123
-293.1427,250,20253.412123
-149.12639,250,20253.412123
-454.77448,250,20256.021616
-239.52773,250,20262.201923
-221.17189,250,20262.201923
-231.79752,250,20262.201923
-164.4384,250,20262.201923
-587.9193,250,20262.201923
-23.212955,250,20262.201923
-209.37558,250,20264.82608
-183.09567,250,20272.355992
-190.25485,250,20272.355992
-245.06432,250,20272.355992
-197.5063,250,20272.355992
-339.1365,250,20272.355992
-277.94937,250,20272.355992
-397.58093,250,20274.938411
-320.11676,250,20281.05851
-386.9072,250,20281.059505
-355.9168,250,20281.059505
-163.48317,250,20281.059505
-336.35892,250,20281.059505
-468.3448,250,20281.059505
-182.0465,250,20283.648707
-530.40967,250,20289.729631
-146.8588,250,20289.729631
-696.9744,250,20289.729631
-399.535,250,20289.729631
-228.05804,250,20289.729631
-380.05212,250,20289.729631
-288.03,250,20292.634196
-250.47414,250,20298.836079
-287.00827,250,20298.837308
-310.90857,250,20298.837308
-467.72748,250,20298.837308
-125.41945,250,20298.837308
-294.77988,250,20298.837308
-191.35571,250,20301.500131
-263.309,250,20308.857981
-288.75125,250,20308.857981
-135.20853,250,20308.857981
-257.7972,250,20308.857981
-124.995094,250,20308.857981
-369.40942,250,20308.857981
-218.15352,250,20311.653949
-391.7901,250,20317.875932
-184.91725,250,20317.875932
-268.96442,250,20317.875932
-452.7267,250,20317.875932
-376.73608,250,20317.875932
-307.1827,250,20317.875932
-269.16058,250,20320.604943
-305.17206,250,20326.626676
-372.349,250,20326.626676
-257.05423,250,20326.626676
-247.77673,250,20326.626676
-344.06128,250,20326.626676
-405.3301,250,20326.626676
-295.58798,250,20329.34545
-129.38576,250,20335.395561
-319.62167,250,20335.395561
-473.89615,250,20335.395561
-224.1298,250,20335.395561
-43.780537,250,20335.395561
-258.2758,250,20335.395561
-409.5827,250,20338.022181
-282.02316,250,20345.354124
-235.76506,250,20345.354124
-485.50162,250,20345.354124
-366.5588,250,20345.354124
-326.87665,250,20345.354124
-179.28645,250,20345.354124
-179.45067,250,20347.936109
-212.70155,250,20354.062441
-272.27777,250,20354.063439
-231.55338,250,20354.063439
-186.1627,250,20354.063439
-182.33713,250,20354.063439
-608.8963,250,20354.063439
-502.86612,250,20356.721467
-440.34665,250,20362.670823
-304.18964,250,20362.670823
-187.97734,250,20362.670823
-425.76968,250,20362.670823
-285.18414,250,20362.670823
-323.16876,250,20362.670823
-511.72147,250,20365.232066
-325.76794,250,20371.251294
-304.82,250,20371.251294
-210.685,250,20371.251294
-270.03983,250,20371.251294
-343.3336,250,20371.251294
-236.13904,250,20371.251294
-349.3875,250,20373.93027
-311.64536,250,20381.373677
-218.63824,250,20381.373677
-127.417595,250,20381.373677
-539.2178,250,20381.373677
-235.04579,250,20381.373677
-219.76877,250,20381.373677
-100.587685,250,20384.131124
-280.72852,250,20390.248541
-244.64459,250,20390.248541
-339.62207,250,20390.248541
-361.14124,250,20390.248541
-302.34747,250,20390.248541
-350.02,250,20390.248541
-211.60353,250,20392.884004
-425.8389,250,20399.263038
-403.09872,250,20399.263038
-545.60266,250,20399.263038
-146.78407,250,20399.263038
-227.57254,250,20399.263038
-193.87607,250,20399.263038
-232.98175,250,20402.005294
-220.66296,250,20408.069501
-213.73274,250,20408.069501
-371.97604,250,20408.069501
-483.1065,250,20408.069501
-105.97998,250,20408.069501
-166.04372,250,20408.069501
-267.9826,250,20410.69738
-291.98315,250,20418.072424
-141.14635,250,20418.072424
-402.87863,250,20418.072424
-296.23087,250,20418.072424
-236.89586,250,20418.072424
-158.24893,250,20418.072424
-656.0241,250,20420.697364
-253.81566,250,20426.791708
-448.56372,250,20426.791708
-372.30597,250,20426.791708
-360.2631,250,20426.791708
-367.1117,250,20426.791708
-243.37628,250,20426.791708
-274.1364,250,20429.525651
-239.51717,250,20435.517782
-258.43503,250,20435.517782
-487.83087,250,20435.517782
-261.00775,250,20435.517782
-356.2709,250,20435.517782
-682.27936,250,20435.517782
-349.58322,250,20438.33663
-278.1947,250,20444.369721
-250.60867,250,20444.369721
-382.56665,250,20444.369721
-170.1866,250,20444.369721
-253.15047,250,20444.369721
-160.36105,250,20444.369721
-174.50233,250,20447.08393
-362.34988,250,20454.493078
-382.19244,250,20454.493078
-405.33527,250,20454.493078
-477.28314,250,20454.493078
-305.71286,250,20454.493078
-332.7593,250,20454.493078
-235.02455,250,20457.285238
-260.8957,250,20463.687337
-182.24895,250,20463.688352
-450.6518,250,20463.688352
-341.5489,250,20463.688352
-354.1042,250,20463.688352
-190.51128,250,20463.688352
-375.05716,250,20466.626532
-554.8979,250,20473.007604
-342.74976,250,20473.007604
-227.54007,250,20473.007604
-326.90952,250,20473.007604
-197.9,250,20473.007604
-276.79913,250,20473.007604
-223.75829,250,20475.604754
-268.8074,250,20481.721551
-423.3183,250,20481.721551
-223.88976,250,20481.721551
-217.96321,250,20481.721551
-709.9434,250,20481.721551
-128.46082,250,20481.721551
-196.89735,250,20484.327622
-473.78824,250,20491.650243
-458.01813,250,20491.650243
-145.46666,250,20491.650243
-275.2614,250,20491.650243
-348.17313,250,20491.650243
-664.84705,250,20491.650243
-204.58977,250,20494.40358
-173.84404,250,20500.650714
-283.26077,250,20500.650714
-304.57706,250,20500.650714
-403.28125,250,20500.650714
-279.6347,250,20500.650714
-220.94147,250,20500.650714
-281.68073,250,20503.601283
-350.49805,250,20510.370267
-525.7655,250,20510.371266
-210.68625,250,20510.371266
-393.5742,250,20510.371266
-244.33588,250,20510.371266
-484.84332,250,20510.371266
-213.62901,250,20513.34954
-216.1977,250,20520.068238
-308.61578,250,20520.068238
-416.87924,250,20520.068238
-247.34747,250,20520.068238
-294.97128,250,20520.068238
-247.6683,250,20520.068238
-538.3949,250,20523.002155
-279.5846,250,20529.083366
-252.84125,250,20529.083366
-373.73706,250,20529.083366
-70.36096,250,20529.083366
-292.5903,250,20529.083366
-153.85017,250,20529.083366
-485.3972,250,20533.136573
-200.06323,250,20539.291124
-380.3025,250,20539.291124
-589.7481,250,20539.292145
-211.13333,250,20539.292145
-599.8844,250,20539.292145
-393.77863,250,20539.292145
-199.22156,250,20541.951823
-344.67975,250,20548.017209
-449.13828,250,20548.017209
-222.37746,250,20548.017209
-206.14163,250,20548.017209
-368.4536,250,20548.017209
-280.42096,250,20548.017209
-259.38092,250,20550.646203
-170.31606,250,20556.692759
-404.9528,250,20556.692759
-158.08607,250,20556.692759
-409.97888,250,20556.692759
-401.55185,250,20556.692759
-321.38214,250,20556.692759
-367.16794,250,20559.420596
-257.28925,250,20565.494531
-107.15093,250,20565.494531
-410.4347,250,20565.494531
-466.63275,250,20565.494531
-145.65096,250,20565.494531
-439.2896,250,20565.494531
-281.66025,250,20569.323599
-449.6089,250,20575.392166
-315.56564,250,20575.392166
-316.71317,250,20575.392166
-232.14322,250,20575.392166
-252.3734,250,20575.392166
-433.14737,250,20575.392166
-444.45676,250,20578.121087
-348.8155,250,20584.315483
-168.76244,250,20584.315483
-301.4711,250,20584.315483
-254.81827,250,20584.315483
-293.79282,250,20584.315483
-435.12387,250,20584.315483
-331.143,250,20587.089977
-251.93068,250,20593.115682
-320.85754,250,20593.115682
-167.05907,250,20593.115682
-305.7078,250,20593.115682
-442.7077,250,20593.115682
-310.82092,250,20593.115682
-237.57878,250,20595.795422
-442.95642,250,20601.840461
-306.52274,250,20601.840461
-226.84874,250,20601.840461
-369.64154,250,20601.840461
-439.88052,250,20601.840461
-369.82767,250,20601.840461
-331.96387,250,20605.645875
-436.77454,250,20611.899429
-268.98706,250,20611.899429
-435.33408,250,20611.899429
-508.9163,250,20611.899429
-234.66199,250,20611.899429
-422.96033,250,20611.899429
-99.84575,250,20614.46474
-312.95996,250,20620.669165
-132.3767,250,20620.669165
-212.68347,250,20620.669165
-345.97363,250,20620.669165
-480.97873,250,20620.669165
-231.10715,250,20620.669165
-205.8823,250,20623.291322
-126.78868,250,20629.409284
-110.99056,250,20629.409284
-277.8206,250,20629.409284
-457.0859,250,20629.409284
-307.66977,250,20629.409284
-153.25356,250,20629.409284
-390.48386,250,20632.210161
-543.90247,250,20638.276814
-257.23093,250,20638.276814
-535.6163,250,20638.276814
-275.21713,250,20638.276814
-391.085,250,20638.276814
-228.30858,250,20638.276814
-220.21397,250,20642.148948
-344.03006,250,20648.433017
-377.63867,250,20648.433017
-200.57124,250,20648.433017
-228.6205,250,20648.433017
-74.62509,250,20648.433017
-84.693,250,20648.433017
-150.2426,250,20651.098867
-207.69205,250,20657.240457
-210.50075,250,20657.240457
-410.10394,250,20657.240457
-220.01329,250,20657.240457
-216.90648,250,20657.240457
-226.55421,250,20657.240457
-387.66727,250,20659.989005
-106.467705,250,20666.116532
-300.73828,250,20666.116532
-179.4854,250,20666.116532
-316.44254,250,20666.116532
-92.45747,250,20666.116532
-448.01624,250,20666.116532
-315.87137,250,20668.861145
-135.01024,250,20674.934862
-308.90488,250,20674.934862
-288.41248,250,20674.934862
-183.67053,250,20674.934862
-341.31207,250,20674.934862
-375.8655,250,20674.934862
-570.9829,250,20677.702802
-255.78233,250,20685.158256
-148.55722,250,20685.158256
-329.20264,250,20685.158256
-369.91965,250,20685.158256
-370.18616,250,20685.158256
-225.26491,250,20685.158256
-186.78789,250,20687.817795
-391.82037,250,20693.931726
-262.2157,250,20693.931726
-252.94968,250,20693.931726
-253.39406,250,20693.931726
-291.9568,250,20693.931726
-425.9545,250,20693.931726
-356.73514,250,20696.504309
-402.5518,250,20702.782551
-342.1768,250,20702.782551
-381.8028,250,20702.782551
-395.99396,250,20702.782551
-421.3246,250,20702.782551
-473.57764,250,20702.782551
-413.31122,250,20705.490708
-290.63925,250,20711.854939
-240.60042,250,20711.854939
-499.2254,250,20711.854939
-513.26044,250,20711.854939
-201.7148,250,20711.854939
-264.78555,250,20711.854939
-180.86401,250,20714.515833
-326.10767,250,20721.841905
-256.85977,250,20721.841905
-294.4168,250,20721.841905
-150.11597,250,20721.841905
-208.54773,250,20721.841905
-407.44318,250,20721.841905
-323.2851,250,20724.429748
-344.77505,250,20730.761729
-226.8614,250,20730.761729
-409.43967,250,20730.761729
-329.9982,250,20730.761729
-321.50235,250,20730.761729
-305.81775,250,20730.761729
-155.01096,250,20733.640061
-266.66354,250,20739.861482
-292.9496,250,20739.861482
-325.88412,250,20739.861482
-319.22,250,20739.861482
-476.95364,250,20739.861482
-156.24002,250,20739.861482
-409.5771,250,20742.530676
-318.1927,250,20748.528322
-31.914862,250,20748.528322
-327.69827,250,20748.528322
-224.64685,250,20748.528322
-383.16138,250,20748.528322
-180.1942,250,20748.528322
-184.51926,250,20751.158858
-241.97299,250,20758.528389
-155.54837,250,20758.528389
-241.71368,250,20758.528389
-195.21916,250,20758.528389
-436.26865,250,20758.528389
-239.06023,250,20758.528389
-429.36072,250,20761.19606
-425.19803,250,20767.365765
-117.25224,250,20767.365765
-208.34708,250,20767.365765
-285.06406,250,20767.365765
-406.7587,250,20767.365765
-338.42264,250,20767.366763
-333.35986,250,20770.140367
-476.81998,250,20776.429474
-233.10045,250,20776.429474
-390.9938,250,20776.429474
-230.81544,250,20776.429474
-261.63928,250,20776.429474
-226.54967,250,20776.429474
-389.58368,250,20779.155389
-182.54285,250,20785.33108
-329.526,250,20785.33108
-208.11456,250,20785.33108
-127.04115,250,20785.33108
-606.127,250,20785.33108
-367.00922,250,20785.33108
-237.40627,250,20787.963109
-312.7087,250,20795.228734
-297.15857,250,20795.228734
-188.38658,250,20795.228734
-255.53267,250,20795.228734
-298.57394,250,20795.228734
-149.48381,250,20795.228734
-326.52444,250,20798.010074
-199.22432,250,20804.022344
-427.50018,250,20804.022344
-168.90402,250,20804.022344
-472.14752,250,20804.022344
-186.22871,250,20804.022344
-273.43085,250,20804.022344
-228.35204,250,20806.76162
-296.73737,250,20812.799124
-324.34003,250,20812.799124
-215.38298,250,20812.799124
-156.80675,250,20812.799124
-156.58336,250,20812.799124
-376.45218,250,20812.799124
-143.0807,250,20815.416909
-177.13234,250,20821.89304
-512.3715,250,20821.89304
-254.30457,250,20821.89304
-305.72983,250,20821.89304
-431.5164,250,20821.89304
-260.99112,250,20821.89304
-445.75034,250,20824.606668
-333.32407,250,20832.084594
-310.8534,250,20832.084594
-338.3478,250,20832.084594
-208.01599,250,20832.084594
-101.76147,250,20832.084594
-327.8076,250,20832.085594
-345.35266,250,20834.6689
-269.6005,250,20840.900242
-435.3142,250,20840.900242
-722.0619,250,20840.900242
-316.52792,250,20840.900242
-306.6008,250,20840.900242
-74.58111,250,20840.900242
-226.94939,250,20843.621161
-184.25467,250,20849.72612
-262.20316,250,20849.72612
-351.67734,250,20849.72612
-382.02243,250,20849.72612
-369.20874,250,20849.72612
-140.51239,250,20849.72612
-265.81726,250,20852.348968
-211.38515,250,20858.620016
-168.44098,250,20858.62103
-341.24854,250,20858.62103
-159.34117,250,20858.62103
-242.25066,250,20858.62103
-206.82079,250,20858.62103
-342.3965,250,20861.267934
-207.62976,250,20868.625387
-105.934654,250,20868.625387
-608.929,250,20868.625387
-128.85513,250,20868.625387
-535.34125,250,20868.625387
-222.69444,250,20868.625387
-270.14645,250,20871.259964
-175.24342,250,20877.4128
-247.55563,250,20877.4128
-179.31973,250,20877.4128
-423.72476,250,20877.4128
-145.40106,250,20877.4128
-269.06836,250,20877.4128
-364.1746,250,20880.146901
-452.01697,250,20886.316602
-325.94196,250,20886.316602
-254.87505,250,20886.316602
-264.94803,250,20886.316602
-212.22366,250,20886.316602
-279.46515,250,20886.316602
-423.3115,250,20888.921157
-340.69714,250,20894.946362
-176.72816,250,20894.947331
-174.08324,250,20894.947331
-220.19576,250,20894.947331
-224.48145,250,20894.947331
-647.31964,250,20894.947331
-390.23373,250,20897.547074
-412.77744,250,20905.05336
-386.7291,250,20905.05336
-216.60983,250,20905.05336
-322.64505,250,20905.05336
-324.87195,250,20905.05336
-73.717476,250,20905.054345
-251.5713,250,20907.898096
-270.3519,250,20914.135247
-276.72794,250,20914.13625
-319.35193,250,20914.13625
-195.28252,250,20914.13625
-177.7353,250,20914.13625
-193.95628,250,20914.13625
-321.28506,250,20916.715749
-170.65091,250,20922.914097
-323.4659,250,20922.914097
-235.9337,250,20922.914097
-247.97212,250,20922.914097
-114.62232,250,20922.914097
-194.3991,250,20922.914097
-257.42706,250,20925.529254
-142.07582,250,20931.644881
-366.10574,250,20931.644881
-192.9618,250,20931.644881
-212.89798,250,20931.644881
-302.3724,250,20931.644881
-93.55071,250,20931.644881
-276.54562,250,20934.362768
-415.14124,250,20940.370742
-443.08398,250,20940.37176
-291.36884,250,20940.37176
-316.17313,250,20940.37176
-192.45853,250,20940.37176
-363.25305,250,20940.37176
-496.8505,250,20944.200942
-547.1112,250,20950.277463
-328.69095,250,20950.277463
-177.67993,250,20950.277463
-242.31519,250,20950.277463
-247.4554,250,20950.277463
-542.2481,250,20950.277463
-357.53125,250,20952.999575
-237.84323,250,20959.02038
-93.627594,250,20959.02038
-325.55103,250,20959.02038
-239.05844,250,20959.02038
-257.89606,250,20959.02038
-102.87085,250,20959.02038
-443.8521,250,20961.766924
-440.81888,250,20967.954634
-344.6085,250,20967.955638
-225.17058,250,20967.955638
-256.856,250,20967.955638
-365.3434,250,20967.955638
-207.81999,250,20967.955638
-306.09045,250,20970.696998
-367.58527,250,20976.99832
-429.0801,250,20976.99832
-466.52792,250,20976.99832
-278.30307,250,20976.99832
-156.20958,250,20976.99832
-341.11667,250,20976.99832
-269.15344,250,20980.891206
-278.1558,250,20986.973872
-252.36935,250,20986.973872
-129.3976,250,20986.973872
-186.78354,250,20986.973872
-103.10646,250,20986.973872
-242.73312,250,20986.973872
-268.41928,250,20989.53004
-296.0539,250,20995.648298
-540.1542,250,20995.648298
-468.10736,250,20995.648298
-408.27994,250,20995.648298
-475.76013,250,20995.648298
-344.43393,250,20995.648298
-572.36774,250,20998.263267
-247.49367,250,21004.530524
-302.68048,250,21004.534539
-389.107,250,21004.534539
-207.60324,250,21004.534539
-117.48717,250,21004.534539
-249.9647,250,21004.535518
-449.279,250,21007.32291
-170.32782,250,21013.527773
-300.26816,250,21013.527773
-292.88663,250,21013.527773
-227.07773,250,21013.527773
-436.02316,250,21013.527773
-358.2319,250,21013.527773
-380.5004,250,21017.406049
-440.82242,250,21023.544407
-212.86444,250,21023.544407
-228.39876,250,21023.544407
-320.61707,250,21023.544407
-56.685947,250,21023.544407
-259.32788,250,21023.544407
-412.43137,250,21026.294729
-186.2947,250,21032.316887
-278.2163,250,21032.316887
-387.36392,250,21032.316887
-183.56157,250,21032.316887
-293.52856,250,21032.316887
-236.07936,250,21032.316887
-133.54611,250,21035.030446
-298.33258,250,21041.305097
-314.89642,250,21041.305097
-373.4805,250,21041.305097
-135.09604,250,21041.305097
-394.1358,250,21041.305097
-358.07642,250,21041.305097
-418.64404,250,21043.966767
-347.67648,250,21050.046414
-307.56155,250,21050.046414
-354.14456,250,21050.047426
-245.7503,250,21050.047426
-417.87173,250,21050.047426
-255.64543,250,21050.047426
-258.4258,250,21052.671442
-276.79538,250,21059.952956
-254.18579,250,21059.952956
-245.70227,250,21059.952956
-378.2714,250,21059.952956
-364.5766,250,21059.952956
-221.05017,250,21059.952956
-380.69452,250,21062.557093
-344.51294,250,21068.643621
-43.74723,250,21068.643621
-70.461845,250,21068.643621
-459.4756,250,21068.643621
-371.1907,250,21068.643621
-289.5691,250,21068.643621
-369.42218,250,21071.238878
-173.1212,250,21077.360224
-316.39166,250,21077.360224
-246.4621,250,21077.360224
-178.71638,250,21077.360224
-202.4433,250,21077.360224
-156.87393,250,21077.360224
-239.43556,250,21080.019998
-179.41187,250,21086.075967
-206.76976,250,21086.075967
-261.72562,250,21086.075967
-595.7833,250,21086.075967
-185.50067,250,21086.075967
-208.02373,250,21086.075967
-286.87097,250,21088.662269
-309.88324,250,21095.931968
-293.27264,250,21095.931968
-225.55951,250,21095.931968
-276.2891,250,21095.931968
-124.81121,250,21095.931968
-372.4377,250,21095.931968
-216.56497,250,21098.562287
-361.3903,250,21104.773174
-246.74867,250,21104.773174
-211.12164,250,21104.773174
-441.54486,250,21104.773174
-184.5506,250,21104.773174
-195.44408,250,21104.773174
-281.4211,250,21107.64765
-554.324,250,21113.71148
-206.23013,250,21113.71148
-203.99779,250,21113.71148
-48.262043,250,21113.71148
-323.33463,250,21113.71148
-294.51486,250,21113.71148
-290.92435,250,21116.477479
-440.09256,250,21122.634079
-314.45773,250,21122.634079
-195.69092,250,21122.635096
-155.60255,250,21122.635096
-398.8093,250,21122.635096
-166.72273,250,21122.635096
-234.37973,250,21125.238661
-464.12527,250,21132.62795
-273.91647,250,21132.62795
-282.7802,250,21132.62795
-161.55878,250,21132.62795
-454.20837,250,21132.62795
-322.48105,250,21132.62795
-166.79396,250,21135.206427
-304.6934,250,21141.348532
-336.3356,250,21141.348532
-170.601,250,21141.348532
-389.37796,250,21141.348532
-198.5208,250,21141.348532
-125.4021,250,21141.348532
-326.17767,250,21143.991398
-133.22601,250,21150.007978
-269.23294,250,21150.007978
-197.04254,250,21150.007978
-257.92642,250,21150.007978
-186.43228,250,21150.007978
-268.1049,250,21150.007978
-500.6347,250,21152.73319
-324.67938,250,21158.848651
-277.7223,250,21158.848651
-425.91254,250,21158.848651
-267.51526,250,21158.848651
-156.03868,250,21158.848651
-408.10922,250,21158.848651
-224.85245,250,21161.476252
-198.29182,250,21168.77887
-505.74405,250,21168.77887
-414.9135,250,21168.77887
-96.7927,250,21168.77887
-470.66708,250,21168.77887
-142.18951,250,21168.77887
-450.75443,250,21171.453183
-360.89407,250,21177.61755
-275.38358,250,21177.61755
-247.00127,250,21177.61755
-65.18716,250,21177.61755
-243.2382,250,21177.61755
-440.42593,250,21177.61755
-233.17593,250,21180.335338
-485.6386,250,21186.44566
-230.91776,250,21186.44566
-350.91348,250,21186.446665
-301.5694,250,21186.446665
-319.76434,250,21186.446665
-345.45752,250,21186.446665
-304.15503,250,21189.093307
-171.63396,250,21195.629081
-309.11847,250,21195.629081
-251.36197,250,21195.629081
-283.45544,250,21195.629081
-344.85794,250,21195.629081
-376.5875,250,21195.629081
-293.05368,250,21198.586758
-133.78577,250,21205.950248
-173.60036,250,21205.950248
-467.76077,250,21205.950248
-254.5891,250,21205.950248
-455.77914,250,21205.950248
-326.18335,250,21205.950248
-518.39594,250,21208.657223
-225.04916,250,21214.846573
-271.32184,250,21214.846573
-241.13033,250,21214.846573
-254.50078,250,21214.846573
-292.24188,250,21214.846573
-169.04987,250,21214.846573
-320.80515,250,21217.504905
-358.39102,250,21223.658621
-306.49286,250,21223.658621
-298.37982,250,21223.658621
-274.15643,250,21223.658621
-159.84921,250,21223.658621
-284.69153,250,21223.658621
-174.36998,250,21226.307092
-295.63412,250,21232.448787
-321.88992,250,21232.449785
-410.83807,250,21232.449785
-309.7431,250,21232.449785
-285.87457,250,21232.449785
-338.26797,250,21232.449785
-244.10977,250,21235.081699
-133.38414,250,21242.731724
-264.5518,250,21242.731724
-318.07608,250,21242.731724
-217.0887,250,21242.731724
-520.96075,250,21242.731724
-225.34291,250,21242.731724
-242.96156,250,21245.364204
-264.67462,250,21251.69769
-217.51698,250,21251.69769
-448.82974,250,21251.69769
-304.34073,250,21251.69769
-533.9742,250,21251.69769
-428.37643,250,21251.69769
-223.78912,250,21254.32405
-329.3264,250,21260.534
-320.12152,250,21260.534
-267.21326,250,21260.534
-279.73105,250,21260.534
-247.7307,250,21260.534
-462.6866,250,21260.534
-344.75497,250,21263.208432
-134.4462,250,21269.342705
-325.37854,250,21269.342705
-394.27325,250,21269.342705
-86.17333,250,21269.342705
-458.8662,250,21269.342705
-174.6637,250,21269.342705
-162.889,250,21271.948735
-223.50941,250,21279.299449
-202.69064,250,21279.299449
-450.55383,250,21279.299449
-311.947,250,21279.299449
-225.25465,250,21279.299449
-172.98566,250,21279.299449
-508.5607,250,21282.007381
-380.45966,250,21287.953209
-294.44394,250,21287.953209
-126.25715,250,21287.953209
-193.0532,250,21287.953209
-51.758656,250,21287.953209
-353.58884,250,21287.953209
-380.83084,250,21290.63988
-362.83975,250,21296.709162
-401.14767,250,21296.709162
-502.65018,250,21296.709162
-273.65665,250,21296.709162
-316.66382,250,21296.709162
-308.0676,250,21296.709162
-189.75201,250,21299.331146
-231.45604,250,21305.715532
-380.29507,250,21305.715532
-483.4615,250,21305.715532
-228.09085,250,21305.715532
-309.10028,250,21305.715532
-440.4795,250,21305.715532
-192.2624,250,21308.325241
-305.18878,250,21314.407748
-237.95123,250,21314.407748
-415.54037,250,21314.407748
-430.17157,250,21314.407748
-343.81097,250,21314.407748
-412.80774,250,21314.407748
-308.56995,250,21318.403527
-317.4889,250,21324.35102
-83.20151,250,21324.35102
-212.83475,250,21324.35102
-488.5742,250,21324.35102
-159.06958,250,21324.35102
-369.37677,250,21324.35102
-363.2289,250,21327.024603
-497.85376,250,21332.929382
-410.35397,250,21332.929382
-247.96326,250,21332.929382
-245.37592,250,21332.929382
-188.21562,250,21332.929382
-303.7628,250,21332.930378
-207.61444,250,21335.576079
-347.6959,250,21341.969865
-499.4766,250,21341.969865
-339.9466,250,21341.970884
-445.073,250,21341.970884
-234.46494,250,21341.970884
-313.74072,250,21341.970884
-238.28387,250,21344.604702
-533.78265,250,21350.618585
-488.42142,250,21350.618585
-232.03458,250,21350.618585
-252.91206,250,21350.618585
-369.15045,250,21350.618585
-409.44348,250,21350.618585
-374.0093,250,21354.425573
-272.46494,250,21360.577465
-56.982765,250,21360.577465
-284.09668,250,21360.577465
-361.37338,250,21360.577465
-262.6672,250,21360.577465
-109.16847,250,21360.577465
-222.71873,250,21363.182105
-299.62186,250,21369.635998
-103.44194,250,21369.635998
-371.86954,250,21369.635998
-430.89737,250,21369.635998
-164.87808,250,21369.635998
-282.68463,250,21369.635998
-357.1904,250,21372.264191
-318.66354,250,21378.42895
-172.9417,250,21378.42895
-497.0118,250,21378.42895
-536.45856,250,21378.42895
-201.47475,250,21378.42895
-103.60139,250,21378.42895
-427.11676,250,21381.111821
-291.03265,250,21387.108157
-271.48425,250,21387.108157
-64.34835,250,21387.108157
-237.25565,250,21387.108157
-251.1189,250,21387.108157
-503.84927,250,21387.108157
-420.05875,250,21391.041243
-251.60332,250,21397.080365
-372.16476,250,21397.080365
-364.22113,250,21397.080365
-260.36844,250,21397.080365
-473.86276,250,21397.080365
-245.23457,250,21397.080365
-272.70096,250,21399.741754
-194.38618,250,21406.140239
-309.86728,250,21406.140239
-387.36984,250,21406.140239
-384.05,250,21406.140239
-257.43402,250,21406.141245
-433.035,250,21406.141245
-298.56183,250,21408.748713
-258.9495,250,21414.797519
-231.21758,250,21414.797519
-382.44772,250,21414.797519
-250.24791,250,21414.797519
-209.27557,250,21414.797519
-84.787285,250,21414.797519
-356.56433,250,21417.497796
-154.36536,250,21423.582975
-243.91699,250,21423.583992
-383.06125,250,21423.583992
-364.78107,250,21423.583992
-93.441536,250,21423.583992
-348.53403,250,21423.583992
-224.47754,250,21426.204767
-218.3032,250,21433.644557
-232.0073,250,21433.644557
-296.78748,250,21433.644557
-263.7294,250,21433.644557
-267.5704,250,21433.644557
-280.33472,250,21433.644557
-254.39153,250,21436.338644
-413.14487,250,21442.547314
-246.19469,250,21442.547314
-189.21771,250,21442.547314
-201.26291,250,21442.547314
-170.61598,250,21442.547314
-176.77551,250,21442.547314
-376.6218,250,21445.30827
-297.07092,250,21451.295761
-312.46555,250,21451.296786
-394.56302,250,21451.296786
41.581093,250,21451.296786
-298.34213,250,21451.296786
-214.7337,250,21451.296786
-70.17967,250,21453.993754
-297.48972,250,21460.224202
-328.94205,250,21460.224202
-191.92142,250,21460.224202
-232.89359,250,21460.224202
-399.8486,250,21460.224202
-188.92921,250,21460.224202
-309.99976,250,21462.892565
-323.2344,250,21470.219981
-238.3975,250,21470.219981
-258.2719,250,21470.219981
-208.96538,250,21470.219981
-457.6289,250,21470.219981
-87.55028,250,21470.219981
-352.15964,250,21472.856695
-221.82649,250,21478.99232
-288.993,250,21478.99232
-171.29266,250,21478.99232
-267.82236,250,21478.99232
-185.65892,250,21478.99232
-582.2249,250,21478.99232
-288.2431,250,21481.77768
-409.10034,250,21487.974801
-346.96017,250,21487.974801
-420.99185,250,21487.974801
-193.24939,250,21487.974801
-281.8608,250,21487.974801
-357.56342,250,21487.974801
-298.18372,250,21490.591865
-276.2627,250,21496.751655
-377.19684,250,21496.752662
-139.23724,250,21496.752662
-144.31265,250,21496.752662
-457.1729,250,21496.752662
-194.54768,250,21496.752662
-369.0523,250,21499.722283
-430.472,250,21509.240511
-226.60733,250,21509.240511
-330.5286,250,21509.24152
-183.80698,250,21509.24152
-331.57736,250,21509.24152
-335.4995,250,21509.24152
-415.0076,250,21512.221261
-181.75479,250,21518.333241
-175.83517,250,21518.333241
-449.3602,250,21518.333241
-421.11786,250,21518.334294
-387.83337,250,21518.334294
-299.9094,250,21518.334294
-307.2632,250,21520.955246
-165.61028,250,21527.010221
-177.15767,250,21527.010221
-257.47302,250,21527.010221
-158.42148,250,21527.010221
-406.9079,250,21527.01124
-63.06161,250,21527.01124
-286.08032,250,21529.654391
-283.6605,250,21535.624366
-609.0835,250,21535.624366
-310.89557,250,21535.624366
-375.97293,250,21535.625367
-248.6679,250,21535.625367
-221.26134,250,21535.625367
-275.69153,250,21538.544995
-115.92405,250,21545.762279
-252.95346,250,21545.762279
-215.11725,250,21545.762279
-102.12823,250,21545.762279
-152.34947,250,21545.762279
-247.89862,250,21545.762279
-434.0962,250,21548.40354
-437.19403,250,21554.368867
-79.66459,250,21554.368867
-235.20369,250,21554.368867
-251.55263,250,21554.368867
-339.17346,250,21554.368867
-317.9185,250,21554.368867
-373.03473,250,21556.971718
-404.15265,250,21563.139448
-351.98965,250,21563.139448
-222.19423,250,21563.139448
-276.95016,250,21563.139448
-464.2927,250,21563.139448
-376.47928,250,21563.139448
-451.67145,250,21565.825545
-290.8076,250,21571.970277
-283.63113,250,21571.970277
-112.03323,250,21571.970277
-236.5804,250,21571.970277
-427.8262,250,21571.970277
-230.6093,250,21571.970277
-554.17975,250,21574.627449
-206.4943,250,21581.929875
-148.97652,250,21581.929875
-152.98065,250,21581.929875
-484.29337,250,21581.929875
-315.20328,250,21581.929875
-324.00116,250,21581.929875
-196.956,250,21584.615161
-156.35397,250,21590.649585
-431.70895,250,21590.649585
-415.68277,250,21590.649585
-214.3795,250,21590.649585
-439.68906,250,21590.649585
-559.3196,250,21590.649585
-207.94064,250,21593.300923
-321.927,250,21599.392781
-304.19064,250,21599.392781
-143.94325,250,21599.392781
-168.92618,250,21599.392781
-220.51906,250,21599.392781
-312.64166,250,21599.392781
-224.40308,250,21602.239794
-228.73532,250,21608.2681
-342.62576,250,21608.2681
-348.3838,250,21608.2681
-249.25024,250,21608.2681
-261.4239,250,21608.2681
-223.5487,250,21608.2681
-352.32953,250,21610.983987
-344.91302,250,21618.308327
-312.12894,250,21618.308327
-238.85815,250,21618.308327
-342.8591,250,21618.308327
-108.02394,250,21618.308327
-342.99792,250,21618.30933
-292.1782,250,21620.919518
-287.52316,250,21627.142655
-300.06638,250,21627.142655
-376.9219,250,21627.142655
-191.33743,250,21627.142655
-224.76924,250,21627.142655
-218.52676,250,21627.142655
-225.63606,250,21629.840519
-337.88565,250,21636.157471
9.961758,250,21636.157471
-346.48346,250,21636.157471
-401.83514,250,21636.157471
-295.60648,250,21636.157471
-425.5824,250,21636.157471
-166.18971,250,21639.045295
-226.86707,250,21645.260258
-89.419685,250,21645.260258
-317.4036,250,21645.260258
-117.8524,250,21645.260258
-253.97054,250,21645.260258
-248.27603,250,21645.260258
-280.60486,250,21647.855015
-310.5009,250,21655.184184
-102.69607,250,21655.185184
-221.22878,250,21655.185184
-136.26216,250,21655.185184
-482.4802,250,21655.185184
-282.65393,250,21655.185184
-232.4864,250,21657.827054
-273.61707,250,21663.853939
-33.73872,250,21663.853939
-263.5524,250,21663.853939
-182.52571,250,21663.853939
-282.2819,250,21663.854952
-231.78235,250,21663.854952
-327.25964,250,21666.578135
-87.7572,250,21672.545866
-225.51161,250,21672.545866
-196.76137,250,21672.545866
-202.74037,250,21672.545866
-374.63016,250,21672.545866
-321.51532,250,21672.545866
-300.94284,250,21675.231212
-293.27643,250,21681.30546
-326.64178,250,21681.30546
-630.44415,250,21681.30546
-233.67195,250,21681.30546
-351.62982,250,21681.30546
-273.1046,250,21681.30546
-258.14334,250,21683.849129
-97.75968,250,21691.118812
-353.708,250,21691.118812
-302.1873,250,21691.118812
-182.71584,250,21691.118812
-386.07053,250,21691.118812
-143.17047,250,21691.118812
-371.4058,250,21693.690516
-389.18713,250,21700.056435
-208.98474,250,21700.056435
-281.11646,250,21700.056435
-243.22208,250,21700.056435
-350.1619,250,21700.056435
-258.85995,250,21700.056435
-443.49042,250,21702.650013
-417.9812,250,21708.816856
-352.90353,250,21708.816856
-282.87317,250,21708.816856
-216.92732,250,21708.816856
-97.37448,250,21708.816856
-322.23633,250,21708.816856
-297.42377,250,21711.372103
-266.2631,250,21717.42528
-466.31848,250,21717.42528
-162.08661,250,21717.42528
-280.15735,250,21717.42528
-285.01266,250,21717.42528
-73.22472,250,21717.42528
-185.83594,250,21719.994699
-423.995,250,21726.015698
-347.8857,250,21726.015698
-307.63016,250,21726.015698
-388.6533,250,21726.015698
-398.69077,250,21726.015698
-342.0906,250,21726.015698
-314.53693,250,21729.880409
-193.7077,250,21735.943291
-186.63686,250,21735.943291
-203.80614,250,21735.944273
-292.56488,250,21735.944273
-70.97143,250,21735.944273
-563.5892,250,21735.944273
-186.83109,250,21738.532803
-209.55031,250,21744.607281
-238.3097,250,21744.607281
-229.69263,250,21744.607281
-362.37924,250,21744.607281
-454.60254,250,21744.607281
-257.1585,250,21744.607281
-266.79355,250,21747.377154
-408.54364,250,21753.443643
-256.81244,250,21753.443643
-316.56808,250,21753.443643
-90.83726,250,21753.443643
-195.54898,250,21753.443643
-111.173004,250,21753.443643
-242.24605,250,21756.175814
-508.6606,250,21762.378197
-465.02,250,21762.378197
-248.40308,250,21762.378197
-412.7316,250,21762.378197
-312.42386,250,21762.378197
-266.35516,250,21762.378197
-132.38579,250,21766.44241
-543.95886,250,21772.465857
-127.60049,250,21772.465857
-227.37244,250,21772.465857
-219.58212,250,21772.465857
-37.059883,250,21772.465857
-454.4034,250,21772.465857
-350.049,250,21775.171135
-111.10602,250,21781.18875
-547.1103,250,21781.18875
-358.56345,250,21781.18875
-285.9543,250,21781.18875
-230.67598,250,21781.18875
-445.40817,250,21781.18875
-195.80061,250,21784.067671
-0.39885747,250,21790.164242
-318.36707,250,21790.164242
-192.00725,250,21790.164242
-387.741,250,21790.164242
-407.7134,250,21790.164242
-436.88956,250,21790.164242
-138.26468,250,21792.740068
-395.1532,250,21798.866028
-289.65094,250,21798.866028
-152.05609,250,21798.866028
-306.8785,250,21798.866028
-304.7476,250,21798.866028
-252.37375,250,21798.866028
-230.17203,250,21802.712104
-224.5409,250,21808.814256
-389.36,250,21808.814256
-223.97958,250,21808.815257
-305.36496,250,21808.815257
-313.37012,250,21808.815257
-275.59756,250,21808.815257
-231.82451,250,21811.552709
-170.1451,250,21817.584029
-366.50974,250,21817.584029
-254.51709,250,21817.584029
-320.32477,250,21817.584029
-237.93414,250,21817.584029
-512.9372,250,21817.584029
-196.83656,250,21820.216552
-98.11212,250,21826.314616
-285.91,250,21826.314616
-205.14929,250,21826.314616
-487.37482,250,21826.314616
-261.65125,250,21826.314616
-356.3178,250,21826.314616
-513.145,250,21829.14922
-245.29451,250,21835.382606
-240.56837,250,21835.382606
-208.11307,250,21835.382606
-135.00706,250,21835.382606
-328.29144,250,21835.382606
-248.87375,250,21835.382606
-328.07986,250,21837.994178
-213.34785,250,21845.404482
-318.0314,250,21845.404482
-188.0913,250,21845.404482
-274.2611,250,21845.404482
-363.27124,250,21845.404482
-452.758,250,21845.404482
-277.53598,250,21848.043563
-253.75218,250,21854.305993
-262.21127,250,21854.305993
-348.11078,250,21854.305993
-217.44777,250,21854.305993
-273.38147,250,21854.305993
-279.2138,250,21854.305993
-219.59561,250,21856.996518
-338.0775,250,21862.947006
-368.6968,250,21862.947006
-236.49742,250,21862.947006
-359.09683,250,21862.947006
-200.93896,250,21862.947006
-77.70785,250,21862.947006
-212.80214,250,21865.641178
-285.93884,250,21871.75022
-373.4403,250,21871.75022
-210.95216,250,21871.75022
-246.34026,250,21871.75022
-91.92207,250,21871.75022
-350.61703,250,21871.75022
-396.75812,250,21874.372169
-471.16376,250,21881.696066
-53.428402,250,21881.696066
-142.28595,250,21881.696066
-219.58574,250,21881.696066
-228.33777,250,21881.696066
-340.90228,250,21881.696066
-256.25415,250,21884.398598
-177.38881,250,21890.51805
-236.7252,250,21890.51805
-259.651,250,21890.51805
-286.96124,250,21890.51805
-303.292,250,21890.51805
-377.36807,250,21890.51805
-91.02053,250,21893.261318
-99.81635,250,21899.516861
-270.90442,250,21899.516861
-325.2186,250,21899.516861
-263.6408,250,21899.516861
-256.11603,250,21899.516861
-372.35962,250,21899.516861
-352.3551,250,21902.197884
-327.41138,250,21908.737315
-233.49855,250,21908.737315
-497.73187,250,21908.737315
-150.23932,250,21908.737315
-243.0219,250,21908.737315
-191.75175,250,21908.737315
-77.681786,250,21911.555202
-222.98767,250,21918.909031
-243.83717,250,21918.909031
-307.63715,250,21918.909031
-431.61606,250,21918.909031
-225.29713,250,21918.909031
-191.20169,250,21918.909031
-197.90697,250,21921.595342
-175.03087,250,21927.669354
-358.04324,250,21927.669354
-303.94925,250,21927.669354
-202.57466,250,21927.670389
-317.31604,250,21927.670389
-182.45245,250,21927.670389
-493.0477,250,21930.255034
-460.69016,250,21936.334865
-324.15887,250,21936.334865
-450.63535,250,21936.334865
-359.1155,250,21936.334865
-291.4888,250,21936.334865
-183.3593,250,21936.334865
-380.48758,250,21939.0309
-222.02737,250,21945.294955
-219.36664,250,21945.294955
-236.89067,250,21945.294955
-325.3975,250,21945.294955
-488.42004,250,21945.294955
-183.34961,250,21945.294955
-436.8029,250,21948.036328
-246.06561,250,21955.21908
-335.77365,250,21955.21908
-156.03877,250,21955.21908
-282.60196,250,21955.21908
-408.72388,250,21955.21908
-132.07253,250,21955.21908
-197.7861,250,21957.937531
-312.14435,250,21964.231667
-372.6055,250,21964.231667
-235.38744,250,21964.231667
-279.96344,250,21964.231667
-215.3734,250,21964.231667
-316.0123,250,21964.231667
-211.78493,250,21966.840895
-188.38602,250,21973.062822
-213.38232,250,21973.062822
-190.52893,250,21973.062822
-189.08769,250,21973.062822
-244.06944,250,21973.062822
-228.51376,250,21973.062822
-363.2104,250,21975.741911
-470.01163,250,21981.731762
-195.16595,250,21981.731762
-181.28691,250,21981.731762
-389.16043,250,21981.731762
-123.35744,250,21981.731762
-307.11658,250,21981.731762
-93.50727,250,21984.295169
-370.17697,250,21991.511982
-379.32935,250,21991.511982
-240.6485,250,21991.511982
-173.06418,250,21991.511982
-214.5797,250,21991.511982
-575.83295,250,21991.511982
-145.9902,250,21994.285696
-230.17839,250,22000.230651
-240.57835,250,22000.230651
-279.3268,250,22000.230651
-162.28271,250,22000.230651
-363.95242,250,22000.230651
-238.84358,250,22000.230651
-354.58447,250,22002.932126
-271.65863,250,22009.008618
-347.49057,250,22009.008618
-343.4311,250,22009.008618
-227.8494,250,22009.008618
-225.78722,250,22009.008618
-380.52017,250,22009.008618
-260.77475,250,22011.609036
-546.055,250,22017.659207
-167.95573,250,22017.659207
-197.86617,250,22017.659207
-204.34265,250,22017.659207
-572.97015,250,22017.659207
-276.9502,250,22017.659207
-20.889887,250,22020.243786
-60.528896,250,22027.741607
-108.84896,250,22027.742625
-141.73866,250,22027.742625
-336.44595,250,22027.742625
-411.67017,250,22027.742625
-297.4994,250,22027.742625
-237.6951,250,22030.521641
-405.12604,250,22036.474036
-222.26604,250,22036.474036
-364.13458,250,22036.474036
-293.93817,250,22036.474036
-266.7384,250,22036.474036
-274.81647,250,22036.474036
-231.40755,250,22039.121575
-206.30571,250,22045.080495
-280.35513,250,22045.080495
-159.874,250,22045.080495
-319.59402,250,22045.080495
-394.2605,250,22045.080495
-323.6264,250,22045.080495
-208.34601,250,22047.726039
-68.51923,250,22053.696604
-285.83878,250,22053.696604
-319.75162,250,22053.696604
-166.34671,250,22053.696604
-576.8151,250,22053.696604
-381.9851,250,22053.696604
-329.27948,250,22056.412748
-300.39142,250,22063.752476
-353.21304,250,22063.752476
-578.32654,250,22063.752476
-306.9306,250,22063.752476
-368.8709,250,22063.752476
-379.8766,250,22063.752476
-193.00937,250,22066.390413
-98.821,250,22072.502975
-306.85782,250,22072.502975
-239.02455,250,22072.502975
-286.02762,250,22072.502975
-132.61473,250,22072.502975
57.32733,250,22072.502975
-242.81168,250,22075.163856
-332.9721,250,22081.312402
-226.10841,250,22081.312402
-200.93065,250,22081.312402
-249.71854,250,22081.312402
-155.22157,250,22081.312402
-327.54233,250,22081.312402
-174.34383,250,22084.04524
-235.0544,250,22090.197773
-229.54039,250,22090.197773
-292.98804,250,22090.197773
-257.03848,250,22090.197773
-145.66342,250,22090.198773
-401.66022,250,22090.198773
-219.15637,250,22093.04179
-361.61075,250,22099.316127
-250.33069,250,22099.316127
-328.8024,250,22099.316127
-174.7741,250,22099.316127
-419.22723,250,22099.317336
-75.02828,250,22099.317336
-203.13353,250,22103.107071
-290.5599,250,22109.21202
-162.0199,250,22109.21202
-143.71461,250,22109.21202
-378.96268,250,22109.21202
5.673669,250,22109.21202
-287.91443,250,22109.21202
-549.5357,250,22111.9425
-352.807,250,22117.992547
-334.43228,250,22117.992547
-337.16595,250,22117.992547
-330.0637,250,22117.992547
-229.3715,250,22117.992547
-240.43433,250,22117.992547
-294.365,250,22120.714442
-139.59,250,22126.716494
-250.29169,250,22126.716494
-296.50388,250,22126.716494
-273.19376,250,22126.716494
-167.75473,250,22126.716494
-218.36871,250,22126.716494
-245.3496,250,22129.384423
-413.34024,250,22135.455308
-143.80083,250,22135.455308
-356.0011,250,22135.455308
-335.58673,250,22135.455308
-273.8133,250,22135.455308
-268.00302,250,22135.455308
-214.29105,250,22139.425845
-321.377,250,22145.443893
-216.9829,250,22145.443893
-353.49118,250,22145.443893
-332.27863,250,22145.443893
-31.139116,250,22145.443893
-221.87547,250,22145.443893
-157.72273,250,22148.170116
-213.12003,250,22154.351694
-292.5192,250,22154.351694
-90.68535,250,22154.351694
-221.2146,250,22154.351694
-334.87564,250,22154.351694
-530.2344,250,22154.351694
-298.09073,250,22157.056844
-190.42435,250,22163.29737
-147.70126,250,22163.29737
-352.55576,250,22163.29737
-364.3758,250,22163.29737
-303.23752,250,22163.29737
-259.04062,250,22163.297893
-389.88058,250,22165.946708
-340.0282,250,22172.098709
-320.95602,250,22172.098709
-202.856,250,22172.098709
-354.9347,250,22172.098709
-349.1386,250,22172.098709
-320.2711,250,22172.098709
-113.72649,250,22176.026993
-162.06395,250,22182.226884
-258.33102,250,22182.227896
-214.7224,250,22182.227896
-484.4488,250,22182.227896
-442.79263,250,22182.227896
-173.18356,250,22182.227896
-213.23851,250,22184.953528
-251.0256,250,22190.971931
-280.34555,250,22190.971931
-317.32214,250,22190.971931
-160.17354,250,22190.971931
-416.0011,250,22190.971931
-122.2256,250,22190.971931
-371.79327,250,22193.558068
-392.93137,250,22199.642936
-59.22254,250,22199.642936
-412.2525,250,22199.642936
-212.06595,250,22199.642936
-252.15532,250,22199.642936
-139.0851,250,22199.642936
-332.68646,250,22202.32575
-345.15335,250,22208.46143
-383.4169,250,22208.46143
-223.20836,250,22208.46143
-320.4441,250,22208.46143
-296.577,250,22208.46143
-188.56848,250,22208.46143
-457.96466,250,22211.226403
-132.83923,250,22218.548486
-201.21986,250,22218.548486
-166.35619,250,22218.548486
-204.56302,250,22218.548486
-327.859,250,22218.548486
-133.58904,250,22218.548486
-153.58936,250,22221.199509
-317.71158,250,22227.518306
-197.93953,250,22227.519304
-273.20773,250,22227.519304
-535.3671,250,22227.519304
-305.35962,250,22227.519304
-328.1764,250,22227.519304
-131.11115,250,22230.074366
-392.75467,250,22236.004799
-209.9515,250,22236.004799
-274.50043,250,22236.004799
-267.6576,250,22236.004799
-470.9979,250,22236.004799
-283.52777,250,22236.004799
-124.73253,250,22238.740368
-438.90656,250,22244.588369
-197.07133,250,22244.588369
-333.0008,250,22244.588369
-236.33276,250,22244.588369
-214.40492,250,22244.588369
-183.29813,250,22244.588369
-411.52112,250,22247.297934
-285.07687,250,22254.570933
-145.98906,250,22254.570933
-435.8581,250,22254.570933
-184.64243,250,22254.570933
-286.77637,250,22254.570933
-316.83588,250,22254.570933
-209.46959,250,22257.156807
-470.7474,250,22263.194363
-234.46854,250,22263.195363
-145.59445,250,22263.195363
-205.13736,250,22263.195363
-259.07593,250,22263.195363
-363.30246,250,22263.195363
-432.78146,250,22265.952699
-460.99918,250,22272.007608
-194.91312,250,22272.007608
-188.02069,250,22272.007608
-239.4858,250,22272.007608
-334.86218,250,22272.007608
-232.3179,250,22272.007608
-284.05518,250,22274.731823
-160.81784,250,22280.858615
-322.2037,250,22280.858615
-380.38132,250,22280.858615
-186.0355,250,22280.858615
-243.15419,250,22280.858615
-471.77744,250,22280.858615
-173.14093,250,22283.500557
-214.08296,250,22290.973121
-81.65315,250,22290.973121
-153.23074,250,22290.973121
-267.86557,250,22290.973121
-223.11638,250,22290.973121
-368.15634,250,22290.973121
-301.3278,250,22293.628507
-128.00243,250,22299.794013
-365.58603,250,22299.794013
-392.4445,250,22299.794013
-294.88437,250,22299.794013
-449.04218,250,22299.794013
-258.0733,250,22299.794013
-393.66122,250,22302.561191
-159.21907,250,22308.903332
-121.47202,250,22308.903332
-325.71744,250,22308.903332
-203.8412,250,22308.903332
-197.21455,250,22308.903332
-211.96394,250,22308.903332
-219.53717,250,22311.536541
-750.52795,250,22317.674765
-280.72858,250,22317.674765
-361.06827,250,22317.674765
-124.84602,250,22317.674765
-197.80797,250,22317.674765
-366.63977,250,22317.674765
-341.6786,250,22320.364815
-82.54505,250,22327.753416
-343.0241,250,22327.753416
-215.35095,250,22327.753416
-444.87662,250,22327.753416
-245.29265,250,22327.753416
-342.06744,250,22327.753416
-245.2374,250,22330.550885
-399.52853,250,22336.55301
-530.4483,250,22336.554028
-329.9389,250,22336.554028
-247.86853,250,22336.554028
-202.04344,250,22336.554028
-438.235,250,22336.554028
-381.35895,250,22339.336581
-304.33804,250,22345.794087
-383.76706,250,22345.794087
-326.8457,250,22345.794087
-96.50161,250,22345.794087
-321.3953,250,22345.794087
-501.749,250,22345.794087
-280.2142,250,22348.588879
-231.68063,250,22354.819246
-173.81662,250,22354.819246
-230.94518,250,22354.819246
-183.7589,250,22354.819246
-379.94254,250,22354.819246
-253.4268,250,22354.819246
-347.55966,250,22357.591566
-301.00806,250,22364.942692
-234.61633,250,22364.942692
-215.63483,250,22364.942692
-570.14905,250,22364.942692
-313.6802,250,22364.942692
-241.86449,250,22364.942692
-225.61296,250,22367.690245
-212.34377,250,22373.824378
-337.1001,250,22373.824378
-311.94864,250,22373.824378
-218.12079,250,22373.824378
-263.63318,250,22373.824378
-334.08936,250,22373.824378
-279.55978,250,22376.440964
-93.038,250,22382.620499
-456.32117,250,22382.620499
-262.35873,250,22382.620499
-368.49255,250,22382.620499
-291.94742,250,22382.620499
-274.97412,250,22382.620499
-289.95657,250,22385.285343
-292.26312,250,22391.453366
-244.31674,250,22391.453366
51.28658,250,22391.453366
-241.899,250,22391.453366
-450.25354,250,22391.453366
-334.67587,250,22391.453366
-229.74016,250,22394.193142
-126.30359,250,22401.693447
-274.0081,250,22401.693447
-347.0142,250,22401.693447
-323.1958,250,22401.693447
-246.0388,250,22401.694468
-258.24664,250,22401.694468
-213.68233,250,22404.338534
-440.5643,250,22410.384854
-123.10529,250,22410.384854
-340.64792,250,22410.384854
-195.68916,250,22410.384854
-101.18497,250,22410.384854
-501.8044,250,22410.384854
-197.31721,250,22413.150428
-312.6399,250,22419.383853
-91.32021,250,22419.383853
-283.72623,250,22419.383853
-182.13625,250,22419.383853
-259.23642,250,22419.383853
-646.6646,250,22419.383853
-236.03691,250,22422.131902
-330.9842,250,22428.239932
-394.7667,250,22428.239932
-292.17053,250,22428.239932
-70.57604,250,22428.239932
-316.01263,250,22428.239932
-398.03543,250,22428.239932
-205.3206,250,22431.038924
-513.3378,250,22438.357158
-304.9797,250,22438.357158
-261.01382,250,22438.357158
-321.12784,250,22438.358171
-140.67569,250,22438.358171
-242.84319,250,22438.358171
-224.67577,250,22440.985248
-58.409416,250,22447.161453
-283.03473,250,22447.161453
-222.61577,250,22447.161453
-231.2316,250,22447.161453
-269.8381,250,22447.161453
-361.05588,250,22447.161453
-355.53207,250,22449.829084
-425.02823,250,22455.984118
-347.7772,250,22455.984118
-218.02391,250,22455.984118
-284.80045,250,22455.984118
-240.3533,250,22455.984118
-386.42944,250,22455.984118
-340.05173,250,22458.629785
-211.30904,250,22464.751493
-141.89159,250,22464.751493
-341.82706,250,22464.751493
-122.561264,250,22464.751493
-266.11166,250,22464.751493
-134.21329,250,22464.751493
-207.52858,250,22467.411299
-20.528618,250,22474.915107
-220.6798,250,22474.915107
-194.49567,250,22474.915107
-658.3005,250,22474.915107
-417.96985,250,22474.915107
-264.90982,250,22474.915107
-373.84103,250,22477.479893
-234.67107,250,22483.530796
-383.7045,250,22483.530796
-304.04852,250,22483.530796
-175.23491,250,22483.530796
-294.92935,250,22483.530796
-322.10507,250,22483.530796
-515.96564,250,22486.202457
-378.56686,250,22492.476665
-245.09688,250,22492.476665
-86.57872,250,22492.476665
-236.72212,250,22492.476665
-344.5836,250,22492.476665
-60.48801,250,22492.476665
-69.92216,250,22495.067548
-375.90567,250,22501.155167
-157.49486,250,22501.155167
-167.47023,250,22501.155167
-294.5647,250,22501.155167
-110.475266,250,22501.155167
-315.23148,250,22501.155167
-366.36743,250,22503.887053
-378.53033,250,22510.216088
-347.93845,250,22510.216088
-356.68564,250,22510.216088
-223.43892,250,22510.216088
-279.81265,250,22510.216088
-190.59541,250,22510.216088
-198.74815,250,22514.167249
-303.0453,250,22520.33634
-276.67297,250,22520.33634
-103.59115,250,22520.33634
-418.20544,250,22520.33634
-431.92938,250,22520.33634
-153.5338,250,22520.33634
-291.79947,250,22522.981501
-141.72693,250,22529.180098
-244.6813,250,22529.181097
-248.57784,250,22529.181097
-251.87039,250,22529.181097
-221.11223,250,22529.181097
-298.62198,250,22529.181097
-228.98392,250,22531.870298
-82.8073,250,22538.009022
-442.0434,250,22538.009022
-296.69687,250,22538.009022
-349.68146,250,22538.009022
-251.50679,250,22538.009022
-279.22128,250,22538.009022
-493.2269,250,22540.646539
-320.18604,250,22546.948523
-240.33064,250,22546.949524
-237.53778,250,22546.949524
-182.405,250,22546.949524
-76.1032,250,22546.949524
-321.93988,250,22546.949524
-350.8877,250,22550.955315
-397.41223,250,22557.400009
-119.24306,250,22557.400009
-336.37393,250,22557.400009
-215.9199,250,22557.400009
-331.59634,250,22557.400009
-296.8503,250,22557.400009
-223.226,250,22560.166222
-177.20184,250,22566.242536
-314.4014,250,22566.242536
-189.35211,250,22566.242536
-82.50855,250,22566.242536
-448.85104,250,22566.242536
-374.3887,250,22566.242536
-246.29887,250,22568.988554
-233.64359,250,22575.158222
-344.71625,250,22575.159229
-416.6413,250,22575.159229
-405.99243,250,22575.159229
-270.25186,250,22575.159229
-143.45006,250,22575.159229
-479.68637,250,22577.803335
-84.23427,250,22583.968316
-281.68,250,22583.968316
-138.90497,250,22583.968316
-189.87312,250,22583.968316
-132.55637,250,22583.968316
-134.46591,250,22583.968316
-245.2303,250,22587.934382
-315.21313,250,22593.826865
-372.42505,250,22593.827408
-158.34962,250,22593.827408
-451.27194,250,22593.827408
-377.6772,250,22593.827408
-216.44125,250,22593.827408
-250.69127,250,22596.562418
-260.393,250,22602.63891
-447.6054,250,22602.63891
-370.1761,250,22602.63891
-268.18423,250,22602.63891
-153.2225,250,22602.63891
-260.10464,250,22602.63891
-179.77031,250,22605.220383
-370.33804,250,22611.301621
-417.40247,250,22611.301621
-293.60065,250,22611.301621
-260.84833,250,22611.301621
-47.217987,250,22611.301621
-189.02174,250,22611.301621
-457.94064,250,22613.893802
-53.48867,250,22620.107915
-234.79668,250,22620.107915
-283.10736,250,22620.107915
-268.14673,250,22620.107915
-318.74503,250,22620.107915
-213.596,250,22620.107915
-380.56387,250,22622.85374
-351.33484,250,22630.503798
-447.96994,250,22630.503798
-294.37567,250,22630.503798
-260.26028,250,22630.503798
-370.09314,250,22630.503798
-200.82265,250,22630.503798
-117.29845,250,22633.120913
-445.4948,250,22639.238107
-277.40323,250,22639.238107
-201.05981,250,22639.238107
-241.51892,250,22639.238107
-509.59863,250,22639.238107
-307.79443,250,22639.238107
-454.89865,250,22641.865499
-153.48848,250,22648.040423
-234.6055,250,22648.040423
-199.94519,250,22648.040423
-362.7893,250,22648.040423
-300.18976,250,22648.040423
-156.84543,250,22648.040423
-217.91383,250,22650.620318
-190.65659,250,22656.721214
-66.3768,250,22656.721214
-478.41226,250,22656.721214
-303.43466,250,22656.721214
-293.31927,250,22656.721214
-361.36673,250,22656.721214
-96.66216,250,22659.738462
-239.65004,250,22667.017394
-292.42126,250,22667.017394
-304.97812,250,22667.017394
-487.62085,250,22667.017394
-228.61856,250,22667.017394
-229.89755,250,22667.017394
-181.51886,250,22669.689821
-84.513275,250,22675.77574
-108.046646,250,22675.77574
-173.76643,250,22675.77574
-457.55374,250,22675.77574
-581.4849,250,22675.77574
-331.8983,250,22675.77574
-352.99478,250,22678.40817
-177.18417,250,22684.597804
-212.85304,250,22684.597804
-432.30505,250,22684.597804
-195.06075,250,22684.597804
-342.42944,250,22684.597804
-122.68321,250,22684.597804
-521.75183,250,22687.316417
-171.05174,250,22693.656272
-201.28938,250,22693.656272
-353.69208,250,22693.656272
-182.98058,250,22693.656272
-180.33086,250,22693.656272
-271.07053,250,22693.656272
-232.52542,250,22696.400804
-292.43823,250,22703.9867
-245.13644,250,22703.9867
-87.606964,250,22703.9867
-247.00137,250,22703.9867
-426.28452,250,22703.9867
-312.65805,250,22703.9867
-252.71048,250,22707.114444
-210.32607,250,22713.732573
-7.5768743,250,22713.732573
-244.92078,250,22713.732573
-113.38853,250,22713.732573
-262.83307,250,22713.732573
-324.2912,250,22713.732573
-266.10553,250,22716.384644
-252.29459,250,22722.63375
-209.94617,250,22722.63375
-309.35544,250,22722.63375
-412.39563,250,22722.63375
-250.70576,250,22722.63375
-239.65056,250,22722.63375
-292.83072,250,22725.278669
-161.02072,250,22731.385633
-427.1029,250,22731.385633
-433.36002,250,22731.385633
-255.39365,250,22731.385633
-34.790894,250,22731.385633
-441.41806,250,22731.385633
-186.92615,250,22733.985336
